resume_text,job_role,education,category,education_requirement,soft_skills_user,required_soft_skills,hard_skills_user,required_hard_skills_user
"education: bachelor's in computer science experience: 2 years skills: market research, maven, java, rest api, spring boot, microservices, statistics, sql",java backend developer,bachelor's in computer science,technology,bachelor's in computer science,"['communication', 'teamwork']","['teamwork', 'communication']","['sql', 'rest api', 'microservices', 'java']","['sql', 'rest api', 'microservices', 'java']"
"education: bachelor's in computer science experience: 0 years skills: mysql, query optimization, symfony, terraform, php, html/css, api development, financial analysis",php developer,bachelor's in computer science,technology,bachelor's in computer science,['financial analysis'],"['financial analysis', 'adaptability']","['mysql', 'php']","['mysql', 'php']"
"education: it certification experience: 5 years skills: ansible, kubernetes, graphic design, scikit-learn, linux, scripting, docker, documentation",devops engineer,information technology certification,technology,bachelor's in computer science,"['problem solving', 'critical thinking']","['problem solving', 'critical thinking']","['linux', 'docker']","['linux', 'docker']"
"education: bachelor's in it experience: 1 years skills: database optimization, security, marketing, sql, mongodb, backup recovery, linux, financial analysis",database administrator,bachelor's in information technology,technology,bachelor's in information technology,['financial analysis'],"['problem solving', 'financial analysis']","['sql', 'linux']","['sql', 'linux']"
"education: networking certification experience: 5 years skills: routing, networking, adobe creative suite, tcp/ip, configuration, cisco, security, flutter",network engineer,networking certification,technology,bachelor's in information technology,"['problem solving', 'communication']","['problem solving', 'teamwork', 'communication']",['networking'],['networking']
"education: it certification experience: 2 years skills: aws, cassandra, ci/cd, java, terraform, react native, linux, kubernetes",devops engineer,information technology certification,technology,bachelor's in computer science,"['collaboration', 'adaptability', 'problem solving']","['problem solving', 'teamwork', 'adaptability']","['linux', 'docker', 'java']","['linux', 'docker']"
"education: qa certification experience: 1 years skills: sql, api testing, manual testing, test automation, react, serverless, mongodb, bug tracking",qa engineer,quality assurance certification,technology,bachelor's in information technology,"['teamwork', 'problem solving']","['teamwork', 'adaptability', 'collaboration']","['sql', 'react']",['sql']
"education: cloud certification experience: 7 years skills: aws, networking, oracle, c#, system design, security, seo, gcp",cloud architect,cloud certification,technology,bachelor's in computer science,"['critical thinking', 'collaboration', 'problem solving']","['problem solving', 'adaptability']","['javascript', 'networking']",['networking']
"education: diploma in it experience: 2 years skills: javascript, ui/ux design, css, html, scrum, kanban, vue.js, react",frontend developer,diploma in information technology,technology,bachelor's in computer science,"['adaptability', 'collaboration', 'problem solving']","['problem solving', 'critical thinking']","['javascript', 'react']","['javascript', 'react']"
"education: bachelor's in computer science experience: 4 years skills: maven, jenkins, java, security architecture, sql, spring boot, microservices, communication",java backend developer,bachelor's in computer science,technology,bachelor's in computer science,"['critical thinking', 'teamwork', 'collaboration']","['problem solving', 'teamwork', 'collaboration']","['sql', 'rest api', 'microservices', 'java']","['sql', 'rest api', 'microservices', 'java']"
"education: bachelor's in computer science experience: 2 years skills: android, flutter, spring boot, maven, microservices, sql, rest api, java",java backend developer,bachelor's in computer science,technology,bachelor's in computer science,"['adaptability', 'problem solving']","['problem solving', 'critical thinking']","['sql', 'rest api', 'microservices', 'java']","['sql', 'rest api', 'microservices', 'java']"
"education: bachelor's in computer science experience: 3 years skills: html, ui/ux design, user interface, vue.js, css, agile, javascript, react",frontend developer,bachelor's in computer science,technology,bachelor's in computer science,"['adaptability', 'communication']","['problem solving', 'adaptability', 'communication']","['javascript', 'react']","['javascript', 'react']"
"education: security certification experience: 2 years skills: aws, security protocols, networking, risk analysis, firewalls, encryption, html, penetration testing",cybersecurity specialist,security certification,technology,bachelor's in cybersecurity,['risk analysis'],['risk analysis'],"['docker', 'networking']",['networking']
"education: diploma in it experience: 4 years skills: ui/ux design, vue.js, node.js, prototyping, css, html, react, javascript",frontend developer,diploma in information technology,technology,bachelor's in computer science,"['teamwork', 'critical thinking']","['teamwork', 'adaptability']","['javascript', 'node.js', 'react']","['javascript', 'react']"
"education: bachelor's in computer science experience: 3 years skills: network security, xcode, rest api, risk assessment, mobile design, c++, wireframing, swift",mobile developer ios,bachelor's in computer science,technology,bachelor's in computer science,"['adaptability', 'problem solving', 'communication']","['problem solving', 'teamwork', 'adaptability', 'communication']",['rest api'],['rest api']
"education: bachelor's in computer science experience: 4 years skills: java, user interface, react native, wireframing, spring boot, power bi, rest api, maven",java backend developer,bachelor's in computer science,technology,bachelor's in computer science,"['teamwork', 'collaboration']","['problem solving', 'teamwork', 'collaboration']","['sql', 'rest api', 'microservices', 'java']","['sql', 'rest api', 'microservices', 'java']"
"education: bachelor's in computer science experience: 4 years skills: kotlin, p&l management, android sdk, rest api, tensorflow, mobile design, xml, java",mobile developer android,bachelor's in computer science,technology,bachelor's in computer science,"['communication', 'critical thinking']","['problem solving', 'communication']","['rest api', 'tensorflow', 'java']","['rest api', 'java']"
"education: bachelor's in computer science experience: 4 years skills: database design, python, perl, api development, sql, java, node.js, serverless",backend developer,bachelor's in computer science,technology,bachelor's in computer science,"['critical thinking', 'teamwork']","['teamwork', 'adaptability', 'critical thinking']","['sql', 'python', 'node.js', 'java']","['sql', 'python', 'node.js', 'java']"
"education: bachelor's in computer science experience: 5 years skills: negotiation, mobile design, ios sdk, swift, rest api, figma, confluence, objective-c",mobile developer ios,bachelor's in computer science,technology,bachelor's in computer science,"['adaptability', 'communication', 'problem solving']","['problem solving', 'teamwork', 'collaboration', 'communication']",['rest api'],['rest api']
"education: bachelor's in it experience: 1 years skills: security, scikit-learn, tcp/ip, networking, graphql, cisco, routing, configuration",network engineer,bachelor's in information technology,technology,bachelor's in information technology,"['adaptability', 'problem solving']","['problem solving', 'critical thinking', 'communication']",['networking'],['networking']
"education: bachelor's in computer science experience: 1 years skills: api development, php, html/css, laravel, marketing, symfony, mysql, rest api",php developer,bachelor's in computer science,technology,bachelor's in computer science,"['collaboration', 'critical thinking']","['critical thinking', 'communication']","['rest api', 'mysql', 'php']","['mysql', 'php']"
"education: bachelor's in it experience: 4 years skills: documentation, networking, configuration, security, routing, cisco, terraform, agile",network engineer,bachelor's in information technology,technology,bachelor's in information technology,"['collaboration', 'teamwork']","['problem solving', 'teamwork', 'collaboration']","['rest api', 'networking']",['networking']
"education: bachelor's in computer science experience: 0 years skills: html/css, api development, adobe creative suite, laravel, database design, php, symfony, mysql",php developer,bachelor's in computer science,technology,bachelor's in computer science,"['collaboration', 'problem solving', 'teamwork']","['problem solving', 'adaptability', 'collaboration']","['mysql', 'php']","['mysql', 'php']"
"education: bachelor's in it experience: 3 years skills: bug tracking, rust, test automation, api testing, selenium, mobile security, manual testing, sql",qa engineer,bachelor's in information technology,technology,bachelor's in information technology,"['adaptability', 'teamwork', 'critical thinking']","['critical thinking', 'communication']",['sql'],['sql']
"education: bachelor's in computer science experience: 4 years skills: scripting, mobile security, docker, kotlin, presentation skills, android, ci/cd, linux",devops engineer,bachelor's in computer science,technology,bachelor's in computer science,"['critical thinking', 'teamwork', 'adaptability']","['teamwork', 'critical thinking', 'collaboration']","['linux', 'docker', 'tensorflow']","['linux', 'docker']"
"education: bachelor's in computer science experience: 0 years skills: python, financial analysis, django, sql, problem solving, rest api, power bi, flask",python developer,bachelor's in computer science,technology,bachelor's in computer science,['financial analysis'],"['financial analysis', 'adaptability']","['sql', 'rest api', 'python']","['sql', 'rest api', 'python']"
"education: diploma in it experience: 4 years skills: html/css, decision making, node.js, seo, database, perl, react, javascript",full stack developer,diploma in information technology,technology,bachelor's in computer science,"['critical thinking', 'problem solving']","['problem solving', 'teamwork', 'adaptability', 'critical thinking']","['javascript', 'node.js', 'react']","['javascript', 'node.js', 'react']"
"education: bootcamp experience: 4 years skills: django, numpy, api integration, mobile security, react, html, redux, css",react developer,bootcamp,technology,bachelor's in computer science,"['adaptability', 'problem solving', 'communication']","['adaptability', 'communication']","['javascript', 'react']","['javascript', 'react']"
"education: networking certification experience: 3 years skills: scikit-learn, java, cisco, security, configuration, routing, networking, tcp/ip",network engineer,networking certification,technology,bachelor's in information technology,"['teamwork', 'adaptability']","['problem solving', 'teamwork', 'adaptability']","['networking', 'java']",['networking']
"education: bachelor's in computer science experience: 2 years skills: html, creativity, vue.js, mobile ui/ux, css, javascript, react, pandas",frontend developer,bachelor's in computer science,technology,bachelor's in computer science,"['communication', 'teamwork', 'problem solving']","['collaboration', 'communication']","['javascript', 'react']","['javascript', 'react']"
"education: bachelor's in computer science experience: 3 years skills: compliance, scikit-learn, encryption, linux, risk management, networking, leadership, security architecture",security engineer,bachelor's in computer science,technology,bachelor's in computer science,"['problem solving', 'adaptability']","['problem solving', 'adaptability', 'critical thinking']","['linux', 'networking']","['linux', 'networking']"
"education: diploma in it experience: 4 years skills: encryption, react, gcp, database, node.js, javascript, git, html/css",full stack developer,diploma in information technology,technology,bachelor's in computer science,"['problem solving', 'critical thinking']","['problem solving', 'teamwork', 'critical thinking', 'collaboration']","['javascript', 'node.js', 'react']","['javascript', 'node.js', 'react']"
"education: bootcamp experience: 2 years skills: terraform, jenkins, css, html, api integration, market research, c++, react",react developer,bootcamp,technology,bachelor's in computer science,"['communication', 'adaptability', 'collaboration']","['problem solving', 'critical thinking', 'collaboration', 'communication']","['javascript', 'react']","['javascript', 'react']"
"education: bachelor's in computer science experience: 3 years skills: kotlin, android sdk, user experience, gcp, xml, seo, rest api, mobile design",mobile developer android,bachelor's in computer science,technology,bachelor's in computer science,"['adaptability', 'problem solving', 'communication']","['problem solving', 'adaptability', 'communication']","['rest api', 'java']","['rest api', 'java']"
"education: bachelor's in computer science experience: 4 years skills: compliance, ios, security architecture, typescript, linux, encryption, risk management, networking",security engineer,bachelor's in computer science,technology,bachelor's in computer science,"['adaptability', 'problem solving', 'communication']","['problem solving', 'critical thinking', 'communication']","['linux', 'networking']","['linux', 'networking']"
"education: bachelor's in computer science experience: 2 years skills: maven, rest api, sql, nosql, typescript, financial analysis, microservices, java",java backend developer,bachelor's in computer science,technology,bachelor's in computer science,['financial analysis'],"['teamwork', 'financial analysis', 'collaboration']","['sql', 'rest api', 'microservices', 'java']","['sql', 'rest api', 'microservices', 'java']"
"education: bachelor's in computer science experience: 4 years skills: react native, hadoop, etl, ruby, spark, data warehousing, business development, sql",data engineer,bachelor's in computer science,technology,bachelor's in computer science,"['collaboration', 'teamwork', 'problem solving']","['problem solving', 'collaboration']","['sql', 'python']","['sql', 'python']"
"education: it certification experience: 5 years skills: agile, mongodb, security, database optimization, penetration testing, linux, sql, backup recovery",database administrator,information technology certification,technology,bachelor's in information technology,"['adaptability', 'teamwork']","['adaptability', 'collaboration']","['sql', 'linux']","['sql', 'linux']"
"education: bachelor's in computer science experience: 5 years skills: security, networking, web accessibility, jira, scrum, teamwork, gcp, azure",cloud architect,bachelor's in computer science,technology,bachelor's in computer science,"['adaptability', 'communication']","['teamwork', 'adaptability', 'communication']",['networking'],['networking']
"education: master's in data science experience: 2 years skills: data analysis, oracle, statistics, python, mentoring, tensorflow, sql, mongodb",data scientist,master's in data science,technology,bachelor's in mathematics,['data analysis'],['data analysis'],"['sql', 'python', 'tensorflow']","['sql', 'python', 'tensorflow']"
"education: it certification experience: 4 years skills: database optimization, firewalls, cloudformation, serverless, mongodb, jenkins, security, aws",database administrator,information technology certification,technology,bachelor's in information technology,"['critical thinking', 'collaboration', 'adaptability']","['adaptability', 'collaboration', 'communication']","['sql', 'linux']","['sql', 'linux']"
"education: bachelor's in engineering experience: 2 years skills: business acumen, c++, problem solving, python, django, perl, query optimization, software design",software engineer,bachelor's in engineering,technology,bachelor's in computer science,['business acumen'],"['problem solving', 'business acumen', 'collaboration']","['python', 'java']","['python', 'java']"
"education: bachelor's in computer science experience: 1 years skills: microservices, marketing, creativity, java, maven, spring boot, rest api, sql",java backend developer,bachelor's in computer science,technology,bachelor's in computer science,"['communication', 'teamwork']","['teamwork', 'collaboration', 'communication']","['sql', 'rest api', 'microservices', 'java']","['sql', 'rest api', 'microservices', 'java']"
"education: bachelor's in it experience: 3 years skills: networking, configuration, tcp/ip, security, android, cisco, routing, tensorflow",network engineer,bachelor's in information technology,technology,bachelor's in information technology,"['critical thinking', 'adaptability']","['adaptability', 'critical thinking']","['networking', 'tensorflow']",['networking']
"education: bachelor's in computer science experience: 1 years skills: rest api, redis, sales, sql, maven, project management, java, graphic design",java backend developer,bachelor's in computer science,technology,bachelor's in computer science,"['problem solving', 'teamwork']","['problem solving', 'teamwork', 'adaptability', 'collaboration']","['sql', 'rest api', 'microservices', 'java']","['sql', 'rest api', 'microservices', 'java']"
"education: bachelor's in it experience: 4 years skills: budget management, windows server, business acumen, troubleshooting, active directory, networking, wireframing, security",systems administrator,bachelor's in information technology,technology,bachelor's in information technology,['business acumen'],"['business acumen', 'collaboration']","['linux', 'networking']","['linux', 'networking']"
"education: it certification experience: 4 years skills: teamwork, statistics, linux, react native, sql, backup recovery, oracle, security",database administrator,information technology certification,technology,bachelor's in information technology,"['problem solving', 'critical thinking']","['problem solving', 'teamwork', 'adaptability', 'critical thinking']","['sql', 'linux']","['sql', 'linux']"
"education: bachelor's in computer science experience: 2 years skills: api development, c#, symfony, html/css, swift, php, laravel, mysql",php developer,bachelor's in computer science,technology,bachelor's in computer science,"['teamwork', 'collaboration']","['critical thinking', 'collaboration']","['mysql', 'php']","['mysql', 'php']"
"education: security certification experience: 5 years skills: problem solving, penetration testing, encryption, firewalls, security protocols, networking, ci/cd, risk analysis",cybersecurity specialist,security certification,technology,bachelor's in cybersecurity,['risk analysis'],['risk analysis'],['networking'],['networking']
"education: bachelor's in computer science experience: 4 years skills: react, vue.js, css, time management, html, agile, ui/ux design, ruby",frontend developer,bachelor's in computer science,technology,bachelor's in computer science,"['critical thinking', 'teamwork', 'adaptability']","['problem solving', 'teamwork', 'adaptability']","['javascript', 'react']","['javascript', 'react']"
"education: bachelor's in computer science experience: 2 years skills: mobile design, rest api, php, xml, power bi, android sdk, java, kotlin",mobile developer android,bachelor's in computer science,technology,bachelor's in computer science,"['communication', 'adaptability']","['teamwork', 'adaptability', 'communication']","['rest api', 'java', 'php']","['rest api', 'java']"
"education: bachelor's in computer science experience: 5 years skills: adobe creative suite, html/css, database, javascript, node.js, statistics, git, project management",full stack developer,bachelor's in computer science,technology,bachelor's in computer science,"['communication', 'problem solving']","['problem solving', 'teamwork', 'communication']","['javascript', 'node.js', 'react']","['javascript', 'node.js', 'react']"
"education: cloud certification experience: 5 years skills: azure, security, networking, kanban, javascript, rust, aws, gcp",cloud architect,cloud certification,technology,bachelor's in computer science,"['teamwork', 'communication']","['teamwork', 'critical thinking', 'communication']","['javascript', 'networking']",['networking']
"education: diploma in it experience: 4 years skills: react, terraform, strategic planning, flask, node.js, javascript, database, git",full stack developer,diploma in information technology,technology,bachelor's in computer science,"['critical thinking', 'teamwork']","['problem solving', 'teamwork', 'critical thinking', 'collaboration']","['javascript', 'node.js', 'react']","['javascript', 'node.js', 'react']"
"education: diploma in it experience: 5 years skills: mentoring, tableau, html/css, documentation, react, critical thinking, database, javascript",full stack developer,diploma in information technology,technology,bachelor's in computer science,"['teamwork', 'collaboration', 'problem solving']","['problem solving', 'critical thinking', 'collaboration']","['javascript', 'node.js', 'react']","['javascript', 'node.js', 'react']"
"education: bachelor's in computer science experience: 5 years skills: security, aws, system design, javascript, android, financial analysis, gcp, networking",cloud architect,bachelor's in computer science,technology,bachelor's in computer science,['financial analysis'],"['financial analysis', 'critical thinking']","['javascript', 'networking']",['networking']
"education: bachelor's in mathematics experience: 3 years skills: tensorflow, sql, statistics, machine learning, wireframing, data analysis, scala, python",data scientist,bachelor's in mathematics,technology,bachelor's in mathematics,['data analysis'],['data analysis'],"['sql', 'python', 'tensorflow']","['sql', 'python', 'tensorflow']"
"education: bachelor's in computer science experience: 5 years skills: cloudformation, network security, vue.js, node.js, java, api development, python, sql",backend developer,bachelor's in computer science,technology,bachelor's in computer science,"['adaptability', 'critical thinking']","['teamwork', 'adaptability', 'critical thinking']","['sql', 'python', 'node.js', 'java']","['sql', 'python', 'node.js', 'java']"
"education: security certification experience: 3 years skills: creativity, firewalls, encryption, aws, networking, python, penetration testing, risk analysis",cybersecurity specialist,security certification,technology,bachelor's in cybersecurity,['risk analysis'],['risk analysis'],"['python', 'networking']",['networking']
"education: bachelor's in computer science experience: 1 years skills: git, html/css, database, react, technical writing, mobile ui/ux, javascript, node.js",full stack developer,bachelor's in computer science,technology,bachelor's in computer science,"['collaboration', 'problem solving']","['problem solving', 'adaptability', 'collaboration', 'communication']","['javascript', 'node.js', 'react']","['javascript', 'node.js', 'react']"
"education: bachelor's in it experience: 3 years skills: oracle, active directory, networking, linux, troubleshooting, windows server, microservices, user interface",systems administrator,bachelor's in information technology,technology,bachelor's in information technology,"['critical thinking', 'adaptability', 'teamwork']","['teamwork', 'adaptability', 'critical thinking']","['linux', 'networking', 'microservices']","['linux', 'networking']"
"education: bachelor's in computer science experience: 3 years skills: figma, java, sql, rest api, python, financial analysis, maven, microservices",java backend developer,bachelor's in computer science,technology,bachelor's in computer science,['financial analysis'],"['problem solving', 'financial analysis']","['sql', 'rest api', 'python', 'microservices', 'java']","['sql', 'rest api', 'microservices', 'java']"
"education: bachelor's in it experience: 3 years skills: responsive design, routing, networking, security, configuration, app testing, tcp/ip, kubernetes",network engineer,bachelor's in information technology,technology,bachelor's in information technology,"['collaboration', 'communication', 'problem solving']","['problem solving', 'adaptability', 'collaboration', 'communication']",['networking'],['networking']
"education: bachelor's in computer science experience: 5 years skills: docker, aws, scripting, ci/cd, adaptability, angular, postgresql, linux",devops engineer,bachelor's in computer science,technology,bachelor's in computer science,"['communication', 'problem solving', 'collaboration']","['collaboration', 'communication']","['linux', 'docker']","['linux', 'docker']"
"education: bachelor's in computer science experience: 7 years skills: azure, rest api, networking, aws, security, angular, system design, gcp",cloud architect,bachelor's in computer science,technology,bachelor's in computer science,"['adaptability', 'communication', 'collaboration']","['adaptability', 'critical thinking', 'communication']","['sql', 'rest api', 'networking']",['networking']
"education: bachelor's in computer science experience: 2 years skills: etl, hadoop, react, spark, react native, postgresql, agile, seo",data engineer,bachelor's in computer science,technology,bachelor's in computer science,"['problem solving', 'communication', 'teamwork']","['problem solving', 'teamwork', 'critical thinking']","['sql', 'python', 'react']","['sql', 'python']"
"education: master's in data science experience: 3 years skills: machine learning, perl, statistics, business acumen, data analysis, tensorflow, javascript, python",data scientist,master's in data science,technology,bachelor's in mathematics,"['business acumen', 'data analysis']",['data analysis'],"['sql', 'python', 'javascript', 'tensorflow']","['sql', 'python', 'tensorflow']"
"education: bachelor's in it experience: 2 years skills: active directory, troubleshooting, flask, networking, security, linux, windows server, jenkins",systems administrator,bachelor's in information technology,technology,bachelor's in information technology,"['adaptability', 'problem solving']","['problem solving', 'teamwork', 'adaptability', 'critical thinking']","['linux', 'networking']","['linux', 'networking']"
"education: bachelor's in computer science experience: 2 years skills: java, rest api, tensorflow, android sdk, xml, kotlin, aws, mobile design",mobile developer android,bachelor's in computer science,technology,bachelor's in computer science,"['teamwork', 'adaptability']","['teamwork', 'critical thinking']","['rest api', 'tensorflow', 'java']","['rest api', 'java']"
"education: bachelor's in computer science experience: 1 years skills: react, adaptability, swift, agile, graphic design, sql, xcode, ios sdk",mobile developer ios,bachelor's in computer science,technology,bachelor's in computer science,"['problem solving', 'communication']","['problem solving', 'critical thinking', 'communication']","['sql', 'rest api', 'react']",['rest api']
"education: bachelor's in computer science experience: 1 years skills: python, css, django, rest api, sql, problem solving, flask, decision making",python developer,bachelor's in computer science,technology,bachelor's in computer science,"['critical thinking', 'communication']","['critical thinking', 'collaboration']","['sql', 'rest api', 'python']","['sql', 'rest api', 'python']"
"education: bachelor's in mathematics experience: 3 years skills: sql, documentation, data analysis, business acumen, statistics, machine learning, sales, budget management",data scientist,bachelor's in mathematics,technology,bachelor's in mathematics,"['business acumen', 'data analysis']",['data analysis'],"['sql', 'python', 'tensorflow']","['sql', 'python', 'tensorflow']"
"education: it certification experience: 3 years skills: serverless, ci/cd, aws, docker, scripting, cloudformation, kubernetes, linux",devops engineer,information technology certification,technology,bachelor's in computer science,"['critical thinking', 'collaboration']","['teamwork', 'critical thinking', 'collaboration', 'communication']","['linux', 'docker']","['linux', 'docker']"
"education: bachelor's in computer science experience: 1 years skills: maven, microservices, spring boot, java, rest api, sql, creativity, business acumen",java backend developer,bachelor's in computer science,technology,bachelor's in computer science,['business acumen'],"['problem solving', 'business acumen', 'collaboration']","['sql', 'rest api', 'microservices', 'java']","['sql', 'rest api', 'microservices', 'java']"
"education: bachelor's in cybersecurity experience: 4 years skills: mentoring, security protocols, ci/cd, firewalls, encryption, azure, mobile ui/ux, networking",cybersecurity specialist,bachelor's in cybersecurity,technology,bachelor's in cybersecurity,['risk analysis'],['risk analysis'],['networking'],['networking']
"education: bachelor's in computer science experience: 3 years skills: java, microservices, technical writing, spring boot, rest api, sql, teamwork, maven",java backend developer,bachelor's in computer science,technology,bachelor's in computer science,"['collaboration', 'problem solving', 'communication']","['adaptability', 'communication']","['sql', 'rest api', 'microservices', 'java']","['sql', 'rest api', 'microservices', 'java']"
"education: bachelor's in computer science experience: 5 years skills: mobile design, java, kotlin, c++, android sdk, rest api, encryption, css",mobile developer android,bachelor's in computer science,technology,bachelor's in computer science,"['adaptability', 'communication']","['adaptability', 'critical thinking']","['rest api', 'java']","['rest api', 'java']"
"education: bachelor's in computer science experience: 1 years skills: html, sql, power bi, rest api, problem solving, java, spring boot, maven",java backend developer,bachelor's in computer science,technology,bachelor's in computer science,"['collaboration', 'teamwork']","['problem solving', 'teamwork', 'adaptability', 'collaboration']","['sql', 'rest api', 'microservices', 'java']","['sql', 'rest api', 'microservices', 'java']"
"education: bachelor's in computer science experience: 3 years skills: perl, sql, business development, firewalls, django, python, rest api, flask",python developer,bachelor's in computer science,technology,bachelor's in computer science,"['critical thinking', 'teamwork']","['problem solving', 'adaptability', 'critical thinking']","['sql', 'rest api', 'python']","['sql', 'rest api', 'python']"
"education: bachelor's in computer science experience: 5 years skills: xml, kotlin, java, mobile design, teamwork, rest api, scrum, oracle",mobile developer android,bachelor's in computer science,technology,bachelor's in computer science,"['critical thinking', 'adaptability']","['problem solving', 'critical thinking']","['rest api', 'java']","['rest api', 'java']"
"education: it certification experience: 3 years skills: ios, security, troubleshooting, statistics, windows server, networking, active directory, html",systems administrator,information technology certification,technology,bachelor's in information technology,"['problem solving', 'collaboration']","['problem solving', 'teamwork', 'collaboration', 'communication']","['linux', 'networking']","['linux', 'networking']"
"education: bachelor's in cybersecurity experience: 6 years skills: css, firewalls, security protocols, penetration testing, risk analysis, encryption, gcp, react",cybersecurity specialist,bachelor's in cybersecurity,technology,bachelor's in cybersecurity,['risk analysis'],['risk analysis'],"['networking', 'react']",['networking']
"education: bachelor's in computer science experience: 6 years skills: pandas, scripting, kubernetes, ci/cd, linux, docker, aws, scrum",devops engineer,bachelor's in computer science,technology,bachelor's in computer science,"['teamwork', 'communication', 'collaboration']","['problem solving', 'teamwork', 'collaboration', 'communication']","['linux', 'docker', 'node.js', 'microservices']","['linux', 'docker']"
"education: bachelor's in computer science experience: 5 years skills: spring boot, sql, rest api, java, financial analysis, mentoring, maven, kanban",java backend developer,bachelor's in computer science,technology,bachelor's in computer science,['financial analysis'],"['teamwork', 'financial analysis', 'adaptability']","['sql', 'rest api', 'microservices', 'java']","['sql', 'rest api', 'microservices', 'java']"
"education: bachelor's in computer science experience: 5 years skills: java, docker, rest api, web accessibility, time management, spring boot, microservices, maven",java backend developer,bachelor's in computer science,technology,bachelor's in computer science,"['communication', 'collaboration', 'teamwork']","['teamwork', 'collaboration', 'communication']","['sql', 'rest api', 'docker', 'microservices', 'java']","['sql', 'rest api', 'microservices', 'java']"
"education: bachelor's in computer science experience: 5 years skills: java, serverless, rest api, statistics, mobile design, go, xml, kotlin",mobile developer android,bachelor's in computer science,technology,bachelor's in computer science,"['problem solving', 'teamwork']","['problem solving', 'adaptability', 'communication']","['rest api', 'java']","['rest api', 'java']"
"education: bachelor's in computer science experience: 2 years skills: strategic planning, node.js, javascript, adaptability, jira, react, html/css, database",full stack developer,bachelor's in computer science,technology,bachelor's in computer science,"['teamwork', 'problem solving', 'communication']","['problem solving', 'teamwork', 'collaboration', 'communication']","['rest api', 'javascript', 'node.js', 'react']","['javascript', 'node.js', 'react']"
"education: bachelor's in computer science experience: 2 years skills: mobile design, scrum, kotlin, rest api, android sdk, tensorflow, java, xml",mobile developer android,bachelor's in computer science,technology,bachelor's in computer science,"['communication', 'problem solving', 'collaboration']","['teamwork', 'collaboration', 'communication']","['rest api', 'tensorflow', 'java']","['rest api', 'java']"
"education: bachelor's in computer science experience: 3 years skills: compliance, laravel, nosql, html/css, mysql, symfony, api development, php",php developer,bachelor's in computer science,technology,bachelor's in computer science,"['communication', 'problem solving', 'teamwork']","['critical thinking', 'communication']","['mysql', 'php']","['mysql', 'php']"
"education: security certification experience: 5 years skills: responsive design, vue.js, risk management, networking, business development, angular, statistics, security architecture",security engineer,security certification,technology,bachelor's in computer science,"['collaboration', 'communication', 'critical thinking']","['problem solving', 'critical thinking']","['linux', 'networking']","['linux', 'networking']"
"education: bachelor's in computer science experience: 3 years skills: java, api development, react, mobile security, node.js, sql, communication, python",backend developer,bachelor's in computer science,technology,bachelor's in computer science,"['adaptability', 'collaboration']","['critical thinking', 'collaboration']","['sql', 'python', 'node.js', 'react', 'java']","['sql', 'python', 'node.js', 'java']"
"education: bachelor's in mathematics experience: 4 years skills: graphic design, python, sql, web design, data analysis, java, tensorflow, machine learning",data scientist,bachelor's in mathematics,technology,bachelor's in mathematics,['data analysis'],['data analysis'],"['sql', 'python', 'tensorflow', 'java']","['sql', 'python', 'tensorflow']"
"education: bachelor's in computer science experience: 1 years skills: machine learning, mobile design, xml, flask, rest api, android sdk, java, kotlin",mobile developer android,bachelor's in computer science,technology,bachelor's in computer science,"['adaptability', 'teamwork']","['problem solving', 'teamwork', 'adaptability']","['rest api', 'java']","['rest api', 'java']"
"education: networking certification experience: 1 years skills: cisco, r, networking, python, configuration, budget management, security, tcp/ip",network engineer,networking certification,technology,bachelor's in information technology,"['problem solving', 'adaptability', 'teamwork']","['problem solving', 'adaptability', 'communication']","['python', 'networking']",['networking']
"education: bachelor's in computer science experience: 2 years skills: go, react native, data warehousing, python, spark, etl, sql, hadoop",data engineer,bachelor's in computer science,technology,bachelor's in computer science,"['critical thinking', 'teamwork']","['problem solving', 'teamwork', 'adaptability', 'critical thinking']","['sql', 'python', 'javascript']","['sql', 'python']"
"education: bachelor's in computer science experience: 1 years skills: rest api, api development, laravel, php, wireframing, symfony, pandas, mysql",php developer,bachelor's in computer science,technology,bachelor's in computer science,"['critical thinking', 'communication', 'collaboration']","['teamwork', 'collaboration', 'communication']","['rest api', 'mysql', 'php']","['mysql', 'php']"
"education: bachelor's in computer science experience: 4 years skills: pandas, postgresql, symfony, html/css, time management, api development, mysql, laravel",php developer,bachelor's in computer science,technology,bachelor's in computer science,"['collaboration', 'teamwork']","['problem solving', 'teamwork', 'collaboration']","['mysql', 'php']","['mysql', 'php']"
"education: bachelor's in computer science experience: 1 years skills: microservices, java, spring boot, azure, maven, sql, rest api, docker",java backend developer,bachelor's in computer science,technology,bachelor's in computer science,"['critical thinking', 'adaptability', 'collaboration']","['problem solving', 'teamwork', 'adaptability', 'collaboration']","['sql', 'rest api', 'docker', 'microservices', 'java']","['sql', 'rest api', 'microservices', 'java']"
"education: it certification experience: 5 years skills: linux, business development, penetration testing, aws, p&l management, negotiation, ci/cd, kubernetes",devops engineer,information technology certification,technology,bachelor's in computer science,"['collaboration', 'problem solving']","['problem solving', 'collaboration', 'communication']","['linux', 'docker']","['linux', 'docker']"
"education: bachelor's in it experience: 3 years skills: sql, manual testing, selenium, bug tracking, mobile ui/ux, api testing, prototyping, jupyter",qa engineer,bachelor's in information technology,technology,bachelor's in information technology,['financial analysis'],"['financial analysis', 'critical thinking']",['sql'],['sql']
"education: bachelor's in computer science experience: 1 years skills: maven, rest api, jira, sql, microservices, java, scrum, spring boot",java backend developer,bachelor's in computer science,technology,bachelor's in computer science,"['adaptability', 'critical thinking', 'teamwork']","['adaptability', 'critical thinking', 'collaboration', 'communication']","['sql', 'rest api', 'microservices', 'java']","['sql', 'rest api', 'microservices', 'java']"
"education: bachelor's in computer science experience: 4 years skills: javascript, linux, encryption, security architecture, risk management, project management, typescript, networking",security engineer,bachelor's in computer science,technology,bachelor's in computer science,"['critical thinking', 'teamwork', 'adaptability']","['problem solving', 'adaptability', 'critical thinking']","['linux', 'javascript', 'networking']","['linux', 'networking']"
"education: bachelor's in computer science experience: 4 years skills: problem solving, git, software design, c++, python, gcp, java, rust",software engineer,bachelor's in computer science,technology,bachelor's in computer science,"['problem solving', 'teamwork']","['problem solving', 'teamwork', 'collaboration', 'communication']","['python', 'java']","['python', 'java']"
"education: bachelor's in computer science experience: 1 years skills: sql, java, spring boot, rest api, maven, azure, microservices, scala",java backend developer,bachelor's in computer science,technology,bachelor's in computer science,"['collaboration', 'problem solving']","['problem solving', 'collaboration', 'communication']","['sql', 'rest api', 'microservices', 'java']","['sql', 'rest api', 'microservices', 'java']"
"education: bachelor's in computer science experience: 3 years skills: project management, mobile design, xcode, penetration testing, objective-c, rest api, javascript, presentation skills",mobile developer ios,bachelor's in computer science,technology,bachelor's in computer science,"['critical thinking', 'problem solving']","['problem solving', 'teamwork', 'critical thinking', 'collaboration']","['rest api', 'javascript']",['rest api']
"education: bachelor's in computer science experience: 2 years skills: mobile design, kotlin, java, android, redis, rest api, android sdk, sales",mobile developer android,bachelor's in computer science,technology,bachelor's in computer science,"['collaboration', 'adaptability']","['adaptability', 'collaboration']","['rest api', 'java']","['rest api', 'java']"
"education: networking certification experience: 5 years skills: financial analysis, configuration, routing, teamwork, confluence, networking, cisco, tcp/ip",network engineer,networking certification,technology,bachelor's in information technology,['financial analysis'],"['problem solving', 'financial analysis', 'critical thinking']",['networking'],['networking']
"education: bachelor's in computer science experience: 1 years skills: wireframing, vue.js, javascript, css, ui/ux design, react, jenkins, html",frontend developer,bachelor's in computer science,technology,bachelor's in computer science,"['collaboration', 'adaptability']","['adaptability', 'critical thinking', 'collaboration']","['javascript', 'react']","['javascript', 'react']"
"education: bachelor's in computer science experience: 4 years skills: php, strategic planning, scrum, laravel, mysql, html/css, api development, decision making",php developer,bachelor's in computer science,technology,bachelor's in computer science,"['critical thinking', 'teamwork', 'adaptability']","['adaptability', 'critical thinking']","['mysql', 'php']","['mysql', 'php']"
"education: bachelor's in computer science experience: 0 years skills: php, laravel, html/css, rust, terraform, api development, business acumen, symfony",php developer,bachelor's in computer science,technology,bachelor's in computer science,['business acumen'],"['problem solving', 'business acumen']","['mysql', 'php']","['mysql', 'php']"
"education: cloud certification experience: 4 years skills: networking, security, system design, risk assessment, gcp, teamwork, azure, aws",cloud architect,cloud certification,technology,bachelor's in computer science,"['teamwork', 'communication', 'adaptability']","['adaptability', 'collaboration', 'communication']",['networking'],['networking']
"education: bachelor's in computer science experience: 2 years skills: html/css, database, git, javascript, marketing, mentoring, node.js, sales",full stack developer,bachelor's in computer science,technology,bachelor's in computer science,"['communication', 'teamwork']","['problem solving', 'teamwork', 'communication']","['javascript', 'node.js', 'react']","['javascript', 'node.js', 'react']"
"education: it certification experience: 3 years skills: security, windows server, troubleshooting, business acumen, networking, active directory, cloudformation, linux",systems administrator,information technology certification,technology,bachelor's in information technology,['business acumen'],"['business acumen', 'teamwork']","['linux', 'networking']","['linux', 'networking']"
"education: bachelor's in it experience: 2 years skills: sql, database optimization, backup recovery, security, linux, mongodb, penetration testing, gcp",database administrator,bachelor's in information technology,technology,bachelor's in information technology,"['adaptability', 'problem solving']","['problem solving', 'teamwork', 'adaptability']","['sql', 'linux']","['sql', 'linux']"
"education: bachelor's in computer science experience: 2 years skills: kanban, confluence, mongodb, api integration, javascript, network security, responsive design, redux",react developer,bachelor's in computer science,technology,bachelor's in computer science,"['communication', 'problem solving']","['problem solving', 'collaboration', 'communication']","['javascript', 'react']","['javascript', 'react']"
"education: bachelor's in computer science experience: 5 years skills: statistics, networking, security, ci/cd, aws, gcp, system design, penetration testing",cloud architect,bachelor's in computer science,technology,bachelor's in computer science,"['collaboration', 'critical thinking']","['critical thinking', 'collaboration', 'communication']",['networking'],['networking']
"education: networking certification experience: 4 years skills: tcp/ip, ios, security, java, cisco, serverless, routing, networking",network engineer,networking certification,technology,bachelor's in information technology,"['teamwork', 'communication', 'collaboration']","['teamwork', 'collaboration', 'communication']","['networking', 'java']",['networking']
"education: bachelor's in computer science experience: 4 years skills: react, html, android, javascript, ui/ux design, vue.js, scala, css",frontend developer,bachelor's in computer science,technology,bachelor's in computer science,"['collaboration', 'problem solving']","['problem solving', 'collaboration']","['javascript', 'react']","['javascript', 'react']"
"education: master's in data science experience: 4 years skills: tensorflow, data analysis, statistics, machine learning, react, mobile ui/ux, python, sql",data scientist,master's in data science,technology,bachelor's in mathematics,['data analysis'],['data analysis'],"['sql', 'python', 'tensorflow', 'react']","['sql', 'python', 'tensorflow']"
"education: bachelor's in computer science experience: 0 years skills: jupyter, symfony, kotlin, php, microservices, html/css, pytorch, mysql",php developer,bachelor's in computer science,technology,bachelor's in computer science,"['teamwork', 'collaboration', 'adaptability']","['teamwork', 'adaptability', 'critical thinking', 'collaboration']","['mysql', 'microservices', 'php']","['mysql', 'php']"
"education: qa certification experience: 2 years skills: bug tracking, manual testing, angular, sql, swift, selenium, api testing, test automation",qa engineer,quality assurance certification,technology,bachelor's in information technology,"['teamwork', 'collaboration', 'communication']","['problem solving', 'critical thinking', 'collaboration']",['sql'],['sql']
"education: bachelor's in cybersecurity experience: 6 years skills: redis, security protocols, prototyping, jupyter, risk analysis, networking, firewalls, encryption",cybersecurity specialist,bachelor's in cybersecurity,technology,bachelor's in cybersecurity,['risk analysis'],['risk analysis'],['networking'],['networking']
"education: bachelor's in computer science experience: 1 years skills: rest api, java, xml, p&l management, android sdk, encryption, mobile design, kotlin",mobile developer android,bachelor's in computer science,technology,bachelor's in computer science,"['adaptability', 'communication', 'critical thinking']","['critical thinking', 'collaboration']","['rest api', 'java']","['rest api', 'java']"
"education: security certification experience: 5 years skills: market research, compliance, security architecture, networking, security protocols, angular, encryption, kotlin",security engineer,security certification,technology,bachelor's in computer science,"['communication', 'collaboration']","['critical thinking', 'collaboration']","['linux', 'networking']","['linux', 'networking']"
"education: bachelor's in computer science experience: 2 years skills: jira, financial analysis, ansible, html/css, figma, symfony, mysql, laravel",php developer,bachelor's in computer science,technology,bachelor's in computer science,['financial analysis'],"['problem solving', 'financial analysis', 'communication']","['mysql', 'php']","['mysql', 'php']"
"education: it certification experience: 5 years skills: linux, scripting, ci/cd, aws, kubernetes, jira, docker, typescript",devops engineer,information technology certification,technology,bachelor's in computer science,"['collaboration', 'adaptability', 'communication']","['problem solving', 'adaptability', 'collaboration', 'communication']","['linux', 'docker']","['linux', 'docker']"
"education: bachelor's in computer science experience: 3 years skills: aws, flask, linux, angular, scripting, adobe creative suite, kubernetes, sales",devops engineer,bachelor's in computer science,technology,bachelor's in computer science,"['critical thinking', 'communication', 'teamwork']","['teamwork', 'adaptability', 'critical thinking', 'communication']","['linux', 'docker']","['linux', 'docker']"
"education: bachelor's in computer science experience: 8 years skills: python, shell scripting, aws, flutter, gcp, azure, networking, system design",cloud architect,bachelor's in computer science,technology,bachelor's in computer science,"['adaptability', 'critical thinking']","['problem solving', 'adaptability', 'critical thinking']","['rest api', 'python', 'networking']",['networking']
"education: bachelor's in it experience: 1 years skills: troubleshooting, rest api, security, linux, active directory, windows server, pandas, jira",systems administrator,bachelor's in information technology,technology,bachelor's in information technology,"['teamwork', 'collaboration']","['teamwork', 'adaptability', 'collaboration']","['rest api', 'linux', 'networking']","['linux', 'networking']"
"education: bachelor's in cybersecurity experience: 3 years skills: encryption, networking, penetration testing, firewalls, risk analysis, security protocols, adaptability, python",cybersecurity specialist,bachelor's in cybersecurity,technology,bachelor's in cybersecurity,['risk analysis'],['risk analysis'],"['python', 'networking']",['networking']
"education: security certification experience: 3 years skills: networking, compliance, encryption, firewalls, numpy, user experience, linux, mobile security",security engineer,security certification,technology,bachelor's in computer science,"['collaboration', 'adaptability']","['problem solving', 'adaptability']","['linux', 'networking']","['linux', 'networking']"
"education: bachelor's in computer science experience: 3 years skills: laravel, firewalls, react native, kanban, html/css, symfony, time management, api development",php developer,bachelor's in computer science,technology,bachelor's in computer science,"['problem solving', 'adaptability', 'collaboration']","['critical thinking', 'collaboration', 'communication']","['mysql', 'php']","['mysql', 'php']"
"education: bachelor's in computer science experience: 4 years skills: user experience, javascript, react, html, redux, api integration, css, numpy",react developer,bachelor's in computer science,technology,bachelor's in computer science,"['teamwork', 'problem solving']","['problem solving', 'adaptability', 'critical thinking']","['javascript', 'microservices', 'react']","['javascript', 'react']"
"education: diploma in it experience: 0 years skills: react, azure, ui/ux design, html, vue.js, p&l management, mobile ui/ux, javascript",frontend developer,diploma in information technology,technology,bachelor's in computer science,"['problem solving', 'teamwork', 'communication']","['problem solving', 'teamwork', 'communication']","['rest api', 'javascript', 'react']","['javascript', 'react']"
"education: security certification experience: 2 years skills: compliance, networking, react, risk management, encryption, linux, security architecture, typescript",security engineer,security certification,technology,bachelor's in computer science,"['adaptability', 'critical thinking']","['adaptability', 'critical thinking']","['linux', 'networking', 'react']","['linux', 'networking']"
"education: bachelor's in computer science experience: 5 years skills: networking, encryption, risk management, ci/cd, confluence, linux, statistics, rest api",security engineer,bachelor's in computer science,technology,bachelor's in computer science,"['collaboration', 'teamwork', 'problem solving']","['teamwork', 'critical thinking', 'collaboration']","['rest api', 'linux', 'networking']","['linux', 'networking']"
"education: bachelor's in computer science experience: 4 years skills: problem solving, financial analysis, git, java, software design, scikit-learn, strategic planning, c++",software engineer,bachelor's in computer science,technology,bachelor's in computer science,['financial analysis'],"['teamwork', 'financial analysis']","['python', 'java']","['python', 'java']"
"education: bachelor's in computer science experience: 4 years skills: django, business development, critical thinking, python, shell scripting, rest api, sql, problem solving",python developer,bachelor's in computer science,technology,bachelor's in computer science,"['adaptability', 'critical thinking', 'communication']","['problem solving', 'teamwork', 'adaptability', 'critical thinking']","['sql', 'rest api', 'python', 'javascript']","['sql', 'rest api', 'python']"
"education: bootcamp experience: 4 years skills: css, react, api integration, javascript, html, time management, financial analysis, docker",react developer,bootcamp,technology,bachelor's in computer science,['financial analysis'],"['problem solving', 'financial analysis', 'communication']","['javascript', 'docker', 'react']","['javascript', 'react']"
"education: bachelor's in computer science experience: 2 years skills: javascript, html, api integration, jenkins, redux, risk assessment, security architecture, react",react developer,bachelor's in computer science,technology,bachelor's in computer science,"['critical thinking', 'problem solving']","['problem solving', 'critical thinking']","['javascript', 'react']","['javascript', 'react']"
"education: bachelor's in cybersecurity experience: 5 years skills: jenkins, risk analysis, networking, encryption, penetration testing, deep learning, mobile ui/ux, security protocols",cybersecurity specialist,bachelor's in cybersecurity,technology,bachelor's in cybersecurity,['risk analysis'],['risk analysis'],['networking'],['networking']
"education: bachelor's in it experience: 3 years skills: mongodb, database optimization, creativity, backup recovery, sql, ansible, security, linux",database administrator,bachelor's in information technology,technology,bachelor's in information technology,"['problem solving', 'teamwork', 'communication']","['problem solving', 'critical thinking', 'communication']","['sql', 'linux']","['sql', 'linux']"
"education: bachelor's in computer science experience: 1 years skills: sql, python, spark, numpy, nosql, data warehousing, hadoop, etl",data engineer,bachelor's in computer science,technology,bachelor's in computer science,"['teamwork', 'adaptability']","['teamwork', 'adaptability', 'critical thinking']","['sql', 'python']","['sql', 'python']"
"education: security certification experience: 6 years skills: firewalls, risk analysis, penetration testing, machine learning, encryption, html, security protocols, project management",cybersecurity specialist,security certification,technology,bachelor's in cybersecurity,['risk analysis'],['risk analysis'],['networking'],['networking']
"education: it certification experience: 3 years skills: kubernetes, ci/cd, linux, kanban, scripting, docker, aws, penetration testing",devops engineer,information technology certification,technology,bachelor's in computer science,"['teamwork', 'communication']","['teamwork', 'critical thinking', 'communication']","['linux', 'docker']","['linux', 'docker']"
"education: bachelor's in computer science experience: 4 years skills: problem solving, responsive design, software design, seo, java, penetration testing, c++, python",software engineer,bachelor's in computer science,technology,bachelor's in computer science,"['collaboration', 'critical thinking', 'problem solving']","['adaptability', 'critical thinking', 'collaboration', 'communication']","['python', 'java']","['python', 'java']"
"education: bachelor's in computer science experience: 4 years skills: azure, data analysis, gcp, ios, django, networking, system design, security",cloud architect,bachelor's in computer science,technology,bachelor's in computer science,['data analysis'],"['problem solving', 'communication', 'data analysis']",['networking'],['networking']
"education: bootcamp experience: 0 years skills: html, css, javascript, r, react, wireframing, typescript, api integration",react developer,bootcamp,technology,bachelor's in computer science,"['collaboration', 'adaptability']","['problem solving', 'adaptability', 'critical thinking', 'collaboration']","['javascript', 'react']","['javascript', 'react']"
"education: it certification experience: 1 years skills: statistics, backup recovery, seo, security, database optimization, sales, mongodb, linux",database administrator,information technology certification,technology,bachelor's in information technology,"['critical thinking', 'communication']","['teamwork', 'adaptability', 'critical thinking', 'communication']","['sql', 'linux']","['sql', 'linux']"
"education: bachelor's in computer science experience: 5 years skills: rest api, xcode, sql, objective-c, mobile design, scala, ios sdk, tableau",mobile developer ios,bachelor's in computer science,technology,bachelor's in computer science,"['adaptability', 'teamwork']","['problem solving', 'teamwork', 'collaboration']","['sql', 'rest api']",['rest api']
"education: it certification experience: 2 years skills: backup recovery, mongodb, linux, database optimization, jupyter, security, php, sql",database administrator,information technology certification,technology,bachelor's in information technology,"['adaptability', 'teamwork', 'collaboration']","['problem solving', 'adaptability', 'collaboration']","['sql', 'linux', 'php']","['sql', 'linux']"
"education: networking certification experience: 3 years skills: nosql, networking, security protocols, routing, project management, p&l management, cisco, configuration",network engineer,networking certification,technology,bachelor's in information technology,"['critical thinking', 'problem solving', 'communication']","['critical thinking', 'collaboration', 'communication']",['networking'],['networking']
"education: bachelor's in engineering experience: 1 years skills: terraform, numpy, python, problem solving, java, git, gcp, c++",software engineer,bachelor's in engineering,technology,bachelor's in computer science,"['teamwork', 'adaptability', 'critical thinking']","['critical thinking', 'communication']","['python', 'java']","['python', 'java']"
"education: bachelor's in computer science experience: 4 years skills: css, scala, javascript, redux, seo, react, api integration, scrum",react developer,bachelor's in computer science,technology,bachelor's in computer science,['business acumen'],"['business acumen', 'collaboration']","['javascript', 'react']","['javascript', 'react']"
"education: bachelor's in computer science experience: 4 years skills: html, problem solving, javascript, graphql, react, api integration, risk assessment, css",react developer,bachelor's in computer science,technology,bachelor's in computer science,"['problem solving', 'communication']","['problem solving', 'teamwork', 'adaptability']","['javascript', 'react']","['javascript', 'react']"
"education: networking certification experience: 2 years skills: tcp/ip, cisco, security, teamwork, networking, security architecture, node.js, routing",network engineer,networking certification,technology,bachelor's in information technology,"['problem solving', 'collaboration']","['problem solving', 'adaptability', 'communication']","['networking', 'node.js']",['networking']
"education: bachelor's in computer science experience: 5 years skills: risk management, security architecture, android, networking, compliance, linux, kotlin, agile",security engineer,bachelor's in computer science,technology,bachelor's in computer science,"['teamwork', 'collaboration', 'communication']","['teamwork', 'critical thinking', 'collaboration', 'communication']","['linux', 'networking']","['linux', 'networking']"
"education: it certification experience: 4 years skills: windows server, active directory, linux, sales, security, troubleshooting, adaptability, negotiation",systems administrator,information technology certification,technology,bachelor's in information technology,"['critical thinking', 'problem solving']","['problem solving', 'teamwork', 'critical thinking', 'communication']","['linux', 'networking']","['linux', 'networking']"
"education: bachelor's in computer science experience: 4 years skills: rest api, ruby, python, django, shell scripting, problem solving, flask, sql",python developer,bachelor's in computer science,technology,bachelor's in computer science,"['collaboration', 'teamwork', 'critical thinking']","['adaptability', 'critical thinking', 'collaboration', 'communication']","['rest api', 'sql', 'python']","['sql', 'rest api', 'python']"
"education: security certification experience: 4 years skills: encryption, sales, risk analysis, sql, penetration testing, security protocols, firewalls, networking",cybersecurity specialist,security certification,technology,bachelor's in cybersecurity,['risk analysis'],['risk analysis'],"['sql', 'networking']",['networking']
"education: bachelor's in it experience: 5 years skills: configuration, cisco, tcp/ip, security, routing, typescript, app testing, networking",network engineer,bachelor's in information technology,technology,bachelor's in information technology,"['teamwork', 'problem solving', 'communication']","['teamwork', 'communication']",['networking'],['networking']
"education: bachelor's in it experience: 2 years skills: networking, configuration, routing, agile, security, seo, cisco, tcp/ip",network engineer,bachelor's in information technology,technology,bachelor's in information technology,"['teamwork', 'problem solving']","['problem solving', 'teamwork', 'adaptability', 'collaboration']",['networking'],['networking']
"education: bachelor's in cybersecurity experience: 4 years skills: terraform, networking, encryption, tensorflow, scikit-learn, security protocols, penetration testing, firewalls",cybersecurity specialist,bachelor's in cybersecurity,technology,bachelor's in cybersecurity,['risk analysis'],['risk analysis'],"['tensorflow', 'networking']",['networking']
"education: bachelor's in it experience: 4 years skills: database optimization, sql, security, typescript, backup recovery, linux, microservices, postgresql",database administrator,bachelor's in information technology,technology,bachelor's in information technology,"['communication', 'problem solving', 'teamwork']","['problem solving', 'teamwork', 'collaboration']","['sql', 'linux', 'microservices']","['sql', 'linux']"
"education: bachelor's in computer science experience: 1 years skills: c++, java, react native, python, software design, git, problem solving, kanban",software engineer,bachelor's in computer science,technology,bachelor's in computer science,"['collaboration', 'adaptability', 'critical thinking']","['critical thinking', 'collaboration', 'communication']","['python', 'java']","['python', 'java']"
"education: bachelor's in computer science experience: 2 years skills: python, git, software design, c++, java, data analysis, aws, oracle",software engineer,bachelor's in computer science,technology,bachelor's in computer science,['data analysis'],"['critical thinking', 'data analysis']","['python', 'java']","['python', 'java']"
"education: bachelor's in computer science experience: 5 years skills: swift, api development, database design, java, sql, python, node.js, ansible",backend developer,bachelor's in computer science,technology,bachelor's in computer science,"['teamwork', 'critical thinking']","['teamwork', 'adaptability', 'critical thinking']","['sql', 'python', 'node.js', 'java']","['sql', 'python', 'node.js', 'java']"
"education: it certification experience: 5 years skills: kubernetes, linux, ci/cd, business development, communication, seo, aws, docker",devops engineer,information technology certification,technology,bachelor's in computer science,['business acumen'],"['business acumen', 'teamwork', 'critical thinking']","['linux', 'docker']","['linux', 'docker']"
"education: qa certification experience: 0 years skills: web design, sql, problem solving, manual testing, test automation, selenium, bug tracking, api testing",qa engineer,quality assurance certification,technology,bachelor's in information technology,"['communication', 'collaboration']","['problem solving', 'adaptability', 'collaboration']",['sql'],['sql']
"education: it certification experience: 5 years skills: user interface, networking, troubleshooting, linux, security, windows server, firewalls, confluence",systems administrator,information technology certification,technology,bachelor's in information technology,"['collaboration', 'communication', 'problem solving']","['problem solving', 'teamwork', 'collaboration']","['linux', 'networking']","['linux', 'networking']"
"education: qa certification experience: 2 years skills: selenium, user experience, manual testing, html, negotiation, test automation, ansible, sql",qa engineer,quality assurance certification,technology,bachelor's in information technology,"['problem solving', 'teamwork']","['problem solving', 'teamwork', 'adaptability']",['sql'],['sql']
"education: bachelor's in computer science experience: 1 years skills: spring boot, docker, microservices, java, sql, maven, encryption, rest api",java backend developer,bachelor's in computer science,technology,bachelor's in computer science,"['communication', 'problem solving', 'critical thinking']","['problem solving', 'critical thinking', 'collaboration', 'communication']","['sql', 'rest api', 'docker', 'node.js', 'microservices', 'java']","['sql', 'rest api', 'microservices', 'java']"
"education: bachelor's in computer science experience: 4 years skills: sql, python, kanban, market research, hadoop, spark, tableau, etl",data engineer,bachelor's in computer science,technology,bachelor's in computer science,"['critical thinking', 'collaboration']","['critical thinking', 'collaboration']","['sql', 'python']","['sql', 'python']"
"education: cloud certification experience: 6 years skills: scala, security, gcp, html, azure, mobile ui/ux, networking, javascript",cloud architect,cloud certification,technology,bachelor's in computer science,['financial analysis'],"['problem solving', 'financial analysis']","['javascript', 'networking']",['networking']
"education: diploma in it experience: 3 years skills: html, javascript, react, user experience, query optimization, r, css, technical writing",frontend developer,diploma in information technology,technology,bachelor's in computer science,"['communication', 'collaboration', 'teamwork']","['adaptability', 'collaboration', 'communication']","['javascript', 'react']","['javascript', 'react']"
"education: diploma in it experience: 4 years skills: firewalls, c++, ui/ux design, vue.js, css, html, javascript, gcp",frontend developer,diploma in information technology,technology,bachelor's in computer science,"['adaptability', 'critical thinking', 'communication']","['teamwork', 'adaptability', 'critical thinking']","['javascript', 'react']","['javascript', 'react']"
"education: qa certification experience: 4 years skills: test automation, bug tracking, adaptability, api testing, selenium, manual testing, sql, react native",qa engineer,quality assurance certification,technology,bachelor's in information technology,"['communication', 'collaboration']","['teamwork', 'collaboration', 'communication']",['sql'],['sql']
"education: bachelor's in engineering experience: 5 years skills: git, pandas, problem solving, flutter, software design, business acumen, java, python",software engineer,bachelor's in engineering,technology,bachelor's in computer science,['business acumen'],"['business acumen', 'adaptability']","['python', 'java']","['python', 'java']"
"education: security certification experience: 2 years skills: ios, penetration testing, security protocols, networking, encryption, decision making, risk analysis, firewalls",cybersecurity specialist,security certification,technology,bachelor's in cybersecurity,['risk analysis'],['risk analysis'],['networking'],['networking']
"education: diploma in it experience: 4 years skills: javascript, html, ui/ux design, react, market research, vue.js, css, deep learning",frontend developer,diploma in information technology,technology,bachelor's in computer science,"['problem solving', 'adaptability', 'collaboration']","['problem solving', 'adaptability', 'critical thinking']","['javascript', 'react']","['javascript', 'react']"
"education: bachelor's in computer science experience: 1 years skills: nosql, encryption, database design, aws, java, serverless, python, sql",backend developer,bachelor's in computer science,technology,bachelor's in computer science,"['communication', 'problem solving', 'teamwork']","['problem solving', 'teamwork']","['sql', 'python', 'node.js', 'java']","['sql', 'python', 'node.js', 'java']"
"education: diploma in it experience: 3 years skills: financial analysis, project management, css, javascript, scrum, react, html, ui/ux design",frontend developer,diploma in information technology,technology,bachelor's in computer science,['financial analysis'],"['problem solving', 'financial analysis', 'adaptability']","['python', 'javascript', 'react']","['javascript', 'react']"
"education: bachelor's in mathematics experience: 1 years skills: data analysis, tensorflow, python, statistics, react, machine learning, technical writing, sql",data scientist,bachelor's in mathematics,technology,bachelor's in mathematics,['data analysis'],['data analysis'],"['sql', 'python', 'tensorflow', 'react']","['sql', 'python', 'tensorflow']"
"education: security certification experience: 4 years skills: linux, networking, sql, compliance, mysql, risk management, security architecture, financial analysis",security engineer,security certification,technology,bachelor's in computer science,['financial analysis'],"['financial analysis', 'collaboration', 'communication']","['sql', 'linux', 'mysql', 'networking']","['linux', 'networking']"
"education: it certification experience: 4 years skills: aws, docker, prototyping, scripting, terraform, kubernetes, technical writing, machine learning",devops engineer,information technology certification,technology,bachelor's in computer science,"['critical thinking', 'problem solving', 'adaptability']","['adaptability', 'critical thinking']","['linux', 'docker']","['linux', 'docker']"
"education: networking certification experience: 2 years skills: routing, networking, mysql, security, tcp/ip, p&l management, cisco, configuration",network engineer,networking certification,technology,bachelor's in information technology,"['communication', 'problem solving', 'collaboration']","['problem solving', 'teamwork', 'collaboration']","['mysql', 'networking']",['networking']
"education: bachelor's in computer science experience: 4 years skills: python, rest api, sql, strategic planning, java, security protocols, maven, microservices",java backend developer,bachelor's in computer science,technology,bachelor's in computer science,"['adaptability', 'teamwork', 'collaboration']","['problem solving', 'adaptability']","['sql', 'rest api', 'python', 'microservices', 'java']","['sql', 'rest api', 'microservices', 'java']"
"education: qa certification experience: 4 years skills: bug tracking, technical writing, api testing, test automation, teamwork, sql, security protocols, selenium",qa engineer,quality assurance certification,technology,bachelor's in information technology,"['collaboration', 'teamwork']","['teamwork', 'critical thinking']","['sql', 'microservices']",['sql']
"education: bachelor's in computer science experience: 4 years skills: swift, web accessibility, teamwork, rest api, xcode, ios sdk, mobile design, objective-c",mobile developer ios,bachelor's in computer science,technology,bachelor's in computer science,"['critical thinking', 'teamwork']","['teamwork', 'critical thinking', 'communication']",['rest api'],['rest api']
"education: qa certification experience: 4 years skills: sql, api testing, test automation, manual testing, firewalls, ci/cd, mobile ui/ux, selenium",qa engineer,quality assurance certification,technology,bachelor's in information technology,"['teamwork', 'critical thinking', 'communication']","['teamwork', 'adaptability', 'communication']",['sql'],['sql']
"education: bachelor's in computer science experience: 3 years skills: mysql, react, javascript, redux, html, api integration, business development, css",react developer,bachelor's in computer science,technology,bachelor's in computer science,"['collaboration', 'adaptability', 'problem solving']","['problem solving', 'adaptability', 'critical thinking', 'collaboration']","['mysql', 'javascript', 'react']","['javascript', 'react']"
"education: bachelor's in computer science experience: 2 years skills: html/css, git, query optimization, node.js, database, statistics, mobile security, react",full stack developer,bachelor's in computer science,technology,bachelor's in computer science,"['collaboration', 'communication', 'problem solving']","['problem solving', 'collaboration', 'communication']","['javascript', 'node.js', 'react']","['javascript', 'node.js', 'react']"
"education: qa certification experience: 2 years skills: test automation, sql, query optimization, financial analysis, web accessibility, selenium, bug tracking, manual testing",qa engineer,quality assurance certification,technology,bachelor's in information technology,['financial analysis'],"['teamwork', 'financial analysis']","['sql', 'mysql']",['sql']
"education: it certification experience: 4 years skills: linux, docker, scripting, kubernetes, statistics, aws, ci/cd, microservices",devops engineer,information technology certification,technology,bachelor's in computer science,"['communication', 'teamwork']","['problem solving', 'collaboration', 'communication']","['linux', 'docker', 'microservices']","['linux', 'docker']"
"education: bachelor's in computer science experience: 4 years skills: typescript, database design, leadership, sql, api development, java, node.js, python",backend developer,bachelor's in computer science,technology,bachelor's in computer science,"['adaptability', 'collaboration', 'teamwork']","['teamwork', 'adaptability', 'critical thinking', 'collaboration']","['sql', 'python', 'node.js', 'java']","['sql', 'python', 'node.js', 'java']"
"education: bachelor's in computer science experience: 3 years skills: encryption, networking, azure, security architecture, creativity, linux, figma, critical thinking",security engineer,bachelor's in computer science,technology,bachelor's in computer science,"['collaboration', 'critical thinking']","['teamwork', 'adaptability', 'critical thinking', 'collaboration']","['linux', 'networking']","['linux', 'networking']"
"education: bachelor's in it experience: 4 years skills: responsive design, scikit-learn, routing, cisco, configuration, networking, azure, tcp/ip",network engineer,bachelor's in information technology,technology,bachelor's in information technology,"['communication', 'problem solving', 'collaboration']","['problem solving', 'adaptability', 'collaboration']","['mysql', 'networking']",['networking']
"education: security certification experience: 2 years skills: kotlin, networking, encryption, deep learning, firewalls, security protocols, wireframing, numpy",cybersecurity specialist,security certification,technology,bachelor's in cybersecurity,['risk analysis'],['risk analysis'],['networking'],['networking']
"education: master's in data science experience: 4 years skills: python, market research, sql, rust, marketing, data analysis, statistics, tensorflow",data scientist,master's in data science,technology,bachelor's in mathematics,"['business acumen', 'data analysis']",['data analysis'],"['sql', 'python', 'tensorflow']","['sql', 'python', 'tensorflow']"
"education: bachelor's in computer science experience: 2 years skills: docker, tableau, ci/cd, aws, linux, serverless, kubernetes, gcp",devops engineer,bachelor's in computer science,technology,bachelor's in computer science,"['critical thinking', 'communication', 'collaboration']","['teamwork', 'critical thinking']","['linux', 'docker']","['linux', 'docker']"
"education: bachelor's in computer science experience: 0 years skills: data analysis, wireframing, web accessibility, api development, laravel, docker, mysql, symfony",php developer,bachelor's in computer science,technology,bachelor's in computer science,['data analysis'],"['adaptability', 'data analysis']","['mysql', 'docker', 'php']","['mysql', 'php']"
"education: bachelor's in computer science experience: 4 years skills: react native, c++, problem solving, git, python, software design, java, compliance",software engineer,bachelor's in computer science,technology,bachelor's in computer science,"['critical thinking', 'teamwork', 'collaboration']","['critical thinking', 'collaboration', 'communication']","['python', 'java']","['python', 'java']"
"education: it certification experience: 2 years skills: security, linux, database optimization, php, sql, backup recovery, mongodb, responsive design",database administrator,information technology certification,technology,bachelor's in information technology,"['critical thinking', 'problem solving', 'teamwork']","['problem solving', 'teamwork', 'critical thinking']","['sql', 'linux', 'php']","['sql', 'linux']"
"education: bachelor's in computer science experience: 1 years skills: security protocols, problem solving, git, c++, python, oracle, jenkins, software design",software engineer,bachelor's in computer science,technology,bachelor's in computer science,"['teamwork', 'critical thinking', 'collaboration']","['problem solving', 'critical thinking']","['python', 'java']","['python', 'java']"
"education: it certification experience: 4 years skills: web design, security, mongodb, oracle, linux, network security, sql, project management",database administrator,information technology certification,technology,bachelor's in information technology,"['collaboration', 'critical thinking', 'problem solving']","['problem solving', 'adaptability', 'critical thinking', 'collaboration']","['sql', 'linux']","['sql', 'linux']"
"education: bachelor's in computer science experience: 4 years skills: javascript, react, css, html, java, vue.js, ui/ux design, leadership",frontend developer,bachelor's in computer science,technology,bachelor's in computer science,"['problem solving', 'adaptability', 'collaboration']","['problem solving', 'adaptability', 'communication']","['javascript', 'react', 'java']","['javascript', 'react']"
"education: bachelor's in computer science experience: 4 years skills: ios sdk, communication, compliance, mobile design, teamwork, objective-c, swift, rest api",mobile developer ios,bachelor's in computer science,technology,bachelor's in computer science,['business acumen'],"['business acumen', 'critical thinking']",['rest api'],['rest api']
"education: bachelor's in computer science experience: 1 years skills: java, responsive design, python, git, c++, sql, confluence, software design",software engineer,bachelor's in computer science,technology,bachelor's in computer science,"['teamwork', 'collaboration']","['teamwork', 'adaptability', 'collaboration']","['sql', 'python', 'java']","['python', 'java']"
"education: bachelor's in computer science experience: 1 years skills: android sdk, rest api, mobile design, java, azure, xml, financial analysis, kotlin",mobile developer android,bachelor's in computer science,technology,bachelor's in computer science,"['financial analysis', 'data analysis']","['problem solving', 'teamwork', 'data analysis']","['rest api', 'java']","['rest api', 'java']"
"education: bachelor's in computer science experience: 4 years skills: symfony, jupyter, api development, go, php, kotlin, laravel, html/css",php developer,bachelor's in computer science,technology,bachelor's in computer science,"['collaboration', 'adaptability', 'teamwork']","['teamwork', 'adaptability', 'collaboration', 'communication']","['mysql', 'php']","['mysql', 'php']"
"education: bachelor's in computer science experience: 4 years skills: terraform, javascript, kotlin, html, ui/ux design, css, django, vue.js",frontend developer,bachelor's in computer science,technology,bachelor's in computer science,"['problem solving', 'collaboration', 'adaptability']","['problem solving', 'adaptability', 'collaboration']","['javascript', 'microservices', 'react']","['javascript', 'react']"
"education: bootcamp experience: 1 years skills: api integration, wireframing, css, javascript, r, deep learning, docker, redux",react developer,bootcamp,technology,bachelor's in computer science,"['communication', 'critical thinking']","['problem solving', 'teamwork', 'communication']","['javascript', 'docker', 'react']","['javascript', 'react']"
"education: bachelor's in computer science experience: 2 years skills: technical writing, sales, javascript, vue.js, react, css, cassandra, ui/ux design",frontend developer,bachelor's in computer science,technology,bachelor's in computer science,"['critical thinking', 'communication', 'adaptability']","['problem solving', 'teamwork', 'adaptability']","['javascript', 'microservices', 'react']","['javascript', 'react']"
"education: bachelor's in computer science experience: 5 years skills: data analysis, spark, database design, etl, python, data warehousing, adobe creative suite, hadoop",data engineer,bachelor's in computer science,technology,bachelor's in computer science,['data analysis'],"['teamwork', 'data analysis']","['sql', 'python']","['sql', 'python']"
"education: bachelor's in computer science experience: 3 years skills: jira, css, html, react, javascript, aws, security architecture, api integration",react developer,bachelor's in computer science,technology,bachelor's in computer science,"['problem solving', 'teamwork']","['problem solving', 'teamwork', 'communication']","['javascript', 'react']","['javascript', 'react']"
"education: bachelor's in computer science experience: 1 years skills: ios sdk, serverless, query optimization, aws, objective-c, swift, xcode, ansible",mobile developer ios,bachelor's in computer science,technology,bachelor's in computer science,"['communication', 'critical thinking', 'problem solving']","['problem solving', 'communication']",['rest api'],['rest api']
"education: bachelor's in it experience: 2 years skills: security, cisco, routing, documentation, networking, configuration, c#, tcp/ip",network engineer,bachelor's in information technology,technology,bachelor's in information technology,"['teamwork', 'adaptability', 'critical thinking']","['teamwork', 'adaptability', 'communication']",['networking'],['networking']
"education: bachelor's in computer science experience: 5 years skills: mobile ui/ux, android sdk, java, xml, teamwork, mobile design, rest api, kotlin",mobile developer android,bachelor's in computer science,technology,bachelor's in computer science,"['teamwork', 'adaptability', 'problem solving']","['adaptability', 'communication']","['rest api', 'java']","['rest api', 'java']"
"education: diploma in it experience: 5 years skills: javascript, app testing, decision making, git, react, database, node.js, swift",full stack developer,diploma in information technology,technology,bachelor's in computer science,['data analysis'],"['problem solving', 'collaboration', 'data analysis']","['javascript', 'node.js', 'react']","['javascript', 'node.js', 'react']"
"education: qa certification experience: 0 years skills: api testing, manual testing, selenium, r, bug tracking, sql, scrum, adobe creative suite",qa engineer,quality assurance certification,technology,bachelor's in information technology,"['communication', 'problem solving']","['problem solving', 'adaptability', 'collaboration']",['sql'],['sql']
"education: cloud certification experience: 7 years skills: azure, networking, system design, security, gcp, aws, mobile ui/ux, nosql",cloud architect,cloud certification,technology,bachelor's in computer science,"['teamwork', 'adaptability', 'communication']","['teamwork', 'adaptability', 'communication']",['networking'],['networking']
"education: security certification experience: 2 years skills: decision making, terraform, firewalls, networking, penetration testing, risk analysis, security architecture, vue.js",cybersecurity specialist,security certification,technology,bachelor's in cybersecurity,['risk analysis'],['risk analysis'],['networking'],['networking']
"education: it certification experience: 4 years skills: networking, active directory, php, user interface, troubleshooting, security, windows server, pytorch",systems administrator,information technology certification,technology,bachelor's in information technology,"['collaboration', 'problem solving']","['problem solving', 'adaptability', 'critical thinking', 'collaboration']","['linux', 'networking', 'php']","['linux', 'networking']"
"education: bachelor's in computer science experience: 1 years skills: java, postgresql, kotlin, swift, mobile design, jenkins, android sdk, rest api",mobile developer android,bachelor's in computer science,technology,bachelor's in computer science,"['teamwork', 'collaboration', 'critical thinking']","['problem solving', 'teamwork', 'collaboration', 'communication']","['rest api', 'java']","['rest api', 'java']"
"education: cloud certification experience: 8 years skills: market research, azure, aws, gcp, networking, html, web design, r",cloud architect,cloud certification,technology,bachelor's in computer science,"['critical thinking', 'collaboration']","['adaptability', 'critical thinking', 'collaboration', 'communication']",['networking'],['networking']
"education: bachelor's in computer science experience: 5 years skills: scrum, swift, mobile design, rest api, flutter, objective-c, ruby, xcode",mobile developer ios,bachelor's in computer science,technology,bachelor's in computer science,"['communication', 'critical thinking', 'adaptability']","['collaboration', 'communication']",['rest api'],['rest api']
"education: bootcamp experience: 3 years skills: tableau, html, security protocols, javascript, flask, api integration, redux, css",react developer,bootcamp,technology,bachelor's in computer science,"['teamwork', 'critical thinking']","['teamwork', 'adaptability']","['javascript', 'react']","['javascript', 'react']"
"education: bachelor's in computer science experience: 1 years skills: rest api, xml, communication, java, kotlin, android sdk, go, p&l management",mobile developer android,bachelor's in computer science,technology,bachelor's in computer science,"['problem solving', 'communication']","['problem solving', 'teamwork']","['rest api', 'java']","['rest api', 'java']"
"education: bachelor's in cybersecurity experience: 5 years skills: risk analysis, firewalls, jenkins, serverless, node.js, security protocols, penetration testing, pytorch",cybersecurity specialist,bachelor's in cybersecurity,technology,bachelor's in cybersecurity,['risk analysis'],['risk analysis'],"['networking', 'node.js']",['networking']
"education: bachelor's in computer science experience: 4 years skills: go, nosql, security, strategic planning, aws, azure, networking, system design",cloud architect,bachelor's in computer science,technology,bachelor's in computer science,['data analysis'],"['problem solving', 'data analysis']",['networking'],['networking']
"education: bachelor's in mathematics experience: 2 years skills: business acumen, cassandra, power bi, sql, python, data analysis, tensorflow, time management",data scientist,bachelor's in mathematics,technology,bachelor's in mathematics,"['business acumen', 'data analysis']",['data analysis'],"['sql', 'python', 'tensorflow']","['sql', 'python', 'tensorflow']"
"education: bachelor's in computer science experience: 3 years skills: android sdk, java, rest api, mobile design, xml, user interface, kotlin, cloudformation",mobile developer android,bachelor's in computer science,technology,bachelor's in computer science,"['teamwork', 'communication']","['problem solving', 'teamwork', 'communication']","['rest api', 'java']","['rest api', 'java']"
"education: bachelor's in cybersecurity experience: 4 years skills: risk analysis, prototyping, c++, business acumen, networking, penetration testing, mentoring, firewalls",cybersecurity specialist,bachelor's in cybersecurity,technology,bachelor's in cybersecurity,"['business acumen', 'risk analysis']",['risk analysis'],['networking'],['networking']
"education: bachelor's in computer science experience: 5 years skills: java, typescript, responsive design, cassandra, mobile design, rest api, android sdk, kotlin",mobile developer android,bachelor's in computer science,technology,bachelor's in computer science,"['problem solving', 'adaptability', 'critical thinking']","['problem solving', 'critical thinking']","['rest api', 'java']","['rest api', 'java']"
"education: diploma in it experience: 3 years skills: typescript, ui/ux design, sales, javascript, ansible, network security, vue.js, css",frontend developer,diploma in information technology,technology,bachelor's in computer science,"['problem solving', 'communication', 'teamwork']","['problem solving', 'teamwork', 'critical thinking']","['javascript', 'react']","['javascript', 'react']"
"education: qa certification experience: 0 years skills: api testing, bug tracking, scala, manual testing, sql, selenium, test automation, presentation skills",qa engineer,quality assurance certification,technology,bachelor's in information technology,"['critical thinking', 'communication']","['problem solving', 'critical thinking', 'communication']",['sql'],['sql']
"education: bachelor's in computer science experience: 1 years skills: rust, react native, sql, rest api, problem solving, python, adobe creative suite, flask",python developer,bachelor's in computer science,technology,bachelor's in computer science,"['teamwork', 'adaptability']","['teamwork', 'adaptability', 'communication']","['sql', 'rest api', 'python']","['sql', 'rest api', 'python']"
"education: bachelor's in computer science experience: 1 years skills: java, software design, statistics, git, python, business acumen, sql, c++",software engineer,bachelor's in computer science,technology,bachelor's in computer science,['business acumen'],"['problem solving', 'business acumen', 'collaboration']","['sql', 'python', 'java']","['python', 'java']"
"education: bachelor's in computer science experience: 1 years skills: node.js, api development, typescript, java, mentoring, python, database design, sql",backend developer,bachelor's in computer science,technology,bachelor's in computer science,"['teamwork', 'collaboration', 'adaptability']","['adaptability', 'critical thinking', 'collaboration']","['sql', 'python', 'node.js', 'java']","['sql', 'python', 'node.js', 'java']"
"education: bachelor's in computer science experience: 2 years skills: encryption, risk management, security architecture, penetration testing, networking, compliance, linux, rest api",security engineer,bachelor's in computer science,technology,bachelor's in computer science,"['adaptability', 'problem solving', 'communication']","['problem solving', 'adaptability', 'critical thinking']","['rest api', 'linux', 'networking']","['linux', 'networking']"
"education: security certification experience: 6 years skills: leadership, risk management, networking, compliance, linux, security architecture, figma, encryption",security engineer,security certification,technology,bachelor's in computer science,"['teamwork', 'collaboration']","['teamwork', 'adaptability', 'collaboration']","['linux', 'networking']","['linux', 'networking']"
"education: bachelor's in it experience: 5 years skills: ruby, linux, problem solving, networking, active directory, troubleshooting, security, windows server",systems administrator,bachelor's in information technology,technology,bachelor's in information technology,"['critical thinking', 'problem solving', 'collaboration']","['problem solving', 'critical thinking', 'collaboration', 'communication']","['linux', 'networking']","['linux', 'networking']"
"education: networking certification experience: 1 years skills: presentation skills, routing, networking, leadership, configuration, security, tcp/ip, cisco",network engineer,networking certification,technology,bachelor's in information technology,"['critical thinking', 'collaboration', 'teamwork']","['problem solving', 'teamwork', 'adaptability', 'collaboration']",['networking'],['networking']
"education: bachelor's in computer science experience: 3 years skills: sql, node.js, gcp, python, database design, kubernetes, aws, java",backend developer,bachelor's in computer science,technology,bachelor's in computer science,"['problem solving', 'critical thinking']","['adaptability', 'critical thinking']","['sql', 'python', 'node.js', 'java']","['sql', 'python', 'node.js', 'java']"
"education: bachelor's in cybersecurity experience: 6 years skills: javascript, security protocols, ci/cd, sql, risk analysis, networking, penetration testing, cassandra",cybersecurity specialist,bachelor's in cybersecurity,technology,bachelor's in cybersecurity,['risk analysis'],['risk analysis'],"['sql', 'javascript', 'networking']",['networking']
"education: cloud certification experience: 6 years skills: system design, networking, compliance, tableau, aws, negotiation, marketing, azure",cloud architect,cloud certification,technology,bachelor's in computer science,"['critical thinking', 'teamwork']","['problem solving', 'teamwork', 'critical thinking', 'communication']",['networking'],['networking']
"education: it certification experience: 4 years skills: linux, ansible, penetration testing, node.js, web design, scripting, kubernetes, aws",devops engineer,information technology certification,technology,bachelor's in computer science,"['collaboration', 'critical thinking']","['teamwork', 'adaptability', 'critical thinking', 'collaboration']","['linux', 'docker', 'node.js']","['linux', 'docker']"
"education: cloud certification experience: 8 years skills: deep learning, scrum, user interface, mobile security, networking, business development, aws, azure",cloud architect,cloud certification,technology,bachelor's in computer science,"['teamwork', 'communication', 'adaptability']","['adaptability', 'critical thinking', 'communication']",['networking'],['networking']
"education: diploma in it experience: 0 years skills: vue.js, html, css, machine learning, javascript, jupyter, react, ui/ux design",frontend developer,diploma in information technology,technology,bachelor's in computer science,"['communication', 'teamwork', 'adaptability']","['problem solving', 'adaptability', 'critical thinking', 'communication']","['javascript', 'react']","['javascript', 'react']"
"education: bachelor's in it experience: 4 years skills: sql, test automation, query optimization, jira, bug tracking, python, negotiation, selenium",qa engineer,bachelor's in information technology,technology,bachelor's in information technology,"['teamwork', 'adaptability']","['problem solving', 'adaptability']","['sql', 'python']",['sql']
"education: diploma in it experience: 3 years skills: database, mobile security, node.js, git, javascript, react, figma, terraform",full stack developer,diploma in information technology,technology,bachelor's in computer science,"['critical thinking', 'adaptability', 'communication']","['problem solving', 'adaptability', 'critical thinking', 'collaboration']","['javascript', 'node.js', 'react']","['javascript', 'node.js', 'react']"
"education: it certification experience: 6 years skills: linux, scripting, azure, aws, docker, kubernetes, mentoring, ci/cd",devops engineer,information technology certification,technology,bachelor's in computer science,"['communication', 'teamwork', 'problem solving']","['problem solving', 'critical thinking', 'communication']","['linux', 'docker']","['linux', 'docker']"
"education: bachelor's in mathematics experience: 1 years skills: numpy, data analysis, gcp, sql, aws, statistics, python, tensorflow",data scientist,bachelor's in mathematics,technology,bachelor's in mathematics,['data analysis'],['data analysis'],"['sql', 'python', 'tensorflow']","['sql', 'python', 'tensorflow']"
"education: bachelor's in computer science experience: 4 years skills: javascript, html, aws, css, react, ansible, redux, ruby",react developer,bachelor's in computer science,technology,bachelor's in computer science,"['collaboration', 'adaptability', 'problem solving']","['problem solving', 'adaptability', 'collaboration']","['javascript', 'react']","['javascript', 'react']"
"education: bachelor's in computer science experience: 4 years skills: user experience, encryption, kubernetes, database design, maven, react, microservices, sql",java backend developer,bachelor's in computer science,technology,bachelor's in computer science,"['problem solving', 'adaptability']","['problem solving', 'adaptability', 'collaboration', 'communication']","['sql', 'rest api', 'microservices', 'react', 'java']","['sql', 'rest api', 'microservices', 'java']"
"education: bachelor's in computer science experience: 2 years skills: linux, security architecture, encryption, risk management, negotiation, networking, compliance, figma",security engineer,bachelor's in computer science,technology,bachelor's in computer science,"['teamwork', 'adaptability', 'critical thinking']","['teamwork', 'adaptability', 'critical thinking', 'communication']","['linux', 'networking']","['linux', 'networking']"
"education: it certification experience: 4 years skills: ci/cd, linux, docker, jupyter, graphic design, compliance, scripting, aws",devops engineer,information technology certification,technology,bachelor's in computer science,"['teamwork', 'critical thinking', 'adaptability']","['adaptability', 'collaboration', 'communication']","['linux', 'docker']","['linux', 'docker']"
"education: bachelor's in computer science experience: 4 years skills: mobile design, java, numpy, android sdk, rest api, market research, gcp, xml",mobile developer android,bachelor's in computer science,technology,bachelor's in computer science,"['adaptability', 'communication']","['adaptability', 'collaboration', 'communication']","['rest api', 'java']","['rest api', 'java']"
"education: bachelor's in computer science experience: 3 years skills: market research, data warehousing, spark, etl, hadoop, negotiation, sql, python",data engineer,bachelor's in computer science,technology,bachelor's in computer science,"['problem solving', 'teamwork']","['teamwork', 'adaptability', 'collaboration']","['sql', 'python']","['sql', 'python']"
"education: bachelor's in computer science experience: 2 years skills: rest api, jenkins, sql, communication, query optimization, spring boot, maven, java",java backend developer,bachelor's in computer science,technology,bachelor's in computer science,"['teamwork', 'problem solving', 'communication']","['teamwork', 'adaptability', 'collaboration']","['sql', 'rest api', 'microservices', 'java']","['sql', 'rest api', 'microservices', 'java']"
"education: bachelor's in computer science experience: 3 years skills: node.js, swift, rest api, mobile design, objective-c, xcode, ios sdk, seo",mobile developer ios,bachelor's in computer science,technology,bachelor's in computer science,"['collaboration', 'problem solving', 'teamwork']","['problem solving', 'teamwork', 'critical thinking']","['rest api', 'node.js']",['rest api']
"education: qa certification experience: 3 years skills: manual testing, bug tracking, sql, test automation, selenium, jenkins, security architecture, api testing",qa engineer,quality assurance certification,technology,bachelor's in information technology,"['adaptability', 'communication', 'problem solving']","['adaptability', 'critical thinking']","['sql', 'microservices']",['sql']
"education: bachelor's in computer science experience: 1 years skills: django, data warehousing, spark, python, sql, mobile security, etl, hadoop",data engineer,bachelor's in computer science,technology,bachelor's in computer science,"['communication', 'problem solving']","['problem solving', 'critical thinking', 'collaboration', 'communication']","['sql', 'python']","['sql', 'python']"
"education: security certification experience: 5 years skills: serverless, penetration testing, encryption, networking, security protocols, risk analysis, financial analysis, rust",cybersecurity specialist,security certification,technology,bachelor's in cybersecurity,"['financial analysis', 'risk analysis']",['risk analysis'],['networking'],['networking']
"education: it certification experience: 2 years skills: angular, networking, troubleshooting, active directory, windows server, linux, redis, jira",systems administrator,information technology certification,technology,bachelor's in information technology,"['critical thinking', 'communication', 'problem solving']","['critical thinking', 'collaboration']","['linux', 'networking']","['linux', 'networking']"
"education: bachelor's in computer science experience: 2 years skills: swift, django, sql, python, android, firewalls, rest api, flask",python developer,bachelor's in computer science,technology,bachelor's in computer science,"['communication', 'teamwork']","['problem solving', 'communication']","['sql', 'rest api', 'python']","['sql', 'rest api', 'python']"
"education: bachelor's in computer science experience: 5 years skills: hadoop, django, data warehousing, sql, mentoring, react native, wireframing, etl",data engineer,bachelor's in computer science,technology,bachelor's in computer science,"['adaptability', 'teamwork']","['teamwork', 'adaptability', 'collaboration']","['sql', 'python']","['sql', 'python']"
"education: bachelor's in computer science experience: 1 years skills: python, hadoop, etl, database design, spark, mobile ui/ux, sql, data warehousing",data engineer,bachelor's in computer science,technology,bachelor's in computer science,"['adaptability', 'critical thinking']","['problem solving', 'adaptability', 'communication']","['sql', 'python']","['sql', 'python']"
"education: bachelor's in computer science experience: 6 years skills: kotlin, compliance, networking, scikit-learn, linux, encryption, risk management, java",security engineer,bachelor's in computer science,technology,bachelor's in computer science,"['critical thinking', 'communication']","['teamwork', 'critical thinking', 'collaboration', 'communication']","['linux', 'networking', 'java']","['linux', 'networking']"
"education: networking certification experience: 5 years skills: cisco, configuration, routing, jira, sales, tcp/ip, security, networking",network engineer,networking certification,technology,bachelor's in information technology,"['collaboration', 'teamwork']","['collaboration', 'communication']",['networking'],['networking']
"education: qa certification experience: 1 years skills: manual testing, sql, oracle, p&l management, api testing, perl, nosql, test automation",qa engineer,quality assurance certification,technology,bachelor's in information technology,"['adaptability', 'teamwork', 'communication']","['adaptability', 'critical thinking']","['sql', 'java']",['sql']
"education: security certification experience: 4 years skills: penetration testing, risk assessment, security protocols, encryption, prototyping, firewalls, networking, risk analysis",cybersecurity specialist,security certification,technology,bachelor's in cybersecurity,['risk analysis'],['risk analysis'],['networking'],['networking']
"education: bachelor's in engineering experience: 3 years skills: app testing, c++, php, problem solving, pytorch, python, shell scripting, software design",software engineer,bachelor's in engineering,technology,bachelor's in computer science,"['communication', 'problem solving', 'adaptability']","['problem solving', 'teamwork', 'critical thinking', 'communication']","['python', 'java', 'php']","['python', 'java']"
"education: bachelor's in computer science experience: 2 years skills: pytorch, problem solving, postgresql, spark, sql, etl, hadoop, python",data engineer,bachelor's in computer science,technology,bachelor's in computer science,"['teamwork', 'critical thinking']","['teamwork', 'adaptability', 'critical thinking']","['sql', 'python', 'node.js']","['sql', 'python']"
"education: bachelor's in computer science experience: 1 years skills: xcode, ios sdk, rest api, strategic planning, swift, app testing, mobile design, objective-c",mobile developer ios,bachelor's in computer science,technology,bachelor's in computer science,"['adaptability', 'problem solving']","['problem solving', 'adaptability', 'communication']",['rest api'],['rest api']
"education: bachelor's in computer science experience: 3 years skills: git, c++, python, java, problem solving, cassandra, p&l management, numpy",software engineer,bachelor's in computer science,technology,bachelor's in computer science,"['collaboration', 'problem solving']","['problem solving', 'adaptability', 'critical thinking', 'collaboration']","['python', 'java']","['python', 'java']"
"education: master's in data science experience: 2 years skills: redis, tensorflow, sql, python, machine learning, statistics, negotiation, scala",data scientist,master's in data science,technology,bachelor's in mathematics,['data analysis'],['data analysis'],"['sql', 'python', 'tensorflow']","['sql', 'python', 'tensorflow']"
"education: bachelor's in computer science experience: 5 years skills: market research, user experience, data analysis, java, microservices, rest api, maven, sql",java backend developer,bachelor's in computer science,technology,bachelor's in computer science,['data analysis'],"['communication', 'teamwork', 'data analysis']","['sql', 'rest api', 'microservices', 'java']","['sql', 'rest api', 'microservices', 'java']"
"education: it certification experience: 1 years skills: leadership, sql, backup recovery, deep learning, user interface, ios, linux, database optimization",database administrator,information technology certification,technology,bachelor's in information technology,"['adaptability', 'communication', 'teamwork']","['teamwork', 'adaptability', 'critical thinking']","['sql', 'linux']","['sql', 'linux']"
"education: security certification experience: 5 years skills: vue.js, networking, security architecture, numpy, mentoring, pandas, encryption, risk management",security engineer,security certification,technology,bachelor's in computer science,"['adaptability', 'teamwork', 'critical thinking']","['teamwork', 'adaptability', 'critical thinking']","['linux', 'networking']","['linux', 'networking']"
"education: bachelor's in computer science experience: 1 years skills: security protocols, confluence, ios sdk, mobile design, xcode, angular, objective-c, creativity",mobile developer ios,bachelor's in computer science,technology,bachelor's in computer science,"['problem solving', 'teamwork']","['problem solving', 'teamwork', 'collaboration']",['rest api'],['rest api']
"education: bachelor's in it experience: 3 years skills: manual testing, communication, ci/cd, mongodb, graphql, sql, test automation, selenium",qa engineer,bachelor's in information technology,technology,bachelor's in information technology,"['critical thinking', 'collaboration']","['adaptability', 'critical thinking', 'collaboration']",['sql'],['sql']
"education: bachelor's in engineering experience: 3 years skills: problem solving, software design, java, python, git, c++, kotlin, aws",software engineer,bachelor's in engineering,technology,bachelor's in computer science,"['critical thinking', 'collaboration', 'teamwork']","['teamwork', 'critical thinking', 'communication']","['python', 'java']","['python', 'java']"
"education: cloud certification experience: 6 years skills: security, cloudformation, encryption, time management, aws, azure, gcp, compliance",cloud architect,cloud certification,technology,bachelor's in computer science,"['communication', 'critical thinking']","['critical thinking', 'collaboration', 'communication']",['networking'],['networking']
"education: security certification experience: 4 years skills: technical writing, sales, swift, networking, flutter, penetration testing, risk analysis, encryption",cybersecurity specialist,security certification,technology,bachelor's in cybersecurity,['risk analysis'],['risk analysis'],['networking'],['networking']
"education: bachelor's in computer science experience: 5 years skills: python, etl, data warehousing, ios, sql, spark, security protocols, rest api",data engineer,bachelor's in computer science,technology,bachelor's in computer science,"['adaptability', 'communication']","['teamwork', 'collaboration', 'communication']","['sql', 'rest api', 'python']","['sql', 'python']"
"education: qa certification experience: 2 years skills: decision making, selenium, manual testing, sql, test automation, bug tracking, scikit-learn, api testing",qa engineer,quality assurance certification,technology,bachelor's in information technology,"['collaboration', 'teamwork', 'problem solving']","['problem solving', 'adaptability', 'collaboration']",['sql'],['sql']
"education: bachelor's in computer science experience: 8 years skills: system design, azure, aws, gcp, teamwork, tableau, cloudformation, swift",cloud architect,bachelor's in computer science,technology,bachelor's in computer science,"['adaptability', 'teamwork']","['teamwork', 'adaptability', 'communication']",['networking'],['networking']
"education: bachelor's in computer science experience: 7 years skills: adobe creative suite, aws, scala, system design, azure, security, r, go",cloud architect,bachelor's in computer science,technology,bachelor's in computer science,"['collaboration', 'adaptability', 'teamwork']","['problem solving', 'teamwork', 'adaptability']",['networking'],['networking']
"education: bachelor's in mathematics experience: 2 years skills: sql, user experience, statistics, tensorflow, mentoring, redis, python, machine learning",data scientist,bachelor's in mathematics,technology,bachelor's in mathematics,['data analysis'],['data analysis'],"['sql', 'python', 'tensorflow']","['sql', 'python', 'tensorflow']"
"education: bachelor's in computer science experience: 4 years skills: ios sdk, mobile design, swift, xcode, objective-c, flutter, rest api, communication",mobile developer ios,bachelor's in computer science,technology,bachelor's in computer science,"['problem solving', 'teamwork']","['teamwork', 'adaptability', 'communication']","['sql', 'rest api']",['rest api']
"education: cloud certification experience: 7 years skills: aws, javascript, azure, security protocols, system design, gcp, security, networking",cloud architect,cloud certification,technology,bachelor's in computer science,"['problem solving', 'communication']","['problem solving', 'adaptability', 'collaboration', 'communication']","['javascript', 'networking']",['networking']
"education: bachelor's in computer science experience: 1 years skills: encryption, database, html/css, node.js, javascript, cloudformation, git, react",full stack developer,bachelor's in computer science,technology,bachelor's in computer science,"['collaboration', 'communication']","['critical thinking', 'collaboration', 'communication']","['javascript', 'node.js', 'react']","['javascript', 'node.js', 'react']"
"education: it certification experience: 5 years skills: active directory, documentation, troubleshooting, data analysis, networking, windows server, linux, security",systems administrator,information technology certification,technology,bachelor's in information technology,['data analysis'],"['communication', 'data analysis']","['linux', 'networking']","['linux', 'networking']"
"education: bachelor's in computer science experience: 2 years skills: rest api, maven, spring boot, scikit-learn, rust, microservices, java, sql",java backend developer,bachelor's in computer science,technology,bachelor's in computer science,"['teamwork', 'adaptability', 'communication']","['adaptability', 'communication']","['sql', 'rest api', 'microservices', 'java']","['sql', 'rest api', 'microservices', 'java']"
"education: diploma in it experience: 4 years skills: rust, html/css, mysql, javascript, agile, node.js, database, php",full stack developer,diploma in information technology,technology,bachelor's in computer science,"['collaboration', 'critical thinking', 'problem solving']","['problem solving', 'critical thinking', 'collaboration']","['mysql', 'javascript', 'node.js', 'react', 'php']","['javascript', 'node.js', 'react']"
"education: bachelor's in it experience: 3 years skills: sql, api testing, ios, bug tracking, manual testing, angular, selenium, test automation",qa engineer,bachelor's in information technology,technology,bachelor's in information technology,"['collaboration', 'adaptability', 'communication']","['teamwork', 'communication']",['sql'],['sql']
"education: bootcamp experience: 2 years skills: css, javascript, aws, power bi, sql, flask, redux, api integration",react developer,bootcamp,technology,bachelor's in computer science,"['adaptability', 'critical thinking']","['problem solving', 'adaptability', 'collaboration']","['sql', 'javascript', 'react']","['javascript', 'react']"
"education: bachelor's in it experience: 2 years skills: configuration, networking, routing, security, user experience, swift, communication, problem solving",network engineer,bachelor's in information technology,technology,bachelor's in information technology,"['collaboration', 'adaptability']","['problem solving', 'teamwork', 'adaptability']",['networking'],['networking']
"education: bachelor's in computer science experience: 4 years skills: numpy, sales, gcp, aws, system design, networking, typescript, strategic planning",cloud architect,bachelor's in computer science,technology,bachelor's in computer science,"['adaptability', 'critical thinking']","['teamwork', 'adaptability', 'collaboration']",['networking'],['networking']
"education: it certification experience: 1 years skills: database optimization, c++, security, mysql, sql, backup recovery, figma, mongodb",database administrator,information technology certification,technology,bachelor's in information technology,"['critical thinking', 'communication', 'problem solving']","['problem solving', 'teamwork', 'critical thinking']","['sql', 'linux', 'mysql']","['sql', 'linux']"
"education: it certification experience: 4 years skills: networking, linux, security, active directory, strategic planning, troubleshooting, postgresql, windows server",systems administrator,information technology certification,technology,bachelor's in information technology,"['communication', 'critical thinking']","['adaptability', 'critical thinking']","['linux', 'networking']","['linux', 'networking']"
"education: bachelor's in computer science experience: 3 years skills: p&l management, django, flask, python, sql, php, rest api, mobile ui/ux",python developer,bachelor's in computer science,technology,bachelor's in computer science,"['collaboration', 'problem solving']","['problem solving', 'teamwork']","['sql', 'rest api', 'python', 'php']","['sql', 'rest api', 'python']"
"education: bachelor's in computer science experience: 4 years skills: scrum, html/css, numpy, symfony, leadership, responsive design, mysql, laravel",php developer,bachelor's in computer science,technology,bachelor's in computer science,"['critical thinking', 'problem solving', 'collaboration']","['problem solving', 'adaptability', 'collaboration', 'communication']","['mysql', 'php']","['mysql', 'php']"
"education: bachelor's in mathematics experience: 3 years skills: sql, docker, machine learning, tensorflow, python, data analysis, technical writing, statistics",data scientist,bachelor's in mathematics,technology,bachelor's in mathematics,['data analysis'],['data analysis'],"['sql', 'python', 'docker', 'tensorflow', 'microservices']","['sql', 'python', 'tensorflow']"
"education: bachelor's in computer science experience: 4 years skills: wireframing, maven, spring boot, rest api, responsive design, java, sql, microservices",java backend developer,bachelor's in computer science,technology,bachelor's in computer science,"['problem solving', 'critical thinking']","['problem solving', 'adaptability']","['sql', 'rest api', 'microservices', 'java']","['sql', 'rest api', 'microservices', 'java']"
"education: bachelor's in computer science experience: 3 years skills: mysql, user interface, creativity, php, symfony, kubernetes, api development, html/css",php developer,bachelor's in computer science,technology,bachelor's in computer science,['data analysis'],"['teamwork', 'adaptability', 'data analysis']","['mysql', 'php']","['mysql', 'php']"
"education: bachelor's in computer science experience: 2 years skills: sql, maven, java, jenkins, time management, spring boot, microservices, typescript",java backend developer,bachelor's in computer science,technology,bachelor's in computer science,"['critical thinking', 'adaptability']","['adaptability', 'critical thinking', 'communication']","['sql', 'rest api', 'microservices', 'java']","['sql', 'rest api', 'microservices', 'java']"
"education: master's in data science experience: 3 years skills: statistics, machine learning, tensorflow, data analysis, python, sql, decision making, pandas",data scientist,master's in data science,technology,bachelor's in mathematics,['data analysis'],['data analysis'],"['sql', 'python', 'tensorflow']","['sql', 'python', 'tensorflow']"
"education: qa certification experience: 1 years skills: sql, manual testing, risk assessment, bug tracking, adobe creative suite, selenium, api testing, test automation",qa engineer,quality assurance certification,technology,bachelor's in information technology,"['collaboration', 'problem solving', 'adaptability']","['problem solving', 'adaptability', 'critical thinking', 'collaboration']",['sql'],['sql']
"education: diploma in it experience: 3 years skills: nosql, react, ui/ux design, vue.js, javascript, html, serverless, security architecture",frontend developer,diploma in information technology,technology,bachelor's in computer science,"['critical thinking', 'teamwork']","['problem solving', 'teamwork', 'collaboration']","['javascript', 'react']","['javascript', 'react']"
"education: bachelor's in computer science experience: 3 years skills: java, sql, database design, python, project management, go, mentoring, api development",backend developer,bachelor's in computer science,technology,bachelor's in computer science,"['critical thinking', 'communication']","['critical thinking', 'collaboration', 'communication']","['sql', 'python', 'node.js', 'java']","['sql', 'python', 'node.js', 'java']"
"education: bachelor's in computer science experience: 1 years skills: perl, java, problem solving, project management, python, git, software design, c++",software engineer,bachelor's in computer science,technology,bachelor's in computer science,"['adaptability', 'critical thinking']","['critical thinking', 'collaboration']","['python', 'java']","['python', 'java']"
"education: it certification experience: 4 years skills: aws, scripting, responsive design, ci/cd, linux, docker, ruby, swift",devops engineer,information technology certification,technology,bachelor's in computer science,"['problem solving', 'communication']","['problem solving', 'teamwork', 'critical thinking', 'communication']","['linux', 'docker']","['linux', 'docker']"
"education: bachelor's in mathematics experience: 2 years skills: tensorflow, numpy, flutter, statistics, data analysis, python, web accessibility, machine learning",data scientist,bachelor's in mathematics,technology,bachelor's in mathematics,['data analysis'],['data analysis'],"['sql', 'python', 'tensorflow']","['sql', 'python', 'tensorflow']"
"education: bachelor's in computer science experience: 0 years skills: css, html, vue.js, javascript, react, ui/ux design, teamwork, rest api",frontend developer,bachelor's in computer science,technology,bachelor's in computer science,"['communication', 'adaptability', 'critical thinking']","['teamwork', 'adaptability', 'critical thinking']","['rest api', 'javascript', 'react']","['javascript', 'react']"
"education: bachelor's in computer science experience: 4 years skills: machine learning, negotiation, risk management, c++, compliance, linux, postgresql, networking",security engineer,bachelor's in computer science,technology,bachelor's in computer science,"['critical thinking', 'collaboration', 'teamwork']","['teamwork', 'adaptability', 'critical thinking', 'collaboration']","['linux', 'networking']","['linux', 'networking']"
"education: bachelor's in computer science experience: 2 years skills: jenkins, java, database design, figma, api development, node.js, kubernetes, confluence",backend developer,bachelor's in computer science,technology,bachelor's in computer science,"['teamwork', 'critical thinking', 'collaboration']","['adaptability', 'critical thinking', 'collaboration']","['sql', 'python', 'node.js', 'java']","['sql', 'python', 'node.js', 'java']"
"education: bachelor's in it experience: 1 years skills: mongodb, linux, database optimization, compliance, sql, sales, security architecture, security",database administrator,bachelor's in information technology,technology,bachelor's in information technology,"['communication', 'critical thinking']","['critical thinking', 'communication']","['sql', 'linux']","['sql', 'linux']"
"education: bachelor's in computer science experience: 1 years skills: ios sdk, flutter, xcode, rest api, objective-c, swift, leadership, mobile design",mobile developer ios,bachelor's in computer science,technology,bachelor's in computer science,"['problem solving', 'collaboration', 'communication']","['problem solving', 'teamwork']",['rest api'],['rest api']
"education: bachelor's in computer science experience: 1 years skills: mobile ui/ux, html/css, mysql, power bi, laravel, php, api development, negotiation",php developer,bachelor's in computer science,technology,bachelor's in computer science,"['problem solving', 'communication', 'adaptability']","['critical thinking', 'communication']","['mysql', 'php']","['mysql', 'php']"
"education: bachelor's in computer science experience: 3 years skills: angular, git, problem solving, java, confluence, c++, python, software design",software engineer,bachelor's in computer science,technology,bachelor's in computer science,"['adaptability', 'critical thinking', 'teamwork']","['problem solving', 'teamwork', 'adaptability']","['python', 'java']","['python', 'java']"
"education: bachelor's in computer science experience: 4 years skills: security protocols, android sdk, rust, rest api, market research, java, xml, firewalls",mobile developer android,bachelor's in computer science,technology,bachelor's in computer science,"['collaboration', 'communication', 'adaptability']","['adaptability', 'critical thinking']","['rest api', 'java']","['rest api', 'java']"
"education: bootcamp experience: 0 years skills: javascript, compliance, redux, css, html, react, c++, ios",react developer,bootcamp,technology,bachelor's in computer science,"['communication', 'critical thinking']","['problem solving', 'adaptability', 'critical thinking']","['javascript', 'react']","['javascript', 'react']"
"education: it certification experience: 2 years skills: mongodb, gcp, sql, database optimization, adobe creative suite, database design, backup recovery, linux",database administrator,information technology certification,technology,bachelor's in information technology,"['communication', 'problem solving']","['problem solving', 'collaboration']","['sql', 'linux']","['sql', 'linux']"
"education: bachelor's in computer science experience: 1 years skills: graphql, xcode, objective-c, ios, rest api, mobile design, swift, scrum",mobile developer ios,bachelor's in computer science,technology,bachelor's in computer science,"['problem solving', 'collaboration']","['problem solving', 'teamwork', 'critical thinking', 'collaboration']",['rest api'],['rest api']
"education: bachelor's in computer science experience: 1 years skills: rest api, sql, scrum, microservices, spring boot, database design, jenkins, java",java backend developer,bachelor's in computer science,technology,bachelor's in computer science,"['problem solving', 'critical thinking']","['problem solving', 'teamwork', 'critical thinking']","['sql', 'rest api', 'microservices', 'java']","['sql', 'rest api', 'microservices', 'java']"
"education: bachelor's in computer science experience: 1 years skills: api development, java, node.js, database design, python, decision making, go, sql",backend developer,bachelor's in computer science,technology,bachelor's in computer science,"['critical thinking', 'communication']","['teamwork', 'adaptability', 'critical thinking']","['sql', 'python', 'node.js', 'java']","['sql', 'python', 'node.js', 'java']"
"education: bachelor's in computer science experience: 2 years skills: data warehousing, creativity, react native, hadoop, documentation, sql, etl, power bi",data engineer,bachelor's in computer science,technology,bachelor's in computer science,"['communication', 'critical thinking', 'collaboration']","['teamwork', 'critical thinking', 'collaboration', 'communication']","['sql', 'python']","['sql', 'python']"
"education: bachelor's in it experience: 4 years skills: graphql, cisco, security, routing, tcp/ip, redis, networking, configuration",network engineer,bachelor's in information technology,technology,bachelor's in information technology,"['problem solving', 'teamwork', 'communication']","['problem solving', 'teamwork', 'communication']",['networking'],['networking']
"education: bachelor's in computer science experience: 0 years skills: api development, deep learning, laravel, adobe creative suite, mysql, html/css, symfony, php",php developer,bachelor's in computer science,technology,bachelor's in computer science,"['communication', 'adaptability', 'teamwork']","['problem solving', 'adaptability', 'collaboration', 'communication']","['mysql', 'php']","['mysql', 'php']"
"education: bachelor's in computer science experience: 3 years skills: c++, software design, java, deep learning, problem solving, python, git, firewalls",software engineer,bachelor's in computer science,technology,bachelor's in computer science,"['critical thinking', 'collaboration', 'communication']","['adaptability', 'critical thinking', 'communication']","['python', 'java']","['python', 'java']"
"education: bachelor's in computer science experience: 3 years skills: adobe creative suite, mysql, symfony, html/css, presentation skills, database design, api development, laravel",php developer,bachelor's in computer science,technology,bachelor's in computer science,"['communication', 'problem solving']","['problem solving', 'teamwork', 'collaboration']","['mysql', 'php']","['mysql', 'php']"
"education: bachelor's in engineering experience: 3 years skills: java, python, c++, seo, problem solving, git, software design, negotiation",software engineer,bachelor's in engineering,technology,bachelor's in computer science,"['collaboration', 'communication', 'adaptability']","['teamwork', 'communication']","['python', 'java']","['python', 'java']"
"education: bachelor's in computer science experience: 2 years skills: compliance, spark, etl, mongodb, hadoop, seo, python, sql",data engineer,bachelor's in computer science,technology,bachelor's in computer science,"['critical thinking', 'problem solving', 'collaboration']","['problem solving', 'teamwork', 'collaboration']","['sql', 'python', 'mysql']","['sql', 'python']"
"education: security certification experience: 4 years skills: jenkins, linux, decision making, compliance, security architecture, flutter, risk management, networking",security engineer,security certification,technology,bachelor's in computer science,"['teamwork', 'adaptability', 'critical thinking']","['problem solving', 'adaptability', 'collaboration']","['linux', 'networking']","['linux', 'networking']"
"education: bachelor's in computer science experience: 1 years skills: flutter, ui/ux design, responsive design, javascript, vue.js, react, css, redis",frontend developer,bachelor's in computer science,technology,bachelor's in computer science,"['adaptability', 'teamwork']","['problem solving', 'teamwork']","['javascript', 'react']","['javascript', 'react']"
"education: bachelor's in computer science experience: 5 years skills: node.js, jira, database design, python, shell scripting, java, api development, agile",backend developer,bachelor's in computer science,technology,bachelor's in computer science,"['teamwork', 'problem solving', 'communication']","['teamwork', 'communication']","['sql', 'python', 'node.js', 'java']","['sql', 'python', 'node.js', 'java']"
"education: bachelor's in computer science experience: 2 years skills: networking, oracle, risk management, linux, security architecture, compliance, encryption, flask",security engineer,bachelor's in computer science,technology,bachelor's in computer science,"['adaptability', 'problem solving', 'communication']","['problem solving', 'adaptability', 'critical thinking']","['linux', 'networking']","['linux', 'networking']"
"education: master's in data science experience: 1 years skills: r, go, seo, python, tensorflow, statistics, docker, sql",data scientist,master's in data science,technology,bachelor's in mathematics,['data analysis'],['data analysis'],"['sql', 'python', 'docker', 'tensorflow']","['sql', 'python', 'tensorflow']"
"education: bachelor's in computer science experience: 4 years skills: react, javascript, database, git, mysql, mongodb, deep learning, tensorflow",full stack developer,bachelor's in computer science,technology,bachelor's in computer science,"['problem solving', 'teamwork', 'communication']","['teamwork', 'critical thinking', 'communication']","['mysql', 'javascript', 'tensorflow', 'node.js', 'react']","['javascript', 'node.js', 'react']"
"education: security certification experience: 5 years skills: risk analysis, security protocols, networking, azure, react native, firewalls, web accessibility, penetration testing",cybersecurity specialist,security certification,technology,bachelor's in cybersecurity,['risk analysis'],['risk analysis'],['networking'],['networking']
"education: security certification experience: 2 years skills: statistics, encryption, networking, presentation skills, risk management, communication, graphic design, compliance",security engineer,security certification,technology,bachelor's in computer science,"['collaboration', 'critical thinking']","['teamwork', 'adaptability', 'critical thinking', 'collaboration']","['linux', 'networking']","['linux', 'networking']"
"education: bachelor's in computer science experience: 1 years skills: javascript, git, database, jenkins, html/css, typescript, node.js, react",full stack developer,bachelor's in computer science,technology,bachelor's in computer science,"['communication', 'critical thinking', 'collaboration']","['critical thinking', 'collaboration', 'communication']","['javascript', 'node.js', 'react']","['javascript', 'node.js', 'react']"
"education: bachelor's in computer science experience: 5 years skills: database, git, android, mentoring, critical thinking, javascript, node.js, react",full stack developer,bachelor's in computer science,technology,bachelor's in computer science,"['teamwork', 'problem solving']","['problem solving', 'teamwork', 'collaboration']","['javascript', 'node.js', 'react']","['javascript', 'node.js', 'react']"
"education: master's in data science experience: 5 years skills: python, machine learning, tensorflow, c++, query optimization, data analysis, statistics, sql",data scientist,master's in data science,technology,bachelor's in mathematics,['data analysis'],['data analysis'],"['sql', 'python', 'tensorflow']","['sql', 'python', 'tensorflow']"
"education: bachelor's in it experience: 1 years skills: backup recovery, mongodb, graphql, security architecture, adaptability, sql, security, database optimization",database administrator,bachelor's in information technology,technology,bachelor's in information technology,"['adaptability', 'problem solving']","['teamwork', 'adaptability']","['sql', 'linux', 'docker']","['sql', 'linux']"
"education: bachelor's in computer science experience: 5 years skills: tableau, mobile design, objective-c, xcode, rest api, sql, adobe creative suite, ios sdk",mobile developer ios,bachelor's in computer science,technology,bachelor's in computer science,"['adaptability', 'teamwork']","['teamwork', 'adaptability', 'critical thinking']","['sql', 'rest api']",['rest api']
"education: bachelor's in computer science experience: 2 years skills: kotlin, android, sql, kanban, data analysis, maven, java, spring boot",java backend developer,bachelor's in computer science,technology,bachelor's in computer science,['data analysis'],"['critical thinking', 'collaboration', 'data analysis']","['sql', 'rest api', 'microservices', 'java']","['sql', 'rest api', 'microservices', 'java']"
"education: networking certification experience: 4 years skills: security, networking, sql, tcp/ip, configuration, routing, seo, cisco",network engineer,networking certification,technology,bachelor's in information technology,"['problem solving', 'adaptability', 'collaboration']","['adaptability', 'communication']","['sql', 'networking']",['networking']
"education: bachelor's in it experience: 1 years skills: database optimization, linux, security, cassandra, flutter, docker, backup recovery, sql",database administrator,bachelor's in information technology,technology,bachelor's in information technology,"['collaboration', 'communication']","['problem solving', 'adaptability', 'collaboration', 'communication']","['sql', 'linux', 'docker']","['sql', 'linux']"
"education: bachelor's in computer science experience: 3 years skills: compliance, security architecture, linux, redis, risk management, encryption, networking, business acumen",security engineer,bachelor's in computer science,technology,bachelor's in computer science,['business acumen'],"['business acumen', 'critical thinking']","['linux', 'networking']","['linux', 'networking']"
"education: security certification experience: 2 years skills: security protocols, penetration testing, creativity, risk analysis, ruby, firewalls, encryption, figma",cybersecurity specialist,security certification,technology,bachelor's in cybersecurity,['risk analysis'],['risk analysis'],['networking'],['networking']
"education: bachelor's in computer science experience: 2 years skills: spark, hadoop, pytorch, etl, python, sql, shell scripting, responsive design",data engineer,bachelor's in computer science,technology,bachelor's in computer science,"['communication', 'teamwork', 'problem solving']","['critical thinking', 'communication']","['sql', 'python']","['sql', 'python']"
"education: qa certification experience: 1 years skills: sql, test automation, vue.js, manual testing, bug tracking, selenium, cloudformation, api testing",qa engineer,quality assurance certification,technology,bachelor's in information technology,"['critical thinking', 'collaboration']","['problem solving', 'critical thinking', 'collaboration']",['sql'],['sql']
"education: cloud certification experience: 4 years skills: system design, react, networking, jira, web accessibility, aws, gcp, security",cloud architect,cloud certification,technology,bachelor's in computer science,"['adaptability', 'critical thinking', 'communication']","['adaptability', 'critical thinking', 'communication']","['networking', 'react']",['networking']
"education: bachelor's in computer science experience: 3 years skills: software design, c++, git, decision making, machine learning, problem solving, python, java",software engineer,bachelor's in computer science,technology,bachelor's in computer science,"['critical thinking', 'problem solving', 'communication']","['problem solving', 'teamwork', 'adaptability', 'communication']","['python', 'java']","['python', 'java']"
"education: bachelor's in computer science experience: 1 years skills: kotlin, mobile design, microservices, java, marketing, rest api, android sdk, xml",mobile developer android,bachelor's in computer science,technology,bachelor's in computer science,"['collaboration', 'teamwork', 'critical thinking']","['problem solving', 'critical thinking', 'communication']","['rest api', 'microservices', 'java']","['rest api', 'java']"
"education: cloud certification experience: 7 years skills: php, networking, azure, security, system design, gcp, statistics, aws",cloud architect,cloud certification,technology,bachelor's in computer science,"['teamwork', 'communication']","['problem solving', 'teamwork', 'critical thinking', 'communication']","['networking', 'php']",['networking']
"education: bachelor's in computer science experience: 2 years skills: maven, spring boot, java, graphql, sql, docker, rest api, responsive design",java backend developer,bachelor's in computer science,technology,bachelor's in computer science,"['critical thinking', 'adaptability']","['problem solving', 'teamwork', 'critical thinking']","['sql', 'rest api', 'docker', 'microservices', 'java']","['sql', 'rest api', 'microservices', 'java']"
"education: bachelor's in computer science experience: 5 years skills: wireframing, spark, numpy, hadoop, etl, sql, python, leadership",data engineer,bachelor's in computer science,technology,bachelor's in computer science,"['teamwork', 'adaptability', 'critical thinking']","['problem solving', 'adaptability', 'collaboration']","['sql', 'python']","['sql', 'python']"
"education: bachelor's in computer science experience: 4 years skills: microservices, ios, r, jenkins, java, deep learning, docker, rest api",java backend developer,bachelor's in computer science,technology,bachelor's in computer science,"['collaboration', 'communication']","['teamwork', 'communication']","['sql', 'rest api', 'docker', 'microservices', 'java']","['sql', 'rest api', 'microservices', 'java']"
"education: security certification experience: 4 years skills: risk analysis, p&l management, firewalls, user interface, networking, security protocols, go, penetration testing",cybersecurity specialist,security certification,technology,bachelor's in cybersecurity,['risk analysis'],['risk analysis'],['networking'],['networking']
"education: bachelor's in computer science experience: 0 years skills: query optimization, node.js, html/css, symfony, gcp, mysql, java, microservices",php developer,bachelor's in computer science,technology,bachelor's in computer science,"['teamwork', 'communication']","['problem solving', 'teamwork', 'adaptability', 'communication']","['mysql', 'node.js', 'php', 'microservices', 'java']","['mysql', 'php']"
"education: diploma in it experience: 1 years skills: java, docker, prototyping, database, kubernetes, javascript, react, git",full stack developer,diploma in information technology,technology,bachelor's in computer science,"['critical thinking', 'problem solving', 'communication']","['adaptability', 'collaboration', 'communication']","['docker', 'javascript', 'node.js', 'react', 'java']","['javascript', 'node.js', 'react']"
"education: bachelor's in it experience: 1 years skills: selenium, manual testing, sql, java, vue.js, test automation, encryption, rest api",qa engineer,bachelor's in information technology,technology,bachelor's in information technology,"['collaboration', 'adaptability']","['teamwork', 'adaptability', 'collaboration', 'communication']","['sql', 'rest api', 'java']",['sql']
"education: bachelor's in computer science experience: 2 years skills: scikit-learn, azure, rust, problem solving, python, rest api, sql, encryption",python developer,bachelor's in computer science,technology,bachelor's in computer science,"['teamwork', 'communication']","['teamwork', 'critical thinking', 'communication']","['sql', 'rest api', 'python']","['sql', 'rest api', 'python']"
"education: bachelor's in computer science experience: 3 years skills: html, php, vue.js, ui/ux design, javascript, statistics, react, kubernetes",frontend developer,bachelor's in computer science,technology,bachelor's in computer science,"['critical thinking', 'communication']","['teamwork', 'adaptability', 'critical thinking', 'communication']","['javascript', 'react', 'php']","['javascript', 'react']"
"education: bachelor's in computer science experience: 3 years skills: cassandra, data warehousing, etl, python, docker, spark, hadoop, project management",data engineer,bachelor's in computer science,technology,bachelor's in computer science,"['collaboration', 'problem solving', 'communication']","['problem solving', 'teamwork', 'collaboration', 'communication']","['sql', 'python', 'docker']","['sql', 'python']"
"education: diploma in it experience: 4 years skills: agile, git, p&l management, react, html/css, javascript, database, node.js",full stack developer,diploma in information technology,technology,bachelor's in computer science,"['teamwork', 'problem solving']","['teamwork', 'adaptability', 'critical thinking']","['sql', 'javascript', 'node.js', 'react']","['javascript', 'node.js', 'react']"
"education: bachelor's in computer science experience: 2 years skills: sql, maven, rest api, spring boot, django, docker, microservices, firewalls",java backend developer,bachelor's in computer science,technology,bachelor's in computer science,"['communication', 'critical thinking', 'problem solving']","['critical thinking', 'collaboration', 'communication']","['sql', 'rest api', 'docker', 'microservices', 'java']","['sql', 'rest api', 'microservices', 'java']"
"education: it certification experience: 1 years skills: statistics, time management, database optimization, security, oracle, mongodb, linux, wireframing",database administrator,information technology certification,technology,bachelor's in information technology,"['communication', 'adaptability', 'critical thinking']","['adaptability', 'critical thinking']","['sql', 'linux']","['sql', 'linux']"
"education: bachelor's in computer science experience: 1 years skills: rest api, xml, java, time management, android sdk, flutter, mobile design, kotlin",mobile developer android,bachelor's in computer science,technology,bachelor's in computer science,"['problem solving', 'collaboration']","['problem solving', 'critical thinking', 'collaboration']","['rest api', 'java']","['rest api', 'java']"
"education: it certification experience: 3 years skills: backup recovery, database optimization, critical thinking, mongodb, presentation skills, security, linux, sql",database administrator,information technology certification,technology,bachelor's in information technology,"['teamwork', 'problem solving']","['problem solving', 'teamwork', 'adaptability']","['sql', 'linux']","['sql', 'linux']"
"education: networking certification experience: 3 years skills: prototyping, cisco, flask, security, networking, configuration, tcp/ip, swift",network engineer,networking certification,technology,bachelor's in information technology,"['adaptability', 'teamwork', 'critical thinking']","['teamwork', 'communication']","['javascript', 'networking']",['networking']
"education: bachelor's in computer science experience: 5 years skills: kotlin, java, rest api, android sdk, mobile design, xml, problem solving, azure",mobile developer android,bachelor's in computer science,technology,bachelor's in computer science,"['adaptability', 'critical thinking', 'problem solving']","['adaptability', 'collaboration', 'communication']","['rest api', 'java']","['rest api', 'java']"
"education: bachelor's in computer science experience: 3 years skills: ci/cd, mobile design, communication, typescript, objective-c, xcode, rest api, swift",mobile developer ios,bachelor's in computer science,technology,bachelor's in computer science,"['adaptability', 'critical thinking', 'communication']","['problem solving', 'critical thinking', 'communication']",['rest api'],['rest api']
"education: bachelor's in it experience: 4 years skills: numpy, api testing, manual testing, selenium, sql, adobe creative suite, flask, bug tracking",qa engineer,bachelor's in information technology,technology,bachelor's in information technology,"['collaboration', 'problem solving', 'critical thinking']","['teamwork', 'critical thinking', 'collaboration']",['sql'],['sql']
"education: bachelor's in computer science experience: 1 years skills: documentation, mobile design, xml, java, flask, creativity, market research, android sdk",mobile developer android,bachelor's in computer science,technology,bachelor's in computer science,"['critical thinking', 'adaptability']","['problem solving', 'adaptability']","['rest api', 'java']","['rest api', 'java']"
"education: bachelor's in computer science experience: 2 years skills: android, html/css, p&l management, symfony, php, power bi, api development, flask",php developer,bachelor's in computer science,technology,bachelor's in computer science,"['adaptability', 'collaboration']","['problem solving', 'adaptability', 'collaboration']","['python', 'mysql', 'php']","['mysql', 'php']"
"education: bachelor's in computer science experience: 3 years skills: maven, negotiation, scrum, network security, spring boot, microservices, sql, java",java backend developer,bachelor's in computer science,technology,bachelor's in computer science,"['problem solving', 'critical thinking', 'communication']","['adaptability', 'communication']","['sql', 'rest api', 'microservices', 'java']","['sql', 'rest api', 'microservices', 'java']"
"education: bachelor's in computer science experience: 4 years skills: sql, java, database design, api development, react, ci/cd, microservices, seo",backend developer,bachelor's in computer science,technology,bachelor's in computer science,"['communication', 'critical thinking', 'problem solving']","['problem solving', 'adaptability', 'critical thinking', 'communication']","['sql', 'python', 'node.js', 'microservices', 'react', 'java']","['sql', 'python', 'node.js', 'java']"
"education: security certification experience: 5 years skills: security architecture, networking, confluence, project management, compliance, linux, encryption, risk management",security engineer,security certification,technology,bachelor's in computer science,"['collaboration', 'adaptability', 'communication']","['adaptability', 'critical thinking', 'collaboration', 'communication']","['linux', 'networking']","['linux', 'networking']"
"education: bachelor's in computer science experience: 7 years skills: nosql, power bi, gcp, security, system design, azure, mentoring, c#",cloud architect,bachelor's in computer science,technology,bachelor's in computer science,"['collaboration', 'communication', 'adaptability']","['teamwork', 'collaboration', 'communication']",['networking'],['networking']
"education: bachelor's in computer science experience: 2 years skills: php, symfony, database design, api development, laravel, firewalls, encryption, html/css",php developer,bachelor's in computer science,technology,bachelor's in computer science,"['adaptability', 'teamwork']","['teamwork', 'communication']","['mysql', 'php']","['mysql', 'php']"
"education: bachelor's in computer science experience: 4 years skills: mobile design, objective-c, swift, rest api, php, ios sdk, xcode, budget management",mobile developer ios,bachelor's in computer science,technology,bachelor's in computer science,"['critical thinking', 'collaboration', 'teamwork']","['problem solving', 'critical thinking', 'collaboration']","['rest api', 'php']",['rest api']
"education: master's in data science experience: 3 years skills: confluence, kotlin, python, statistics, tensorflow, web accessibility, data analysis, sql",data scientist,master's in data science,technology,bachelor's in mathematics,['data analysis'],['data analysis'],"['sql', 'python', 'tensorflow']","['sql', 'python', 'tensorflow']"
"education: bachelor's in computer science experience: 1 years skills: react, api integration, javascript, html, creativity, redux, oracle, css",react developer,bachelor's in computer science,technology,bachelor's in computer science,"['critical thinking', 'adaptability', 'collaboration']","['adaptability', 'critical thinking', 'collaboration']","['javascript', 'react']","['javascript', 'react']"
"education: it certification experience: 6 years skills: aws, ci/cd, linux, c++, risk assessment, docker, time management, scripting",devops engineer,information technology certification,technology,bachelor's in computer science,"['collaboration', 'adaptability', 'teamwork']","['problem solving', 'teamwork', 'collaboration']","['linux', 'docker']","['linux', 'docker']"
"education: bachelor's in it experience: 3 years skills: oracle, network security, security, active directory, java, penetration testing, tableau, networking",systems administrator,bachelor's in information technology,technology,bachelor's in information technology,"['problem solving', 'critical thinking', 'collaboration']","['teamwork', 'collaboration', 'communication']","['linux', 'networking', 'java']","['linux', 'networking']"
"education: bachelor's in it experience: 3 years skills: jupyter, routing, security, configuration, marketing, tcp/ip, cisco, networking",network engineer,bachelor's in information technology,technology,bachelor's in information technology,"['problem solving', 'critical thinking']","['problem solving', 'adaptability', 'critical thinking']",['networking'],['networking']
"education: master's in data science experience: 2 years skills: statistics, data analysis, machine learning, adobe creative suite, tensorflow, python, power bi, sql",data scientist,master's in data science,technology,bachelor's in mathematics,['data analysis'],['data analysis'],"['sql', 'python', 'tensorflow']","['sql', 'python', 'tensorflow']"
"education: bootcamp experience: 0 years skills: javascript, react, html, user experience, query optimization, api integration, redux, critical thinking",react developer,bootcamp,technology,bachelor's in computer science,"['communication', 'problem solving', 'teamwork']","['problem solving', 'teamwork', 'critical thinking', 'communication']","['javascript', 'react']","['javascript', 'react']"
"education: security certification experience: 3 years skills: encryption, p&l management, python, seo, security protocols, risk analysis, rest api, firewalls",cybersecurity specialist,security certification,technology,bachelor's in cybersecurity,['risk analysis'],['risk analysis'],"['rest api', 'python', 'networking']",['networking']
"education: bachelor's in computer science experience: 3 years skills: jira, etl, data warehousing, python, spark, hadoop, sql, sales",data engineer,bachelor's in computer science,technology,bachelor's in computer science,"['communication', 'adaptability']","['teamwork', 'adaptability', 'collaboration', 'communication']","['sql', 'python']","['sql', 'python']"
"education: bachelor's in computer science experience: 3 years skills: angular, spring boot, budget management, critical thinking, rest api, sql, microservices, maven",java backend developer,bachelor's in computer science,technology,bachelor's in computer science,"['communication', 'teamwork', 'collaboration']","['teamwork', 'critical thinking', 'collaboration', 'communication']","['sql', 'rest api', 'microservices', 'java']","['sql', 'rest api', 'microservices', 'java']"
"education: it certification experience: 3 years skills: linux, troubleshooting, security, node.js, teamwork, rest api, networking, active directory",systems administrator,information technology certification,technology,bachelor's in information technology,"['communication', 'collaboration']","['teamwork', 'collaboration', 'communication']","['rest api', 'linux', 'networking', 'node.js']","['linux', 'networking']"
"education: bootcamp experience: 1 years skills: javascript, problem solving, redux, css, react, adaptability, html, api integration",react developer,bootcamp,technology,bachelor's in computer science,"['collaboration', 'adaptability']","['teamwork', 'collaboration']","['javascript', 'react']","['javascript', 'react']"
"education: it certification experience: 4 years skills: ci/cd, database design, linux, database optimization, pytorch, docker, backup recovery, sql",database administrator,information technology certification,technology,bachelor's in information technology,"['collaboration', 'adaptability', 'teamwork']","['collaboration', 'communication']","['sql', 'linux', 'docker']","['sql', 'linux']"
"education: bachelor's in computer science experience: 3 years skills: git, software design, problem solving, html, microservices, java, python, rest api",software engineer,bachelor's in computer science,technology,bachelor's in computer science,"['adaptability', 'critical thinking', 'communication']","['teamwork', 'collaboration', 'communication']","['rest api', 'python', 'microservices', 'java']","['python', 'java']"
"education: bachelor's in computer science experience: 0 years skills: react, sql, flask, python, graphql, angular, rest api, django",python developer,bachelor's in computer science,technology,bachelor's in computer science,"['collaboration', 'teamwork', 'communication']","['critical thinking', 'collaboration', 'communication']","['sql', 'rest api', 'python', 'react']","['sql', 'rest api', 'python']"
"education: cloud certification experience: 8 years skills: java, gcp, critical thinking, security, statistics, networking, aws, system design",cloud architect,cloud certification,technology,bachelor's in computer science,"['collaboration', 'critical thinking']","['problem solving', 'critical thinking']","['networking', 'java']",['networking']
"education: it certification experience: 5 years skills: backup recovery, sql, linux, security, mongodb, graphic design, database optimization, jupyter",database administrator,information technology certification,technology,bachelor's in information technology,"['adaptability', 'problem solving']","['problem solving', 'adaptability', 'communication']","['sql', 'linux']","['sql', 'linux']"
"education: bachelor's in computer science experience: 4 years skills: database, serverless, query optimization, git, node.js, javascript, html/css, mongodb",full stack developer,bachelor's in computer science,technology,bachelor's in computer science,['business acumen'],"['problem solving', 'business acumen']","['javascript', 'node.js', 'react']","['javascript', 'node.js', 'react']"
"education: bachelor's in computer science experience: 5 years skills: etl, firewalls, hadoop, business acumen, redis, data warehousing, sql, spark",data engineer,bachelor's in computer science,technology,bachelor's in computer science,['business acumen'],"['business acumen', 'critical thinking', 'collaboration']","['sql', 'python']","['sql', 'python']"
"education: bachelor's in computer science experience: 3 years skills: java, maven, perl, ruby, spring boot, confluence, microservices, rest api",java backend developer,bachelor's in computer science,technology,bachelor's in computer science,"['problem solving', 'collaboration']","['teamwork', 'collaboration']","['rest api', 'sql', 'microservices', 'java']","['sql', 'rest api', 'microservices', 'java']"
"education: master's in data science experience: 5 years skills: statistics, data analysis, python, sql, agile, machine learning, tensorflow, communication",data scientist,master's in data science,technology,bachelor's in mathematics,['data analysis'],['data analysis'],"['sql', 'python', 'tensorflow', 'microservices']","['sql', 'python', 'tensorflow']"
"education: bachelor's in it experience: 4 years skills: mongodb, graphic design, security, database optimization, c++, sql, backup recovery, linux",database administrator,bachelor's in information technology,technology,bachelor's in information technology,"['communication', 'teamwork', 'collaboration']","['problem solving', 'collaboration']","['sql', 'linux']","['sql', 'linux']"
"education: diploma in it experience: 0 years skills: vue.js, javascript, ui/ux design, react, python, power bi, gcp, java",frontend developer,diploma in information technology,technology,bachelor's in computer science,"['collaboration', 'critical thinking']","['teamwork', 'critical thinking', 'communication']","['python', 'javascript', 'react', 'java']","['javascript', 'react']"
"education: diploma in it experience: 3 years skills: query optimization, nosql, android, css, react, html, ui/ux design, javascript",frontend developer,diploma in information technology,technology,bachelor's in computer science,"['communication', 'collaboration']","['collaboration', 'communication']","['javascript', 'react']","['javascript', 'react']"
"education: bachelor's in computer science experience: 0 years skills: rest api, sales, python, django, sql, problem solving, tensorflow, flask",python developer,bachelor's in computer science,technology,bachelor's in computer science,"['problem solving', 'communication', 'critical thinking']","['problem solving', 'teamwork', 'critical thinking']","['sql', 'rest api', 'python', 'tensorflow']","['sql', 'rest api', 'python']"
"education: bachelor's in computer science experience: 1 years skills: docker, javascript, css, ui/ux design, react, postgresql, vue.js, azure",frontend developer,bachelor's in computer science,technology,bachelor's in computer science,"['collaboration', 'teamwork']","['adaptability', 'critical thinking', 'collaboration']","['javascript', 'docker', 'mysql', 'react']","['javascript', 'react']"
"education: bachelor's in computer science experience: 2 years skills: rest api, mobile design, c++, swift, figma, objective-c, ios sdk, xcode",mobile developer ios,bachelor's in computer science,technology,bachelor's in computer science,"['adaptability', 'critical thinking']","['teamwork', 'adaptability']",['rest api'],['rest api']
"education: bachelor's in computer science experience: 2 years skills: financial analysis, data warehousing, spark, python, market research, wireframing, r, etl",data engineer,bachelor's in computer science,technology,bachelor's in computer science,['financial analysis'],"['financial analysis', 'critical thinking', 'communication']","['sql', 'python']","['sql', 'python']"
"education: bootcamp experience: 0 years skills: react, oracle, cloudformation, api integration, html, javascript, mobile ui/ux, css",react developer,bootcamp,technology,bachelor's in computer science,"['communication', 'adaptability']","['adaptability', 'critical thinking', 'collaboration', 'communication']","['python', 'javascript', 'react']","['javascript', 'react']"
"education: bachelor's in computer science experience: 1 years skills: java, maven, spring boot, microservices, flask, sql, aws, database design",java backend developer,bachelor's in computer science,technology,bachelor's in computer science,"['critical thinking', 'collaboration', 'problem solving']","['adaptability', 'critical thinking', 'collaboration', 'communication']","['sql', 'rest api', 'microservices', 'java']","['sql', 'rest api', 'microservices', 'java']"
"education: bachelor's in computer science experience: 4 years skills: spring boot, maven, microservices, sql, business acumen, java, power bi, tableau",java backend developer,bachelor's in computer science,technology,bachelor's in computer science,['business acumen'],"['business acumen', 'teamwork', 'adaptability']","['sql', 'rest api', 'microservices', 'java']","['sql', 'rest api', 'microservices', 'java']"
"education: diploma in it experience: 5 years skills: typescript, html/css, database, jupyter, jira, node.js, p&l management, javascript",full stack developer,diploma in information technology,technology,bachelor's in computer science,"['teamwork', 'adaptability']","['teamwork', 'adaptability', 'communication']","['javascript', 'node.js', 'react']","['javascript', 'node.js', 'react']"
"education: diploma in it experience: 1 years skills: vue.js, market research, graphic design, react, seo, css, html, javascript",frontend developer,diploma in information technology,technology,bachelor's in computer science,['business acumen'],"['business acumen', 'adaptability', 'collaboration']","['javascript', 'react']","['javascript', 'react']"
"education: bachelor's in computer science experience: 4 years skills: java, sql, database design, time management, javascript, docker, python, risk assessment",backend developer,bachelor's in computer science,technology,bachelor's in computer science,"['problem solving', 'collaboration', 'communication']","['adaptability', 'critical thinking', 'communication']","['sql', 'python', 'javascript', 'docker', 'node.js', 'java']","['sql', 'python', 'node.js', 'java']"
"education: bachelor's in it experience: 5 years skills: database optimization, security, mongodb, linux, tensorflow, backup recovery, sql, graphic design",database administrator,bachelor's in information technology,technology,bachelor's in information technology,"['adaptability', 'critical thinking', 'communication']","['adaptability', 'critical thinking', 'collaboration']","['sql', 'linux', 'tensorflow']","['sql', 'linux']"
"education: bachelor's in cybersecurity experience: 2 years skills: security protocols, django, networking, penetration testing, jupyter, sales, communication, risk analysis",cybersecurity specialist,bachelor's in cybersecurity,technology,bachelor's in cybersecurity,['risk analysis'],['risk analysis'],['networking'],['networking']
"education: bachelor's in computer science experience: 4 years skills: statistics, shell scripting, swift, objective-c, decision making, mobile design, redis, ios sdk",mobile developer ios,bachelor's in computer science,technology,bachelor's in computer science,"['teamwork', 'critical thinking', 'adaptability']","['teamwork', 'critical thinking', 'communication']",['rest api'],['rest api']
"education: bachelor's in engineering experience: 5 years skills: java, security architecture, time management, creativity, c++, git, python, presentation skills",software engineer,bachelor's in engineering,technology,bachelor's in computer science,"['critical thinking', 'communication', 'teamwork']","['teamwork', 'communication']","['python', 'java']","['python', 'java']"
"education: bachelor's in computer science experience: 3 years skills: mobile design, swift, scrum, rest api, ios sdk, xcode, objective-c, jira",mobile developer ios,bachelor's in computer science,technology,bachelor's in computer science,"['problem solving', 'teamwork', 'collaboration']","['problem solving', 'critical thinking', 'collaboration']",['rest api'],['rest api']
"education: bachelor's in computer science experience: 5 years skills: networking, encryption, linux, security architecture, risk management, postgresql, graphic design, compliance",security engineer,bachelor's in computer science,technology,bachelor's in computer science,"['collaboration', 'problem solving', 'adaptability']","['problem solving', 'teamwork', 'adaptability', 'collaboration']","['linux', 'networking']","['linux', 'networking']"
"education: master's in data science experience: 4 years skills: creativity, machine learning, statistics, tensorflow, scikit-learn, python, data analysis, sql",data scientist,master's in data science,technology,bachelor's in mathematics,['data analysis'],['data analysis'],"['sql', 'python', 'tensorflow']","['sql', 'python', 'tensorflow']"
"education: bachelor's in computer science experience: 3 years skills: xcode, documentation, objective-c, mobile design, swift, docker, ios sdk, rest api",mobile developer ios,bachelor's in computer science,technology,bachelor's in computer science,"['critical thinking', 'problem solving']","['problem solving', 'adaptability', 'critical thinking', 'communication']","['rest api', 'docker']",['rest api']
"education: bachelor's in computer science experience: 2 years skills: teamwork, network security, python, problem solving, java, git, c++, software design",software engineer,bachelor's in computer science,technology,bachelor's in computer science,"['communication', 'collaboration']","['problem solving', 'critical thinking', 'communication']","['python', 'java']","['python', 'java']"
"education: networking certification experience: 1 years skills: configuration, routing, cisco, security, tcp/ip, jenkins, networking, ansible",network engineer,networking certification,technology,bachelor's in information technology,"['critical thinking', 'teamwork', 'problem solving']","['teamwork', 'critical thinking']",['networking'],['networking']
"education: bachelor's in computer science experience: 4 years skills: php, python, microservices, symfony, html/css, laravel, seo, api development",php developer,bachelor's in computer science,technology,bachelor's in computer science,"['teamwork', 'collaboration', 'communication']","['teamwork', 'critical thinking', 'communication']","['python', 'mysql', 'microservices', 'php']","['mysql', 'php']"
"education: bachelor's in computer science experience: 3 years skills: financial analysis, mobile design, rest api, kotlin, xml, java, machine learning, android sdk",mobile developer android,bachelor's in computer science,technology,bachelor's in computer science,['financial analysis'],"['teamwork', 'financial analysis']","['rest api', 'java']","['rest api', 'java']"
"education: bachelor's in computer science experience: 2 years skills: mobile design, xml, cassandra, kotlin, css, android sdk, rest api, java",mobile developer android,bachelor's in computer science,technology,bachelor's in computer science,"['adaptability', 'critical thinking', 'problem solving']","['problem solving', 'teamwork', 'critical thinking', 'communication']","['rest api', 'java']","['rest api', 'java']"
"education: bachelor's in computer science experience: 5 years skills: aws, ci/cd, kubernetes, docker, firewalls, wireframing, linux, scripting",devops engineer,bachelor's in computer science,technology,bachelor's in computer science,"['critical thinking', 'problem solving', 'communication']","['problem solving', 'teamwork', 'critical thinking', 'communication']","['linux', 'docker']","['linux', 'docker']"
"education: bachelor's in computer science experience: 6 years skills: responsive design, networking, compliance, agile, c#, linux, encryption, scrum",security engineer,bachelor's in computer science,technology,bachelor's in computer science,"['adaptability', 'teamwork']","['problem solving', 'teamwork', 'adaptability', 'critical thinking']","['linux', 'networking']","['linux', 'networking']"
"education: it certification experience: 5 years skills: linux, networking, troubleshooting, confluence, security, p&l management, active directory, windows server",systems administrator,information technology certification,technology,bachelor's in information technology,"['problem solving', 'communication']","['problem solving', 'critical thinking', 'communication']","['linux', 'networking']","['linux', 'networking']"
"education: bachelor's in computer science experience: 0 years skills: html, react, project management, css, ui/ux design, vue.js, statistics, creativity",frontend developer,bachelor's in computer science,technology,bachelor's in computer science,"['collaboration', 'problem solving']","['problem solving', 'teamwork', 'collaboration', 'communication']","['javascript', 'react']","['javascript', 'react']"
"education: master's in data science experience: 3 years skills: statistics, python, sql, machine learning, data analysis, tensorflow, typescript, graphql",data scientist,master's in data science,technology,bachelor's in mathematics,['data analysis'],['data analysis'],"['sql', 'python', 'tensorflow']","['sql', 'python', 'tensorflow']"
"education: bachelor's in computer science experience: 5 years skills: ci/cd, docker, query optimization, aws, user experience, jupyter, penetration testing, linux",devops engineer,bachelor's in computer science,technology,bachelor's in computer science,"['collaboration', 'problem solving']","['problem solving', 'adaptability', 'collaboration']","['linux', 'docker']","['linux', 'docker']"
"education: bachelor's in computer science experience: 4 years skills: python, technical writing, node.js, sql, database design, azure, java, api development",backend developer,bachelor's in computer science,technology,bachelor's in computer science,"['problem solving', 'adaptability', 'critical thinking']","['problem solving', 'teamwork', 'critical thinking', 'collaboration']","['sql', 'python', 'node.js', 'java']","['sql', 'python', 'node.js', 'java']"
"education: bachelor's in it experience: 1 years skills: security, windows server, active directory, mysql, networking, troubleshooting, microservices, linux",systems administrator,bachelor's in information technology,technology,bachelor's in information technology,"['teamwork', 'collaboration']","['teamwork', 'adaptability', 'collaboration']","['linux', 'mysql', 'networking', 'microservices']","['linux', 'networking']"
"education: it certification experience: 4 years skills: app testing, project management, windows server, user interface, active directory, linux, agile, troubleshooting",systems administrator,information technology certification,technology,bachelor's in information technology,"['collaboration', 'problem solving']","['problem solving', 'teamwork', 'collaboration', 'communication']","['linux', 'networking']","['linux', 'networking']"
"education: it certification experience: 4 years skills: database optimization, p&l management, backup recovery, power bi, linux, sql, mongodb, security",database administrator,information technology certification,technology,bachelor's in information technology,"['adaptability', 'teamwork']","['teamwork', 'adaptability', 'collaboration', 'communication']","['sql', 'linux']","['sql', 'linux']"
"education: bachelor's in computer science experience: 3 years skills: kotlin, android sdk, oracle, mobile design, rest api, nosql, xml, java",mobile developer android,bachelor's in computer science,technology,bachelor's in computer science,"['collaboration', 'communication']","['problem solving', 'critical thinking', 'collaboration', 'communication']","['rest api', 'java']","['rest api', 'java']"
"education: bachelor's in computer science experience: 3 years skills: problem solving, scrum, sql, graphql, penetration testing, django, rest api, confluence",python developer,bachelor's in computer science,technology,bachelor's in computer science,"['teamwork', 'critical thinking']","['adaptability', 'critical thinking', 'communication']","['sql', 'rest api', 'python']","['sql', 'rest api', 'python']"
"education: bachelor's in computer science experience: 0 years skills: api development, php, laravel, c#, symfony, mysql, adaptability, html/css",php developer,bachelor's in computer science,technology,bachelor's in computer science,"['communication', 'problem solving', 'critical thinking']","['problem solving', 'teamwork', 'communication']","['mysql', 'php']","['mysql', 'php']"
"education: bachelor's in computer science experience: 0 years skills: flask, security protocols, django, problem solving, responsive design, rest api, python, sql",python developer,bachelor's in computer science,technology,bachelor's in computer science,"['problem solving', 'adaptability']","['problem solving', 'adaptability', 'collaboration', 'communication']","['sql', 'rest api', 'python']","['sql', 'rest api', 'python']"
"education: bachelor's in computer science experience: 5 years skills: javascript, html/css, oracle, git, node.js, database, serverless, scrum",full stack developer,bachelor's in computer science,technology,bachelor's in computer science,['data analysis'],"['problem solving', 'data analysis']","['javascript', 'node.js', 'react']","['javascript', 'node.js', 'react']"
"education: bachelor's in computer science experience: 4 years skills: api development, perl, leadership, java, node.js, postgresql, python, sql",backend developer,bachelor's in computer science,technology,bachelor's in computer science,"['adaptability', 'problem solving', 'collaboration']","['adaptability', 'critical thinking']","['sql', 'python', 'node.js', 'java']","['sql', 'python', 'node.js', 'java']"
"education: bachelor's in computer science experience: 1 years skills: hadoop, etl, python, compliance, mysql, data warehousing, spark, seo",data engineer,bachelor's in computer science,technology,bachelor's in computer science,"['critical thinking', 'collaboration']","['problem solving', 'collaboration']","['sql', 'python', 'mysql']","['sql', 'python']"
"education: bachelor's in computer science experience: 3 years skills: html, sql, business acumen, python, hadoop, etl, spark, graphql",data engineer,bachelor's in computer science,technology,bachelor's in computer science,['business acumen'],"['business acumen', 'adaptability']","['sql', 'python']","['sql', 'python']"
"education: bachelor's in computer science experience: 2 years skills: laravel, api development, vue.js, cassandra, symfony, flask, mysql, php",php developer,bachelor's in computer science,technology,bachelor's in computer science,"['critical thinking', 'adaptability']","['teamwork', 'adaptability']","['mysql', 'php']","['mysql', 'php']"
"education: security certification experience: 6 years skills: shell scripting, cassandra, security architecture, risk management, compliance, encryption, linux, networking",security engineer,security certification,technology,bachelor's in computer science,"['problem solving', 'collaboration']","['problem solving', 'teamwork', 'collaboration']","['linux', 'mysql', 'networking']","['linux', 'networking']"
"education: bachelor's in computer science experience: 8 years skills: system design, azure, cassandra, security, market research, networking, perl, gcp",cloud architect,bachelor's in computer science,technology,bachelor's in computer science,['financial analysis'],"['teamwork', 'financial analysis', 'critical thinking']",['networking'],['networking']
"education: bachelor's in computer science experience: 4 years skills: security, azure, wireframing, networking, technical writing, gcp, javascript, aws",cloud architect,bachelor's in computer science,technology,bachelor's in computer science,"['teamwork', 'collaboration']","['teamwork', 'collaboration', 'communication']","['javascript', 'networking']",['networking']
"education: bachelor's in engineering experience: 1 years skills: software design, swift, django, problem solving, git, prototyping, ci/cd, c++",software engineer,bachelor's in engineering,technology,bachelor's in computer science,"['critical thinking', 'adaptability']","['adaptability', 'critical thinking', 'collaboration']","['python', 'java']","['python', 'java']"
"education: bootcamp experience: 4 years skills: user interface, ios, redux, javascript, css, php, tensorflow, api integration",react developer,bootcamp,technology,bachelor's in computer science,"['adaptability', 'problem solving']","['problem solving', 'adaptability', 'collaboration']","['javascript', 'tensorflow', 'react', 'php']","['javascript', 'react']"
"education: bachelor's in computer science experience: 0 years skills: redux, mysql, api integration, css, marketing, web accessibility, react, html",react developer,bachelor's in computer science,technology,bachelor's in computer science,"['adaptability', 'communication', 'problem solving']","['problem solving', 'adaptability', 'critical thinking']","['mysql', 'javascript', 'react']","['javascript', 'react']"
"education: bachelor's in cybersecurity experience: 2 years skills: android, encryption, firewalls, security protocols, microservices, risk analysis, penetration testing, scikit-learn",cybersecurity specialist,bachelor's in cybersecurity,technology,bachelor's in cybersecurity,['risk analysis'],['risk analysis'],"['networking', 'microservices']",['networking']
"education: bachelor's in computer science experience: 4 years skills: xcode, financial analysis, ios sdk, rest api, mobile design, swift, objective-c, penetration testing",mobile developer ios,bachelor's in computer science,technology,bachelor's in computer science,['financial analysis'],"['financial analysis', 'critical thinking', 'adaptability']",['rest api'],['rest api']
"education: bachelor's in computer science experience: 1 years skills: serverless, html/css, database, sql, git, docker, seo, react",full stack developer,bachelor's in computer science,technology,bachelor's in computer science,"['critical thinking', 'communication', 'teamwork']","['adaptability', 'collaboration', 'communication']","['sql', 'javascript', 'docker', 'node.js', 'react']","['javascript', 'node.js', 'react']"
"education: qa certification experience: 3 years skills: bug tracking, pytorch, api testing, selenium, react, responsive design, swift, test automation",qa engineer,quality assurance certification,technology,bachelor's in information technology,"['problem solving', 'critical thinking']","['problem solving', 'critical thinking', 'communication']","['sql', 'react']",['sql']
"education: bachelor's in it experience: 4 years skills: tcp/ip, leadership, security, configuration, networking, gcp, cisco, scala",network engineer,bachelor's in information technology,technology,bachelor's in information technology,"['critical thinking', 'problem solving']","['problem solving', 'teamwork', 'critical thinking']",['networking'],['networking']
"education: bachelor's in computer science experience: 2 years skills: mobile ui/ux, confluence, git, c++, web design, software design, java, problem solving",software engineer,bachelor's in computer science,technology,bachelor's in computer science,"['problem solving', 'critical thinking']","['critical thinking', 'collaboration']","['python', 'java']","['python', 'java']"
"education: it certification experience: 4 years skills: shell scripting, kubernetes, node.js, ci/cd, linux, docker, scripting, database design",devops engineer,information technology certification,technology,bachelor's in computer science,"['problem solving', 'teamwork']","['problem solving', 'teamwork', 'collaboration']","['linux', 'docker', 'node.js']","['linux', 'docker']"
"education: bachelor's in it experience: 3 years skills: selenium, manual testing, api testing, test automation, bug tracking, kotlin, sql, adobe creative suite",qa engineer,bachelor's in information technology,technology,bachelor's in information technology,"['problem solving', 'collaboration', 'teamwork']","['teamwork', 'collaboration', 'communication']",['sql'],['sql']
"education: bachelor's in computer science experience: 4 years skills: python, php, java, ios sdk, user experience, objective-c, mobile design, rest api",mobile developer ios,bachelor's in computer science,technology,bachelor's in computer science,"['collaboration', 'adaptability', 'communication']","['adaptability', 'communication']","['rest api', 'python', 'php', 'java']",['rest api']
"education: bootcamp experience: 4 years skills: css, risk assessment, html, kotlin, api integration, redux, javascript, react",react developer,bootcamp,technology,bachelor's in computer science,"['adaptability', 'critical thinking']","['problem solving', 'critical thinking']","['javascript', 'react']","['javascript', 'react']"
"education: bachelor's in computer science experience: 5 years skills: communication, compliance, risk management, linux, encryption, security architecture, postgresql, networking",security engineer,bachelor's in computer science,technology,bachelor's in computer science,"['critical thinking', 'teamwork']","['problem solving', 'adaptability', 'critical thinking']","['linux', 'networking']","['linux', 'networking']"
"education: security certification experience: 6 years skills: numpy, networking, encryption, firewalls, leadership, penetration testing, security protocols, risk analysis",cybersecurity specialist,security certification,technology,bachelor's in cybersecurity,['risk analysis'],['risk analysis'],"['networking', 'java']",['networking']
"education: bachelor's in computer science experience: 5 years skills: database design, problem solving, node.js, serverless, sql, api development, python, java",backend developer,bachelor's in computer science,technology,bachelor's in computer science,"['teamwork', 'adaptability']","['teamwork', 'adaptability', 'communication']","['sql', 'python', 'node.js', 'java']","['sql', 'python', 'node.js', 'java']"
"education: bachelor's in computer science experience: 1 years skills: react, css, python, vue.js, user interface, javascript, ui/ux design, html",frontend developer,bachelor's in computer science,technology,bachelor's in computer science,"['problem solving', 'adaptability', 'teamwork']","['problem solving', 'adaptability', 'critical thinking']","['python', 'javascript', 'react']","['javascript', 'react']"
"education: bachelor's in computer science experience: 5 years skills: xml, rest api, mobile design, java, kotlin, figma, android sdk, network security",mobile developer android,bachelor's in computer science,technology,bachelor's in computer science,"['critical thinking', 'problem solving', 'communication']","['problem solving', 'teamwork', 'critical thinking', 'communication']","['rest api', 'java']","['rest api', 'java']"
"education: it certification experience: 4 years skills: security, strategic planning, database optimization, mongodb, linux, sql, backup recovery, project management",database administrator,information technology certification,technology,bachelor's in information technology,"['communication', 'collaboration', 'problem solving']","['problem solving', 'teamwork', 'communication']","['sql', 'linux']","['sql', 'linux']"
"education: bachelor's in computer science experience: 3 years skills: machine learning, java, cloudformation, maven, spring boot, microservices, rest api, sql",java backend developer,bachelor's in computer science,technology,bachelor's in computer science,"['critical thinking', 'teamwork', 'communication']","['adaptability', 'critical thinking', 'collaboration', 'communication']","['sql', 'rest api', 'microservices', 'java']","['sql', 'rest api', 'microservices', 'java']"
"education: master's in data science experience: 5 years skills: kubernetes, adaptability, market research, docker, swift, python, machine learning, tensorflow",data scientist,master's in data science,technology,bachelor's in mathematics,['data analysis'],['data analysis'],"['sql', 'python', 'docker', 'tensorflow']","['sql', 'python', 'tensorflow']"
"education: bachelor's in computer science experience: 1 years skills: css, javascript, c#, html, prototyping, redux, api integration, react",react developer,bachelor's in computer science,technology,bachelor's in computer science,"['problem solving', 'collaboration']","['problem solving', 'adaptability', 'collaboration']","['javascript', 'react']","['javascript', 'react']"
"education: cloud certification experience: 6 years skills: android, security, swift, php, system design, networking, aws, gcp",cloud architect,cloud certification,technology,bachelor's in computer science,"['critical thinking', 'problem solving']","['teamwork', 'critical thinking', 'communication']","['networking', 'php']",['networking']
"education: bachelor's in computer science experience: 2 years skills: user experience, python, problem solving, flask, risk assessment, django, sql, rest api",python developer,bachelor's in computer science,technology,bachelor's in computer science,"['teamwork', 'problem solving']","['problem solving', 'teamwork']","['sql', 'rest api', 'python']","['sql', 'rest api', 'python']"
"education: bachelor's in computer science experience: 3 years skills: kotlin, security protocols, java, xml, mobile design, r, rest api, android sdk",mobile developer android,bachelor's in computer science,technology,bachelor's in computer science,"['teamwork', 'communication']","['problem solving', 'teamwork', 'critical thinking', 'communication']","['rest api', 'java']","['rest api', 'java']"
"education: bachelor's in it experience: 2 years skills: api testing, manual testing, selenium, bug tracking, sql, tableau, test automation, angular",qa engineer,bachelor's in information technology,technology,bachelor's in information technology,"['adaptability', 'problem solving']","['problem solving', 'teamwork', 'adaptability', 'collaboration']",['sql'],['sql']
"education: bachelor's in computer science experience: 5 years skills: scikit-learn, css, microservices, java, spring boot, sql, rest api, android",java backend developer,bachelor's in computer science,technology,bachelor's in computer science,"['communication', 'problem solving', 'critical thinking']","['problem solving', 'adaptability', 'critical thinking', 'collaboration']","['sql', 'rest api', 'microservices', 'java']","['sql', 'rest api', 'microservices', 'java']"
"education: bachelor's in computer science experience: 1 years skills: django, java, android sdk, xml, kotlin, typescript, mobile design, rest api",mobile developer android,bachelor's in computer science,technology,bachelor's in computer science,"['teamwork', 'adaptability', 'critical thinking']","['teamwork', 'critical thinking', 'collaboration']","['rest api', 'java']","['rest api', 'java']"
"education: master's in data science experience: 5 years skills: time management, web design, machine learning, tensorflow, statistics, sql, data analysis, flask",data scientist,master's in data science,technology,bachelor's in mathematics,['data analysis'],['data analysis'],"['sql', 'python', 'tensorflow']","['sql', 'python', 'tensorflow']"
"education: bachelor's in computer science experience: 3 years skills: penetration testing, java, spring boot, jenkins, rest api, sql, microservices, maven",java backend developer,bachelor's in computer science,technology,bachelor's in computer science,"['adaptability', 'teamwork']","['teamwork', 'communication']","['sql', 'rest api', 'microservices', 'java']","['sql', 'rest api', 'microservices', 'java']"
"education: diploma in it experience: 1 years skills: html/css, git, query optimization, node.js, database, business development, react, agile",full stack developer,diploma in information technology,technology,bachelor's in computer science,"['problem solving', 'communication', 'adaptability']","['problem solving', 'critical thinking', 'collaboration', 'communication']","['javascript', 'node.js', 'react']","['javascript', 'node.js', 'react']"
"education: diploma in it experience: 4 years skills: git, html/css, react, javascript, database, mobile security, postgresql, node.js",full stack developer,diploma in information technology,technology,bachelor's in computer science,"['collaboration', 'communication']","['problem solving', 'collaboration', 'communication']","['javascript', 'node.js', 'react']","['javascript', 'node.js', 'react']"
"education: bachelor's in computer science experience: 4 years skills: react native, c#, numpy, financial analysis, kotlin, android sdk, java, rest api",mobile developer android,bachelor's in computer science,technology,bachelor's in computer science,['financial analysis'],"['financial analysis', 'critical thinking']","['rest api', 'java']","['rest api', 'java']"
"education: master's in data science experience: 1 years skills: sql, prototyping, vue.js, data analysis, python, mobile ui/ux, django, machine learning",data scientist,master's in data science,technology,bachelor's in mathematics,['data analysis'],['data analysis'],"['sql', 'python', 'tensorflow']","['sql', 'python', 'tensorflow']"
"education: bachelor's in computer science experience: 2 years skills: symfony, mysql, api development, nosql, critical thinking, laravel, html/css, php",php developer,bachelor's in computer science,technology,bachelor's in computer science,"['adaptability', 'collaboration', 'critical thinking']","['teamwork', 'adaptability', 'collaboration', 'communication']","['mysql', 'php']","['mysql', 'php']"
"education: bachelor's in computer science experience: 5 years skills: budget management, flask, sql, maven, spring boot, microservices, jupyter, java",java backend developer,bachelor's in computer science,technology,bachelor's in computer science,"['problem solving', 'adaptability']","['problem solving', 'adaptability', 'critical thinking']","['sql', 'rest api', 'microservices', 'java']","['sql', 'rest api', 'microservices', 'java']"
"education: bachelor's in computer science experience: 2 years skills: php, rust, javascript, html, vue.js, css, time management, react",frontend developer,bachelor's in computer science,technology,bachelor's in computer science,"['communication', 'collaboration', 'problem solving']","['problem solving', 'adaptability', 'critical thinking', 'collaboration']","['javascript', 'react', 'php']","['javascript', 'react']"
"education: bachelor's in computer science experience: 4 years skills: api integration, redux, numpy, market research, ansible, html, react, javascript",react developer,bachelor's in computer science,technology,bachelor's in computer science,"['critical thinking', 'communication']","['problem solving', 'critical thinking', 'communication']","['javascript', 'react']","['javascript', 'react']"
"education: bachelor's in computer science experience: 2 years skills: javascript, redux, html, time management, tensorflow, react, css, typescript",react developer,bachelor's in computer science,technology,bachelor's in computer science,"['teamwork', 'collaboration']","['teamwork', 'adaptability', 'collaboration']","['javascript', 'tensorflow', 'react']","['javascript', 'react']"
"education: networking certification experience: 1 years skills: routing, ios, cisco, networking, security, configuration, tcp/ip, agile",network engineer,networking certification,technology,bachelor's in information technology,"['collaboration', 'critical thinking', 'problem solving']","['problem solving', 'teamwork', 'adaptability', 'collaboration']",['networking'],['networking']
"education: bachelor's in computer science experience: 5 years skills: data analysis, database, git, r, html/css, react, security protocols, javascript",full stack developer,bachelor's in computer science,technology,bachelor's in computer science,['data analysis'],"['problem solving', 'communication', 'data analysis']","['javascript', 'node.js', 'react']","['javascript', 'node.js', 'react']"
"education: it certification experience: 3 years skills: database optimization, jupyter, communication, mongodb, security, database design, postgresql, linux",database administrator,information technology certification,technology,bachelor's in information technology,"['collaboration', 'problem solving', 'critical thinking']","['teamwork', 'critical thinking', 'collaboration']","['sql', 'linux']","['sql', 'linux']"
"education: bachelor's in computer science experience: 1 years skills: perl, rest api, sql, microservices, java, maven, statistics, spring boot",java backend developer,bachelor's in computer science,technology,bachelor's in computer science,"['critical thinking', 'teamwork']","['teamwork', 'critical thinking', 'collaboration']","['sql', 'rest api', 'microservices', 'java']","['sql', 'rest api', 'microservices', 'java']"
"education: bachelor's in computer science experience: 3 years skills: go, python, api development, serverless, deep learning, node.js, sql, database design",backend developer,bachelor's in computer science,technology,bachelor's in computer science,"['communication', 'adaptability']","['adaptability', 'collaboration', 'communication']","['sql', 'python', 'node.js', 'java']","['sql', 'python', 'node.js', 'java']"
"education: bachelor's in computer science experience: 4 years skills: kotlin, xml, java, r, python, mobile design, android sdk, perl",mobile developer android,bachelor's in computer science,technology,bachelor's in computer science,"['teamwork', 'critical thinking']","['problem solving', 'teamwork', 'critical thinking']","['rest api', 'python', 'java']","['rest api', 'java']"
"education: security certification experience: 3 years skills: serverless, tableau, risk analysis, encryption, firewalls, security protocols, networking, financial analysis",cybersecurity specialist,security certification,technology,bachelor's in cybersecurity,"['financial analysis', 'risk analysis']",['risk analysis'],"['python', 'networking']",['networking']
"education: bachelor's in computer science experience: 2 years skills: api development, c#, cassandra, python, adobe creative suite, node.js, sql, database design",backend developer,bachelor's in computer science,technology,bachelor's in computer science,"['problem solving', 'collaboration']","['problem solving', 'teamwork', 'adaptability', 'collaboration']","['sql', 'python', 'node.js', 'java']","['sql', 'python', 'node.js', 'java']"
"education: bachelor's in engineering experience: 5 years skills: cassandra, problem solving, git, python, c++, microservices, pandas, technical writing",software engineer,bachelor's in engineering,technology,bachelor's in computer science,"['adaptability', 'critical thinking', 'teamwork']","['problem solving', 'adaptability']","['python', 'microservices', 'java']","['python', 'java']"
"education: bachelor's in computer science experience: 2 years skills: mysql, php, symfony, c++, api development, compliance, html/css, laravel",php developer,bachelor's in computer science,technology,bachelor's in computer science,"['communication', 'critical thinking']","['teamwork', 'critical thinking', 'collaboration']","['mysql', 'php']","['mysql', 'php']"
"education: security certification experience: 5 years skills: financial analysis, security architecture, encryption, compliance, risk management, linux, networking, docker",security engineer,security certification,technology,bachelor's in computer science,['financial analysis'],"['problem solving', 'financial analysis']","['linux', 'docker', 'networking']","['linux', 'networking']"
"education: bachelor's in engineering experience: 2 years skills: git, web design, java, software design, c++, technical writing, python, problem solving",software engineer,bachelor's in engineering,technology,bachelor's in computer science,"['communication', 'problem solving']","['problem solving', 'collaboration', 'communication']","['python', 'java']","['python', 'java']"
"education: bachelor's in computer science experience: 3 years skills: business development, sql, data warehousing, agile, prototyping, etl, hadoop, spark",data engineer,bachelor's in computer science,technology,bachelor's in computer science,"['critical thinking', 'problem solving']","['problem solving', 'teamwork', 'critical thinking']","['sql', 'python']","['sql', 'python']"
"education: bachelor's in computer science experience: 3 years skills: sql, python, api development, node.js, firewalls, java, database design, decision making",backend developer,bachelor's in computer science,technology,bachelor's in computer science,"['teamwork', 'problem solving']","['problem solving', 'teamwork']","['sql', 'python', 'node.js', 'java']","['sql', 'python', 'node.js', 'java']"
"education: cloud certification experience: 6 years skills: aws, security, graphic design, azure, system design, node.js, networking, network security",cloud architect,cloud certification,technology,bachelor's in computer science,"['critical thinking', 'collaboration']","['critical thinking', 'collaboration', 'communication']","['networking', 'node.js']",['networking']
"education: bachelor's in computer science experience: 1 years skills: compliance, business development, mysql, symfony, api development, html/css, laravel, php",php developer,bachelor's in computer science,technology,bachelor's in computer science,"['problem solving', 'communication', 'collaboration']","['problem solving', 'teamwork', 'adaptability', 'communication']","['mysql', 'php']","['mysql', 'php']"
"education: it certification experience: 1 years skills: troubleshooting, security, jira, linux, active directory, user experience, windows server, networking",systems administrator,information technology certification,technology,bachelor's in information technology,"['collaboration', 'teamwork', 'problem solving']","['problem solving', 'teamwork', 'critical thinking']","['linux', 'networking']","['linux', 'networking']"
"education: bachelor's in computer science experience: 0 years skills: sql, flask, rust, problem solving, web design, mobile ui/ux, rest api, python",python developer,bachelor's in computer science,technology,bachelor's in computer science,"['communication', 'critical thinking', 'teamwork']","['teamwork', 'adaptability', 'critical thinking', 'communication']","['sql', 'rest api', 'python']","['sql', 'rest api', 'python']"
"education: bachelor's in computer science experience: 2 years skills: perl, symfony, react native, api development, php, laravel, mysql, html/css",php developer,bachelor's in computer science,technology,bachelor's in computer science,"['communication', 'adaptability', 'problem solving']","['adaptability', 'communication']","['mysql', 'php']","['mysql', 'php']"
"education: bachelor's in computer science experience: 5 years skills: p&l management, mobile design, ios, leadership, rest api, flask, objective-c, swift",mobile developer ios,bachelor's in computer science,technology,bachelor's in computer science,"['critical thinking', 'adaptability']","['problem solving', 'teamwork', 'critical thinking']",['rest api'],['rest api']
"education: bachelor's in computer science experience: 4 years skills: compliance, statistics, swift, xcode, mobile design, rest api, objective-c, ios sdk",mobile developer ios,bachelor's in computer science,technology,bachelor's in computer science,"['critical thinking', 'adaptability', 'collaboration']","['adaptability', 'critical thinking', 'communication']",['rest api'],['rest api']
"education: it certification experience: 2 years skills: user experience, market research, kubernetes, networking, active directory, windows server, linux, android",systems administrator,information technology certification,technology,bachelor's in information technology,"['adaptability', 'teamwork']","['teamwork', 'adaptability', 'communication']","['linux', 'networking']","['linux', 'networking']"
"education: networking certification experience: 3 years skills: networking, mentoring, configuration, adobe creative suite, leadership, routing, communication, tcp/ip",network engineer,networking certification,technology,bachelor's in information technology,"['critical thinking', 'communication', 'adaptability']","['adaptability', 'critical thinking']",['networking'],['networking']
"education: bachelor's in computer science experience: 1 years skills: django, problem solving, rest api, sql, mobile security, flask, python, strategic planning",python developer,bachelor's in computer science,technology,bachelor's in computer science,"['adaptability', 'communication', 'collaboration']","['problem solving', 'teamwork', 'collaboration', 'communication']","['sql', 'rest api', 'python']","['sql', 'rest api', 'python']"
"education: bachelor's in computer science experience: 0 years skills: swift, django, scikit-learn, flask, sql, python, power bi, rest api",python developer,bachelor's in computer science,technology,bachelor's in computer science,"['adaptability', 'critical thinking', 'communication']","['problem solving', 'critical thinking', 'communication']","['sql', 'rest api', 'python']","['sql', 'rest api', 'python']"
"education: networking certification experience: 5 years skills: confluence, routing, terraform, cisco, configuration, tcp/ip, security, numpy",network engineer,networking certification,technology,bachelor's in information technology,"['communication', 'adaptability']","['teamwork', 'adaptability', 'critical thinking', 'communication']",['networking'],['networking']
"education: bachelor's in it experience: 2 years skills: mobile security, market research, ci/cd, flask, cisco, tcp/ip, networking, react native",network engineer,bachelor's in information technology,technology,bachelor's in information technology,"['problem solving', 'teamwork']","['problem solving', 'teamwork', 'collaboration']",['networking'],['networking']
"education: bachelor's in cybersecurity experience: 5 years skills: networking, firewalls, documentation, risk analysis, encryption, penetration testing, c++, market research",cybersecurity specialist,bachelor's in cybersecurity,technology,bachelor's in cybersecurity,['risk analysis'],['risk analysis'],['networking'],['networking']
"education: bachelor's in computer science experience: 3 years skills: sql, python, api development, java, node.js, sales, documentation, database design",backend developer,bachelor's in computer science,technology,bachelor's in computer science,"['communication', 'collaboration']","['adaptability', 'collaboration', 'communication']","['sql', 'python', 'node.js', 'java']","['sql', 'python', 'node.js', 'java']"
"education: bachelor's in computer science experience: 2 years skills: mongodb, docker, css, html, data analysis, javascript, react, redux",react developer,bachelor's in computer science,technology,bachelor's in computer science,['data analysis'],"['problem solving', 'data analysis']","['javascript', 'docker', 'react']","['javascript', 'react']"
"education: it certification experience: 4 years skills: cloudformation, mongodb, kotlin, sql, java, backup recovery, security, database optimization",database administrator,information technology certification,technology,bachelor's in information technology,"['adaptability', 'collaboration']","['teamwork', 'critical thinking', 'collaboration']","['sql', 'linux', 'java']","['sql', 'linux']"
"education: networking certification experience: 1 years skills: tcp/ip, node.js, security, networking, responsive design, routing, cisco, configuration",network engineer,networking certification,technology,bachelor's in information technology,"['teamwork', 'communication']","['problem solving', 'collaboration', 'communication']","['networking', 'node.js']",['networking']
"education: security certification experience: 3 years skills: networking, web accessibility, risk management, responsive design, css, encryption, security architecture, tableau",security engineer,security certification,technology,bachelor's in computer science,"['critical thinking', 'problem solving', 'teamwork']","['problem solving', 'teamwork', 'communication']","['linux', 'networking']","['linux', 'networking']"
"education: security certification experience: 3 years skills: penetration testing, security protocols, encryption, kubernetes, kotlin, django, firewalls, networking",cybersecurity specialist,security certification,technology,bachelor's in cybersecurity,['risk analysis'],['risk analysis'],['networking'],['networking']
"education: bachelor's in computer science experience: 5 years skills: app testing, kotlin, rest api, xml, java, android sdk, redis, serverless",mobile developer android,bachelor's in computer science,technology,bachelor's in computer science,['data analysis'],"['problem solving', 'data analysis']","['rest api', 'java']","['rest api', 'java']"
"education: bachelor's in computer science experience: 1 years skills: machine learning, rest api, jenkins, spring boot, java, maven, sql, microservices",java backend developer,bachelor's in computer science,technology,bachelor's in computer science,"['communication', 'adaptability', 'problem solving']","['adaptability', 'critical thinking', 'collaboration', 'communication']","['sql', 'rest api', 'microservices', 'java']","['sql', 'rest api', 'microservices', 'java']"
"education: security certification experience: 5 years skills: risk analysis, seo, penetration testing, encryption, terraform, firewalls, security protocols, networking",cybersecurity specialist,security certification,technology,bachelor's in cybersecurity,['risk analysis'],['risk analysis'],['networking'],['networking']
"education: bachelor's in computer science experience: 4 years skills: rest api, scala, security protocols, problem solving, presentation skills, django, python, penetration testing",python developer,bachelor's in computer science,technology,bachelor's in computer science,"['problem solving', 'collaboration']","['problem solving', 'adaptability', 'collaboration', 'communication']","['sql', 'rest api', 'python']","['sql', 'rest api', 'python']"
"education: bachelor's in computer science experience: 1 years skills: python, git, query optimization, java, c++, software design, react native, rust",software engineer,bachelor's in computer science,technology,bachelor's in computer science,"['teamwork', 'problem solving', 'communication']","['problem solving', 'collaboration']","['python', 'java']","['python', 'java']"
"education: bachelor's in computer science experience: 2 years skills: networking, encryption, firewalls, risk management, security architecture, compliance, linux, swift",security engineer,bachelor's in computer science,technology,bachelor's in computer science,"['teamwork', 'collaboration']","['teamwork', 'critical thinking', 'communication']","['linux', 'networking']","['linux', 'networking']"
"education: bachelor's in computer science experience: 4 years skills: system design, numpy, compliance, azure, gcp, c#, security, aws",cloud architect,bachelor's in computer science,technology,bachelor's in computer science,"['adaptability', 'collaboration']","['adaptability', 'communication']","['tensorflow', 'networking']",['networking']
"education: bachelor's in computer science experience: 2 years skills: security protocols, javascript, laravel, postgresql, presentation skills, api development, leadership, symfony",php developer,bachelor's in computer science,technology,bachelor's in computer science,"['problem solving', 'collaboration']","['problem solving', 'critical thinking', 'collaboration', 'communication']","['mysql', 'javascript', 'php']","['mysql', 'php']"
"education: diploma in it experience: 5 years skills: leadership, encryption, pandas, swift, react, database, git, javascript",full stack developer,diploma in information technology,technology,bachelor's in computer science,"['collaboration', 'problem solving']","['problem solving', 'critical thinking', 'collaboration']","['javascript', 'node.js', 'react']","['javascript', 'node.js', 'react']"
"education: bachelor's in computer science experience: 2 years skills: mongodb, xcode, mobile design, deep learning, rest api, ios sdk, objective-c, swift",mobile developer ios,bachelor's in computer science,technology,bachelor's in computer science,"['communication', 'teamwork', 'collaboration']","['problem solving', 'critical thinking', 'collaboration', 'communication']",['rest api'],['rest api']
"education: bachelor's in it experience: 1 years skills: confluence, troubleshooting, security, linux, windows server, networking, active directory, figma",systems administrator,bachelor's in information technology,technology,bachelor's in information technology,"['adaptability', 'problem solving']","['problem solving', 'communication']","['linux', 'networking']","['linux', 'networking']"
"education: it certification experience: 3 years skills: mongodb, sql, linux, python, database optimization, pandas, security, backup recovery",database administrator,information technology certification,technology,bachelor's in information technology,"['collaboration', 'critical thinking']","['teamwork', 'critical thinking', 'collaboration', 'communication']","['sql', 'python', 'linux']","['sql', 'linux']"
"education: bachelor's in computer science experience: 3 years skills: data warehousing, etl, hadoop, python, deep learning, kotlin, spark, web design",data engineer,bachelor's in computer science,technology,bachelor's in computer science,"['communication', 'collaboration']","['adaptability', 'critical thinking', 'collaboration', 'communication']","['sql', 'python']","['sql', 'python']"
"education: bachelor's in mathematics experience: 1 years skills: statistics, machine learning, tableau, security architecture, python, data analysis, kubernetes, tensorflow",data scientist,bachelor's in mathematics,technology,bachelor's in mathematics,['data analysis'],['data analysis'],"['sql', 'python', 'tensorflow']","['sql', 'python', 'tensorflow']"
"education: bachelor's in computer science experience: 4 years skills: api integration, javascript, technical writing, css, deep learning, redux, pytorch, react",react developer,bachelor's in computer science,technology,bachelor's in computer science,"['communication', 'collaboration']","['problem solving', 'teamwork', 'communication']","['javascript', 'react']","['javascript', 'react']"
"education: qa certification experience: 2 years skills: selenium, api testing, adaptability, manual testing, marketing, sql, bug tracking, test automation",qa engineer,quality assurance certification,technology,bachelor's in information technology,"['critical thinking', 'adaptability', 'problem solving']","['problem solving', 'adaptability', 'communication']",['sql'],['sql']
"education: bachelor's in computer science experience: 2 years skills: responsive design, kanban, python, database design, strategic planning, sql, node.js, user experience",backend developer,bachelor's in computer science,technology,bachelor's in computer science,"['problem solving', 'collaboration', 'teamwork']","['problem solving', 'critical thinking']","['sql', 'python', 'node.js', 'java']","['sql', 'python', 'node.js', 'java']"
"education: networking certification experience: 3 years skills: networking, configuration, security, cisco, node.js, routing, tableau, tensorflow",network engineer,networking certification,technology,bachelor's in information technology,"['collaboration', 'adaptability']","['adaptability', 'critical thinking', 'collaboration']","['networking', 'tensorflow', 'node.js']",['networking']
"education: bachelor's in computer science experience: 3 years skills: etl, spark, problem solving, hadoop, network security, data warehousing, sql, rust",data engineer,bachelor's in computer science,technology,bachelor's in computer science,"['critical thinking', 'communication']","['problem solving', 'adaptability', 'critical thinking']","['sql', 'python']","['sql', 'python']"
"education: bachelor's in computer science experience: 6 years skills: linux, django, encryption, compliance, networking, mysql, security architecture, risk management",security engineer,bachelor's in computer science,technology,bachelor's in computer science,"['teamwork', 'communication']","['teamwork', 'adaptability', 'communication']","['linux', 'mysql', 'networking']","['linux', 'networking']"
"education: bachelor's in computer science experience: 5 years skills: ci/cd, git, gcp, java, redis, financial analysis, problem solving, p&l management",software engineer,bachelor's in computer science,technology,bachelor's in computer science,['financial analysis'],"['problem solving', 'financial analysis', 'collaboration']","['python', 'java']","['python', 'java']"
"education: networking certification experience: 1 years skills: security, cisco, configuration, tcp/ip, user experience, app testing, pytorch, networking",network engineer,networking certification,technology,bachelor's in information technology,"['critical thinking', 'communication', 'adaptability']","['problem solving', 'adaptability']",['networking'],['networking']
"education: bachelor's in computer science experience: 5 years skills: compliance, linux, networking, react native, encryption, security architecture, tableau, risk management",security engineer,bachelor's in computer science,technology,bachelor's in computer science,"['adaptability', 'problem solving', 'critical thinking']","['problem solving', 'adaptability', 'critical thinking']","['linux', 'networking']","['linux', 'networking']"
"education: security certification experience: 5 years skills: encryption, risk assessment, penetration testing, networking, firewalls, risk analysis, security protocols, postgresql",cybersecurity specialist,security certification,technology,bachelor's in cybersecurity,['risk analysis'],['risk analysis'],['networking'],['networking']
"education: bachelor's in computer science experience: 1 years skills: sql, kanban, microservices, serverless, java, spring boot, c++, maven",java backend developer,bachelor's in computer science,technology,bachelor's in computer science,['financial analysis'],"['financial analysis', 'collaboration']","['sql', 'rest api', 'microservices', 'java']","['sql', 'rest api', 'microservices', 'java']"
"education: bachelor's in computer science experience: 2 years skills: ui/ux design, teamwork, css, html, javascript, react, python, vue.js",frontend developer,bachelor's in computer science,technology,bachelor's in computer science,"['adaptability', 'communication', 'critical thinking']","['problem solving', 'teamwork', 'adaptability', 'critical thinking']","['python', 'javascript', 'react']","['javascript', 'react']"
"education: bachelor's in computer science experience: 1 years skills: business acumen, scrum, rest api, problem solving, sql, flask, python, postgresql",python developer,bachelor's in computer science,technology,bachelor's in computer science,['business acumen'],"['business acumen', 'teamwork', 'critical thinking']","['sql', 'rest api', 'python']","['sql', 'rest api', 'python']"
"education: bootcamp experience: 4 years skills: html, machine learning, api integration, css, mobile security, redux, javascript, react",react developer,bootcamp,technology,bachelor's in computer science,"['collaboration', 'problem solving', 'critical thinking']","['critical thinking', 'collaboration', 'communication']","['javascript', 'react']","['javascript', 'react']"
"education: it certification experience: 5 years skills: database optimization, ruby, security, sql, mongodb, linux, backup recovery, network security",database administrator,information technology certification,technology,bachelor's in information technology,"['problem solving', 'adaptability', 'teamwork']","['teamwork', 'adaptability', 'critical thinking']","['sql', 'linux']","['sql', 'linux']"
"education: bachelor's in mathematics experience: 2 years skills: sql, tensorflow, statistics, kotlin, data analysis, machine learning, leadership, python",data scientist,bachelor's in mathematics,technology,bachelor's in mathematics,['data analysis'],['data analysis'],"['sql', 'python', 'tensorflow']","['sql', 'python', 'tensorflow']"
"education: bachelor's in computer science experience: 2 years skills: microservices, spring boot, java, react, rest api, sql, perl, project management",java backend developer,bachelor's in computer science,technology,bachelor's in computer science,"['communication', 'adaptability', 'collaboration']","['adaptability', 'critical thinking']","['sql', 'rest api', 'python', 'microservices', 'react', 'java']","['sql', 'rest api', 'microservices', 'java']"
"education: bachelor's in computer science experience: 5 years skills: rest api, cassandra, spring boot, agile, microservices, java, sql, maven",java backend developer,bachelor's in computer science,technology,bachelor's in computer science,['data analysis'],"['critical thinking', 'data analysis']","['sql', 'rest api', 'microservices', 'java']","['sql', 'rest api', 'microservices', 'java']"
"education: it certification experience: 3 years skills: active directory, teamwork, security, market research, troubleshooting, networking, linux, windows server",systems administrator,information technology certification,technology,bachelor's in information technology,"['adaptability', 'communication']","['problem solving', 'adaptability', 'communication']","['linux', 'networking']","['linux', 'networking']"
"education: bachelor's in computer science experience: 1 years skills: cassandra, swift, data warehousing, network security, hadoop, spark, etl, sql",data engineer,bachelor's in computer science,technology,bachelor's in computer science,"['teamwork', 'communication', 'adaptability']","['problem solving', 'adaptability', 'communication']","['sql', 'python']","['sql', 'python']"
"education: bachelor's in computer science experience: 6 years skills: serverless, azure, networking, kotlin, gcp, system design, mobile ui/ux, penetration testing",cloud architect,bachelor's in computer science,technology,bachelor's in computer science,"['collaboration', 'communication', 'critical thinking']","['teamwork', 'adaptability', 'communication']",['networking'],['networking']
"education: bachelor's in computer science experience: 3 years skills: sql, penetration testing, django, problem solving, swift, rest api, communication, python",python developer,bachelor's in computer science,technology,bachelor's in computer science,"['collaboration', 'critical thinking', 'adaptability']","['problem solving', 'adaptability', 'critical thinking']","['sql', 'rest api', 'python']","['sql', 'rest api', 'python']"
"education: it certification experience: 4 years skills: linux, mongodb, adaptability, terraform, tableau, backup recovery, security, database optimization",database administrator,information technology certification,technology,bachelor's in information technology,['financial analysis'],"['financial analysis', 'critical thinking', 'communication']","['sql', 'linux', 'microservices']","['sql', 'linux']"
"education: bachelor's in computer science experience: 1 years skills: html/css, react, postgresql, javascript, git, database, machine learning, business acumen",full stack developer,bachelor's in computer science,technology,bachelor's in computer science,['business acumen'],"['business acumen', 'critical thinking', 'communication']","['javascript', 'node.js', 'react']","['javascript', 'node.js', 'react']"
"education: bachelor's in computer science experience: 4 years skills: cassandra, machine learning, firewalls, maven, java, rest api, spring boot, microservices",java backend developer,bachelor's in computer science,technology,bachelor's in computer science,"['collaboration', 'problem solving']","['problem solving', 'critical thinking', 'collaboration']","['sql', 'rest api', 'microservices', 'java']","['sql', 'rest api', 'microservices', 'java']"
"education: bachelor's in computer science experience: 2 years skills: serverless, xml, java, mobile design, kotlin, android sdk, rest api, documentation",mobile developer android,bachelor's in computer science,technology,bachelor's in computer science,"['collaboration', 'critical thinking']","['teamwork', 'collaboration', 'communication']","['rest api', 'java']","['rest api', 'java']"
"education: bachelor's in computer science experience: 2 years skills: redux, seo, javascript, css, business development, aws, deep learning, api integration",react developer,bachelor's in computer science,technology,bachelor's in computer science,"['critical thinking', 'communication']","['problem solving', 'teamwork', 'critical thinking', 'communication']","['javascript', 'react']","['javascript', 'react']"
"education: cloud certification experience: 4 years skills: react native, azure, security, system design, ios, gcp, shell scripting, aws",cloud architect,cloud certification,technology,bachelor's in computer science,"['communication', 'collaboration']","['problem solving', 'critical thinking', 'collaboration']","['python', 'networking']",['networking']
"education: diploma in it experience: 0 years skills: html, react, css, ui/ux design, vue.js, android, oracle, javascript",frontend developer,diploma in information technology,technology,bachelor's in computer science,"['teamwork', 'communication']","['teamwork', 'adaptability', 'critical thinking', 'communication']","['javascript', 'react']","['javascript', 'react']"
"education: security certification experience: 4 years skills: compliance, encryption, security architecture, risk management, linux, communication, networking, scikit-learn",security engineer,security certification,technology,bachelor's in computer science,"['teamwork', 'problem solving', 'communication']","['problem solving', 'critical thinking', 'communication']","['linux', 'networking', 'php']","['linux', 'networking']"
"education: bootcamp experience: 4 years skills: c++, html, api integration, react, numpy, adaptability, javascript, redux",react developer,bootcamp,technology,bachelor's in computer science,"['collaboration', 'adaptability', 'critical thinking']","['problem solving', 'teamwork', 'collaboration']","['javascript', 'react']","['javascript', 'react']"
"education: bachelor's in computer science experience: 4 years skills: node.js, database design, security architecture, redis, java, problem solving, python, sql",backend developer,bachelor's in computer science,technology,bachelor's in computer science,"['collaboration', 'adaptability']","['teamwork', 'adaptability']","['sql', 'python', 'node.js', 'java']","['sql', 'python', 'node.js', 'java']"
"education: bachelor's in computer science experience: 1 years skills: graphic design, agile, javascript, css, react, html, api integration, redux",react developer,bachelor's in computer science,technology,bachelor's in computer science,"['problem solving', 'collaboration']","['collaboration', 'communication']","['javascript', 'react']","['javascript', 'react']"
"education: bachelor's in it experience: 4 years skills: postgresql, tensorflow, sql, test automation, seo, scala, selenium, bug tracking",qa engineer,bachelor's in information technology,technology,bachelor's in information technology,['data analysis'],"['collaboration', 'data analysis']","['sql', 'tensorflow']",['sql']
"education: bachelor's in mathematics experience: 3 years skills: decision making, flask, django, c++, tensorflow, sql, python, statistics",data scientist,bachelor's in mathematics,technology,bachelor's in mathematics,['data analysis'],['data analysis'],"['sql', 'python', 'mysql', 'tensorflow']","['sql', 'python', 'tensorflow']"
"education: bachelor's in computer science experience: 3 years skills: android, sql, database design, api development, java, python, kotlin, node.js",backend developer,bachelor's in computer science,technology,bachelor's in computer science,"['adaptability', 'critical thinking']","['adaptability', 'critical thinking', 'collaboration']","['sql', 'python', 'node.js', 'java']","['sql', 'python', 'node.js', 'java']"
"education: bachelor's in computer science experience: 3 years skills: react, power bi, angular, mobile ui/ux, ui/ux design, vue.js, css, html",frontend developer,bachelor's in computer science,technology,bachelor's in computer science,"['communication', 'collaboration']","['adaptability', 'collaboration', 'communication']","['javascript', 'react']","['javascript', 'react']"
"education: networking certification experience: 2 years skills: networking, aws, tcp/ip, routing, configuration, adaptability, cisco, security",network engineer,networking certification,technology,bachelor's in information technology,"['collaboration', 'critical thinking', 'teamwork']","['teamwork', 'adaptability', 'critical thinking']",['networking'],['networking']
"education: bachelor's in computer science experience: 1 years skills: python, scikit-learn, django, sql, problem solving, swift, flask, azure",python developer,bachelor's in computer science,technology,bachelor's in computer science,"['collaboration', 'teamwork', 'problem solving']","['problem solving', 'teamwork', 'collaboration']","['sql', 'rest api', 'python']","['sql', 'rest api', 'python']"
"education: bachelor's in computer science experience: 1 years skills: react, css, oracle, critical thinking, html, ui/ux design, vue.js, javascript",frontend developer,bachelor's in computer science,technology,bachelor's in computer science,"['critical thinking', 'communication']","['teamwork', 'critical thinking', 'communication']","['javascript', 'react', 'php']","['javascript', 'react']"
"education: it certification experience: 3 years skills: penetration testing, troubleshooting, security, active directory, networking, windows server, linux, css",systems administrator,information technology certification,technology,bachelor's in information technology,"['collaboration', 'teamwork', 'critical thinking']","['teamwork', 'adaptability', 'collaboration', 'communication']","['linux', 'networking']","['linux', 'networking']"
"education: security certification experience: 3 years skills: security architecture, compliance, encryption, networking, risk management, penetration testing, nosql, azure",security engineer,security certification,technology,bachelor's in computer science,"['teamwork', 'collaboration']","['critical thinking', 'collaboration', 'communication']","['linux', 'networking']","['linux', 'networking']"
"education: bachelor's in computer science experience: 2 years skills: kotlin, android sdk, rest api, ci/cd, java, sales, mobile design, xml",mobile developer android,bachelor's in computer science,technology,bachelor's in computer science,"['adaptability', 'problem solving', 'collaboration']","['problem solving', 'adaptability', 'critical thinking', 'collaboration']","['rest api', 'java']","['rest api', 'java']"
"education: security certification experience: 6 years skills: risk analysis, sales, mysql, security protocols, deep learning, encryption, firewalls, networking",cybersecurity specialist,security certification,technology,bachelor's in cybersecurity,['risk analysis'],['risk analysis'],"['mysql', 'networking', 'node.js']",['networking']
"education: bachelor's in it experience: 3 years skills: python, tableau, sql, linux, backup recovery, security, database optimization, mongodb",database administrator,bachelor's in information technology,technology,bachelor's in information technology,"['teamwork', 'communication', 'critical thinking']","['teamwork', 'adaptability', 'communication']","['sql', 'python', 'linux']","['sql', 'linux']"
"education: bachelor's in computer science experience: 1 years skills: sql, graphic design, ci/cd, api development, database design, node.js, python, java",backend developer,bachelor's in computer science,technology,bachelor's in computer science,"['problem solving', 'critical thinking', 'collaboration']","['problem solving', 'adaptability']","['sql', 'python', 'node.js', 'java']","['sql', 'python', 'node.js', 'java']"
"education: bachelor's in cybersecurity experience: 5 years skills: encryption, scala, css, networking, security protocols, risk analysis, penetration testing, teamwork",cybersecurity specialist,bachelor's in cybersecurity,technology,bachelor's in cybersecurity,['risk analysis'],['risk analysis'],['networking'],['networking']
"education: bachelor's in computer science experience: 1 years skills: user experience, sql, java, maven, ios, business development, spring boot, microservices",java backend developer,bachelor's in computer science,technology,bachelor's in computer science,"['collaboration', 'problem solving', 'adaptability']","['adaptability', 'critical thinking', 'collaboration']","['sql', 'rest api', 'mysql', 'microservices', 'java']","['sql', 'rest api', 'microservices', 'java']"
"education: networking certification experience: 1 years skills: configuration, security, cisco, mobile ui/ux, routing, adobe creative suite, networking, tcp/ip",network engineer,networking certification,technology,bachelor's in information technology,"['adaptability', 'teamwork', 'critical thinking']","['problem solving', 'teamwork', 'adaptability', 'communication']",['networking'],['networking']
"education: bachelor's in computer science experience: 3 years skills: maven, microservices, sql, documentation, vue.js, technical writing, java, react",java backend developer,bachelor's in computer science,technology,bachelor's in computer science,"['collaboration', 'teamwork']","['teamwork', 'collaboration', 'communication']","['sql', 'rest api', 'node.js', 'microservices', 'react', 'java']","['sql', 'rest api', 'microservices', 'java']"
"education: bachelor's in cybersecurity experience: 5 years skills: penetration testing, encryption, r, vue.js, security protocols, risk analysis, firewalls, networking",cybersecurity specialist,bachelor's in cybersecurity,technology,bachelor's in cybersecurity,['risk analysis'],['risk analysis'],['networking'],['networking']
"education: bachelor's in it experience: 4 years skills: css, sql, database optimization, linux, security, backup recovery, mongodb, time management",database administrator,bachelor's in information technology,technology,bachelor's in information technology,"['critical thinking', 'problem solving', 'collaboration']","['problem solving', 'critical thinking']","['sql', 'linux']","['sql', 'linux']"
"education: security certification experience: 5 years skills: prototyping, web accessibility, security architecture, css, linux, project management, networking, risk management",security engineer,security certification,technology,bachelor's in computer science,"['critical thinking', 'problem solving', 'teamwork']","['problem solving', 'critical thinking', 'communication']","['linux', 'networking']","['linux', 'networking']"
"education: diploma in it experience: 4 years skills: vue.js, network security, javascript, html/css, react, database, responsive design, node.js",full stack developer,diploma in information technology,technology,bachelor's in computer science,"['adaptability', 'critical thinking']","['adaptability', 'critical thinking', 'communication']","['javascript', 'node.js', 'react']","['javascript', 'node.js', 'react']"
"education: bachelor's in cybersecurity experience: 4 years skills: firewalls, encryption, security protocols, pandas, ci/cd, risk analysis, networking, penetration testing",cybersecurity specialist,bachelor's in cybersecurity,technology,bachelor's in cybersecurity,['risk analysis'],['risk analysis'],['networking'],['networking']
"education: bachelor's in computer science experience: 5 years skills: java, rest api, maven, microservices, encryption, jenkins, sql, power bi",java backend developer,bachelor's in computer science,technology,bachelor's in computer science,"['critical thinking', 'teamwork', 'adaptability']","['problem solving', 'adaptability', 'collaboration']","['sql', 'rest api', 'microservices', 'java']","['sql', 'rest api', 'microservices', 'java']"
"education: bachelor's in mathematics experience: 1 years skills: machine learning, cloudformation, tensorflow, data analysis, security protocols, sql, python, statistics",data scientist,bachelor's in mathematics,technology,bachelor's in mathematics,['data analysis'],['data analysis'],"['sql', 'python', 'tensorflow']","['sql', 'python', 'tensorflow']"
"education: bachelor's in computer science experience: 1 years skills: mysql, laravel, ci/cd, php, budget management, symfony, html/css, api development",php developer,bachelor's in computer science,technology,bachelor's in computer science,"['problem solving', 'communication', 'teamwork']","['problem solving', 'teamwork', 'critical thinking', 'communication']","['mysql', 'php']","['mysql', 'php']"
"education: bachelor's in it experience: 3 years skills: ios, security, troubleshooting, communication, windows server, azure, linux, active directory",systems administrator,bachelor's in information technology,technology,bachelor's in information technology,"['teamwork', 'problem solving']","['problem solving', 'teamwork', 'collaboration']","['linux', 'javascript', 'networking']","['linux', 'networking']"
"education: bachelor's in computer science experience: 3 years skills: wireframing, decision making, c++, shell scripting, leadership, python, java, problem solving",software engineer,bachelor's in computer science,technology,bachelor's in computer science,"['communication', 'teamwork']","['teamwork', 'adaptability', 'collaboration']","['python', 'java']","['python', 'java']"
"education: bachelor's in computer science experience: 3 years skills: django, symfony, documentation, responsive design, html/css, mysql, user experience, tensorflow",php developer,bachelor's in computer science,technology,bachelor's in computer science,"['problem solving', 'adaptability']","['problem solving', 'adaptability', 'collaboration']","['mysql', 'tensorflow', 'php']","['mysql', 'php']"
"education: bachelor's in computer science experience: 4 years skills: technical writing, kubernetes, sql, time management, java, spring boot, microservices, maven",java backend developer,bachelor's in computer science,technology,bachelor's in computer science,"['teamwork', 'problem solving']","['problem solving', 'critical thinking']","['sql', 'rest api', 'microservices', 'java']","['sql', 'rest api', 'microservices', 'java']"
"education: bachelor's in it experience: 5 years skills: negotiation, aws, sql, security, web design, mongodb, database optimization, mobile ui/ux",database administrator,bachelor's in information technology,technology,bachelor's in information technology,"['collaboration', 'teamwork', 'problem solving']","['problem solving', 'teamwork', 'critical thinking', 'collaboration']","['sql', 'linux']","['sql', 'linux']"
"education: bachelor's in it experience: 1 years skills: python, networking, swift, windows server, security, troubleshooting, linux, pytorch",systems administrator,bachelor's in information technology,technology,bachelor's in information technology,"['adaptability', 'problem solving']","['problem solving', 'adaptability', 'collaboration', 'communication']","['python', 'linux', 'networking']","['linux', 'networking']"
"education: diploma in it experience: 4 years skills: terraform, database, html/css, javascript, react, encryption, django, sql",full stack developer,diploma in information technology,technology,bachelor's in computer science,"['collaboration', 'communication']","['problem solving', 'collaboration']","['sql', 'javascript', 'node.js', 'react']","['javascript', 'node.js', 'react']"
"education: networking certification experience: 4 years skills: security, security protocols, marketing, cisco, configuration, tcp/ip, routing, networking",network engineer,networking certification,technology,bachelor's in information technology,"['critical thinking', 'problem solving']","['problem solving', 'adaptability']",['networking'],['networking']
"education: bachelor's in computer science experience: 5 years skills: vue.js, mentoring, ios sdk, responsive design, objective-c, rest api, go, mobile design",mobile developer ios,bachelor's in computer science,technology,bachelor's in computer science,"['critical thinking', 'teamwork', 'communication']","['problem solving', 'teamwork', 'collaboration', 'communication']",['rest api'],['rest api']
"education: bachelor's in mathematics experience: 1 years skills: sql, tensorflow, android, rust, django, python, statistics, data analysis",data scientist,bachelor's in mathematics,technology,bachelor's in mathematics,['data analysis'],['data analysis'],"['sql', 'python', 'tensorflow']","['sql', 'python', 'tensorflow']"
"education: bachelor's in computer science experience: 4 years skills: kubernetes, encryption, jira, system design, networking, flutter, gcp, azure",cloud architect,bachelor's in computer science,technology,bachelor's in computer science,"['teamwork', 'critical thinking']","['problem solving', 'critical thinking', 'collaboration']",['networking'],['networking']
"education: bachelor's in computer science experience: 1 years skills: database, react, git, mobile security, mobile ui/ux, javascript, web accessibility, node.js",full stack developer,bachelor's in computer science,technology,bachelor's in computer science,"['communication', 'critical thinking']","['collaboration', 'communication']","['javascript', 'node.js', 'react']","['javascript', 'node.js', 'react']"
"education: bachelor's in cybersecurity experience: 3 years skills: security protocols, networking, cloudformation, encryption, risk analysis, query optimization, penetration testing, firewalls",cybersecurity specialist,bachelor's in cybersecurity,technology,bachelor's in cybersecurity,['risk analysis'],['risk analysis'],['networking'],['networking']
"education: bachelor's in computer science experience: 7 years skills: postgresql, system design, gcp, networking, confluence, rest api, teamwork, azure",cloud architect,bachelor's in computer science,technology,bachelor's in computer science,"['collaboration', 'teamwork', 'communication']","['problem solving', 'teamwork', 'critical thinking', 'communication']","['rest api', 'networking']",['networking']
"education: bachelor's in mathematics experience: 5 years skills: tensorflow, statistics, machine learning, prototyping, data analysis, sql, python, critical thinking",data scientist,bachelor's in mathematics,technology,bachelor's in mathematics,['data analysis'],['data analysis'],"['sql', 'python', 'tensorflow']","['sql', 'python', 'tensorflow']"
"education: bachelor's in computer science experience: 2 years skills: flask, problem solving, python, business acumen, budget management, django, sql, rest api",python developer,bachelor's in computer science,technology,bachelor's in computer science,['business acumen'],"['problem solving', 'business acumen', 'collaboration']","['sql', 'rest api', 'python']","['sql', 'rest api', 'python']"
"education: bachelor's in computer science experience: 3 years skills: aws, cloudformation, docker, linux, scripting, vue.js, kubernetes, cassandra",devops engineer,bachelor's in computer science,technology,bachelor's in computer science,"['adaptability', 'collaboration', 'problem solving']","['problem solving', 'adaptability', 'collaboration']","['linux', 'docker']","['linux', 'docker']"
"education: cloud certification experience: 4 years skills: networking, user experience, azure, mentoring, aws, system design, security, gcp",cloud architect,cloud certification,technology,bachelor's in computer science,"['collaboration', 'adaptability', 'problem solving']","['problem solving', 'adaptability', 'collaboration', 'communication']",['networking'],['networking']
"education: bachelor's in it experience: 3 years skills: scala, active directory, security, java, deep learning, windows server, shell scripting, docker",systems administrator,bachelor's in information technology,technology,bachelor's in information technology,"['teamwork', 'critical thinking', 'communication']","['adaptability', 'critical thinking', 'communication']","['linux', 'docker', 'networking', 'java']","['linux', 'networking']"
"education: bachelor's in computer science experience: 5 years skills: rest api, kotlin, react native, machine learning, java, azure, angular, android sdk",mobile developer android,bachelor's in computer science,technology,bachelor's in computer science,"['adaptability', 'critical thinking']","['teamwork', 'adaptability', 'critical thinking', 'communication']","['rest api', 'java']","['rest api', 'java']"
"education: bachelor's in mathematics experience: 1 years skills: python, sql, penetration testing, machine learning, data analysis, tensorflow, r, business acumen",data scientist,bachelor's in mathematics,technology,bachelor's in mathematics,"['business acumen', 'data analysis']",['data analysis'],"['sql', 'python', 'tensorflow']","['sql', 'python', 'tensorflow']"
"education: it certification experience: 5 years skills: backup recovery, flask, database optimization, sql, mongodb, linux, user interface, teamwork",database administrator,information technology certification,technology,bachelor's in information technology,"['adaptability', 'teamwork', 'critical thinking']","['teamwork', 'adaptability', 'critical thinking']","['sql', 'linux']","['sql', 'linux']"
"education: bachelor's in computer science experience: 6 years skills: risk management, security architecture, communication, linux, encryption, user experience, presentation skills, compliance",security engineer,bachelor's in computer science,technology,bachelor's in computer science,"['collaboration', 'teamwork', 'critical thinking']","['teamwork', 'collaboration', 'communication']","['rest api', 'linux', 'networking']","['linux', 'networking']"
"education: it certification experience: 3 years skills: docker, encryption, tensorflow, scripting, teamwork, aws, linux, numpy",devops engineer,information technology certification,technology,bachelor's in computer science,"['teamwork', 'critical thinking']","['teamwork', 'adaptability', 'critical thinking', 'collaboration']","['linux', 'docker', 'tensorflow']","['linux', 'docker']"
"education: bachelor's in computer science experience: 1 years skills: sql, power bi, mobile security, flutter, html, database design, java, node.js",backend developer,bachelor's in computer science,technology,bachelor's in computer science,"['communication', 'teamwork']","['teamwork', 'critical thinking']","['sql', 'python', 'node.js', 'java']","['sql', 'python', 'node.js', 'java']"
"education: bachelor's in computer science experience: 1 years skills: r, data analysis, rest api, django, problem solving, business development, sql, flask",python developer,bachelor's in computer science,technology,bachelor's in computer science,['data analysis'],"['communication', 'adaptability', 'data analysis']","['sql', 'rest api', 'python']","['sql', 'rest api', 'python']"
"education: it certification experience: 2 years skills: jenkins, linux, presentation skills, mongodb, ios, database optimization, security, budget management",database administrator,information technology certification,technology,bachelor's in information technology,"['teamwork', 'adaptability', 'problem solving']","['teamwork', 'adaptability', 'collaboration']","['sql', 'linux']","['sql', 'linux']"
"education: bachelor's in computer science experience: 0 years skills: python, problem solving, rest api, node.js, flask, django, compliance, ios",python developer,bachelor's in computer science,technology,bachelor's in computer science,['financial analysis'],"['financial analysis', 'collaboration', 'adaptability']","['sql', 'rest api', 'python', 'node.js']","['sql', 'rest api', 'python']"
"education: master's in data science experience: 4 years skills: sql, teamwork, pytorch, documentation, tensorflow, data analysis, machine learning, statistics",data scientist,master's in data science,technology,bachelor's in mathematics,['data analysis'],['data analysis'],"['sql', 'python', 'tensorflow']","['sql', 'python', 'tensorflow']"
"education: bachelor's in computer science experience: 6 years skills: aws, networking, django, system design, security, azure, gcp, jira",cloud architect,bachelor's in computer science,technology,bachelor's in computer science,"['problem solving', 'collaboration', 'adaptability']","['problem solving', 'adaptability', 'critical thinking', 'collaboration']",['networking'],['networking']
"education: bachelor's in computer science experience: 1 years skills: css, html, react, vue.js, database design, javascript, market research, ui/ux design",frontend developer,bachelor's in computer science,technology,bachelor's in computer science,"['teamwork', 'critical thinking']","['teamwork', 'adaptability', 'critical thinking']","['javascript', 'react']","['javascript', 'react']"
"education: master's in data science experience: 1 years skills: sql, python, tensorflow, go, statistics, machine learning, kotlin, data analysis",data scientist,master's in data science,technology,bachelor's in mathematics,['data analysis'],['data analysis'],"['sql', 'python', 'tensorflow']","['sql', 'python', 'tensorflow']"
"education: bachelor's in it experience: 4 years skills: linux, networking, windows server, active directory, firewalls, encryption, security architecture, flutter",systems administrator,bachelor's in information technology,technology,bachelor's in information technology,"['teamwork', 'problem solving']","['problem solving', 'teamwork', 'collaboration', 'communication']","['linux', 'networking']","['linux', 'networking']"
"education: bootcamp experience: 2 years skills: python, css, redux, business acumen, html, kanban, react, user interface",react developer,bootcamp,technology,bachelor's in computer science,['business acumen'],"['problem solving', 'business acumen', 'teamwork']","['python', 'javascript', 'react']","['javascript', 'react']"
"education: bachelor's in computer science experience: 5 years skills: gcp, networking, deep learning, security, risk assessment, azure, aws, system design",cloud architect,bachelor's in computer science,technology,bachelor's in computer science,"['critical thinking', 'collaboration']","['critical thinking', 'collaboration']",['networking'],['networking']
"education: networking certification experience: 5 years skills: security, ansible, routing, tcp/ip, configuration, security architecture, networking, cisco",network engineer,networking certification,technology,bachelor's in information technology,"['adaptability', 'problem solving', 'critical thinking']","['teamwork', 'adaptability', 'critical thinking']",['networking'],['networking']
"education: bachelor's in computer science experience: 5 years skills: python, api development, sql, rust, react native, business development, django, node.js",backend developer,bachelor's in computer science,technology,bachelor's in computer science,"['teamwork', 'critical thinking']","['problem solving', 'teamwork', 'critical thinking']","['sql', 'python', 'node.js', 'java']","['sql', 'python', 'node.js', 'java']"
"education: bachelor's in computer science experience: 3 years skills: git, c++, ansible, software design, javascript, java, python, mentoring",software engineer,bachelor's in computer science,technology,bachelor's in computer science,"['collaboration', 'teamwork']","['teamwork', 'adaptability']","['python', 'javascript', 'java']","['python', 'java']"
"education: bachelor's in computer science experience: 1 years skills: ui/ux design, javascript, html, vue.js, css, mobile security, react, business acumen",frontend developer,bachelor's in computer science,technology,bachelor's in computer science,['business acumen'],"['business acumen', 'teamwork', 'adaptability']","['javascript', 'react']","['javascript', 'react']"
"education: bachelor's in mathematics experience: 3 years skills: machine learning, tensorflow, jenkins, python, statistics, data analysis, sql, redis",data scientist,bachelor's in mathematics,technology,bachelor's in mathematics,['data analysis'],['data analysis'],"['sql', 'python', 'tensorflow']","['sql', 'python', 'tensorflow']"
"education: qa certification experience: 2 years skills: test automation, sql, bug tracking, presentation skills, api testing, graphql, selenium, security protocols",qa engineer,quality assurance certification,technology,bachelor's in information technology,"['communication', 'problem solving']","['teamwork', 'critical thinking', 'communication']",['sql'],['sql']
"education: bachelor's in computer science experience: 2 years skills: ci/cd, aws, kubernetes, docker, wireframing, ruby, linux, scripting",devops engineer,bachelor's in computer science,technology,bachelor's in computer science,"['communication', 'teamwork']","['problem solving', 'teamwork', 'critical thinking', 'communication']","['linux', 'docker']","['linux', 'docker']"
"education: bachelor's in computer science experience: 5 years skills: hadoop, sql, python, etl, spark, user experience, data warehousing, technical writing",data engineer,bachelor's in computer science,technology,bachelor's in computer science,"['teamwork', 'communication', 'problem solving']","['problem solving', 'collaboration', 'communication']","['sql', 'python']","['sql', 'python']"
"education: bachelor's in computer science experience: 1 years skills: mysql, c#, api development, data analysis, html/css, ios, laravel, php",php developer,bachelor's in computer science,technology,bachelor's in computer science,['data analysis'],"['teamwork', 'critical thinking', 'data analysis']","['mysql', 'php']","['mysql', 'php']"
"education: bachelor's in computer science experience: 4 years skills: java, perl, mobile design, aws, kotlin, xml, rest api, ansible",mobile developer android,bachelor's in computer science,technology,bachelor's in computer science,"['teamwork', 'collaboration']","['teamwork', 'adaptability', 'communication']","['rest api', 'java']","['rest api', 'java']"
"education: bachelor's in computer science experience: 3 years skills: decision making, docker, query optimization, aws, ci/cd, scripting, kubernetes, linux",devops engineer,bachelor's in computer science,technology,bachelor's in computer science,"['teamwork', 'critical thinking']","['problem solving', 'teamwork']","['linux', 'docker']","['linux', 'docker']"
"education: bachelor's in computer science experience: 3 years skills: sales, rest api, kubernetes, microservices, maven, java, spring boot, sql",java backend developer,bachelor's in computer science,technology,bachelor's in computer science,"['teamwork', 'adaptability']","['problem solving', 'teamwork', 'adaptability']","['sql', 'rest api', 'microservices', 'java']","['sql', 'rest api', 'microservices', 'java']"
"education: bachelor's in it experience: 4 years skills: routing, security, perl, configuration, cisco, decision making, networking, tcp/ip",network engineer,bachelor's in information technology,technology,bachelor's in information technology,"['collaboration', 'teamwork', 'adaptability']","['problem solving', 'collaboration', 'communication']",['networking'],['networking']
"education: networking certification experience: 5 years skills: tcp/ip, routing, networking, mysql, app testing, ansible, scrum, market research",network engineer,networking certification,technology,bachelor's in information technology,"['adaptability', 'communication', 'collaboration']","['problem solving', 'collaboration', 'communication']","['mysql', 'networking']",['networking']
"education: bachelor's in computer science experience: 2 years skills: kubernetes, ci/cd, flask, redis, linux, aws, docker, user interface",devops engineer,bachelor's in computer science,technology,bachelor's in computer science,"['problem solving', 'critical thinking']","['problem solving', 'critical thinking', 'collaboration']","['linux', 'docker']","['linux', 'docker']"
"education: bachelor's in computer science experience: 3 years skills: microservices, html/css, git, ruby, database, django, node.js, react",full stack developer,bachelor's in computer science,technology,bachelor's in computer science,"['critical thinking', 'collaboration']","['problem solving', 'critical thinking', 'collaboration', 'communication']","['javascript', 'node.js', 'microservices', 'react']","['javascript', 'node.js', 'react']"
"education: bachelor's in it experience: 2 years skills: linux, kotlin, database optimization, presentation skills, backup recovery, sql, mongodb, react native",database administrator,bachelor's in information technology,technology,bachelor's in information technology,"['collaboration', 'critical thinking', 'communication']","['teamwork', 'communication']","['sql', 'linux']","['sql', 'linux']"
"education: bachelor's in computer science experience: 4 years skills: java, rest api, mobile design, android sdk, xml, swift, presentation skills, kotlin",mobile developer android,bachelor's in computer science,technology,bachelor's in computer science,"['collaboration', 'communication', 'problem solving']","['problem solving', 'adaptability', 'critical thinking', 'communication']","['rest api', 'java']","['rest api', 'java']"
"education: bachelor's in computer science experience: 5 years skills: java, spring boot, business acumen, maven, sql, microservices, rest api, tensorflow",java backend developer,bachelor's in computer science,technology,bachelor's in computer science,['business acumen'],"['business acumen', 'adaptability']","['sql', 'rest api', 'tensorflow', 'microservices', 'java']","['sql', 'rest api', 'microservices', 'java']"
"education: bachelor's in computer science experience: 1 years skills: kotlin, web accessibility, android sdk, rest api, documentation, xml, mobile design, java",mobile developer android,bachelor's in computer science,technology,bachelor's in computer science,"['collaboration', 'critical thinking', 'adaptability']","['problem solving', 'adaptability', 'collaboration']","['rest api', 'java']","['rest api', 'java']"
"education: security certification experience: 4 years skills: networking, risk management, business development, linux, postgresql, security architecture, responsive design, compliance",security engineer,security certification,technology,bachelor's in computer science,"['adaptability', 'teamwork']","['adaptability', 'collaboration']","['linux', 'networking']","['linux', 'networking']"
"education: security certification experience: 5 years skills: encryption, compliance, communication, c++, linux, security architecture, risk management, networking",security engineer,security certification,technology,bachelor's in computer science,"['communication', 'critical thinking', 'problem solving']","['problem solving', 'teamwork', 'critical thinking']","['linux', 'networking']","['linux', 'networking']"
"education: qa certification experience: 3 years skills: pytorch, kotlin, bug tracking, security protocols, test automation, oracle, manual testing, scala",qa engineer,quality assurance certification,technology,bachelor's in information technology,"['teamwork', 'adaptability']","['adaptability', 'communication']",['sql'],['sql']
"education: bachelor's in computer science experience: 0 years skills: mongodb, react, css, javascript, html, redux, api integration, query optimization",react developer,bachelor's in computer science,technology,bachelor's in computer science,"['teamwork', 'communication']","['problem solving', 'communication']","['javascript', 'react']","['javascript', 'react']"
"education: bachelor's in it experience: 3 years skills: cloudformation, backup recovery, mongodb, user interface, security, database optimization, sql, linux",database administrator,bachelor's in information technology,technology,bachelor's in information technology,"['collaboration', 'communication', 'teamwork']","['adaptability', 'collaboration']","['sql', 'linux']","['sql', 'linux']"
"education: bachelor's in computer science experience: 4 years skills: python, docker, graphql, java, business acumen, django, sql, rest api",python developer,bachelor's in computer science,technology,bachelor's in computer science,['business acumen'],"['business acumen', 'teamwork', 'communication']","['sql', 'rest api', 'python', 'docker', 'java']","['sql', 'rest api', 'python']"
"education: bachelor's in computer science experience: 3 years skills: docker, ansible, kubernetes, kanban, ci/cd, rust, scripting, aws",devops engineer,bachelor's in computer science,technology,bachelor's in computer science,"['adaptability', 'teamwork', 'critical thinking']","['problem solving', 'adaptability', 'critical thinking', 'collaboration']","['linux', 'docker']","['linux', 'docker']"
"education: bachelor's in computer science experience: 2 years skills: django, flask, sql, python, swift, problem solving, agile, pytorch",python developer,bachelor's in computer science,technology,bachelor's in computer science,"['communication', 'critical thinking', 'problem solving']","['problem solving', 'adaptability', 'critical thinking']","['sql', 'rest api', 'python']","['sql', 'rest api', 'python']"
"education: bachelor's in cybersecurity experience: 6 years skills: firewalls, networking, encryption, penetration testing, risk analysis, business acumen, problem solving, security protocols",cybersecurity specialist,bachelor's in cybersecurity,technology,bachelor's in cybersecurity,"['business acumen', 'risk analysis']",['risk analysis'],['networking'],['networking']
"education: bachelor's in computer science experience: 5 years skills: database, javascript, node.js, deep learning, strategic planning, git, teamwork, graphic design",full stack developer,bachelor's in computer science,technology,bachelor's in computer science,"['collaboration', 'teamwork', 'communication']","['adaptability', 'collaboration', 'communication']","['javascript', 'node.js', 'react']","['javascript', 'node.js', 'react']"
"education: bachelor's in computer science experience: 2 years skills: jupyter, sql, hadoop, user experience, problem solving, python, data warehousing, pytorch",data engineer,bachelor's in computer science,technology,bachelor's in computer science,"['adaptability', 'communication']","['teamwork', 'critical thinking', 'communication']","['sql', 'python']","['sql', 'python']"
"education: bachelor's in computer science experience: 5 years skills: nosql, sql, spark, python, hadoop, data warehousing, react native, etl",data engineer,bachelor's in computer science,technology,bachelor's in computer science,"['adaptability', 'critical thinking', 'problem solving']","['adaptability', 'critical thinking', 'collaboration']","['sql', 'python']","['sql', 'python']"
"education: bachelor's in computer science experience: 1 years skills: mysql, php, laravel, css, symfony, rest api, r, api development",php developer,bachelor's in computer science,technology,bachelor's in computer science,"['communication', 'adaptability', 'teamwork']","['critical thinking', 'collaboration', 'communication']","['rest api', 'mysql', 'php']","['mysql', 'php']"
"education: networking certification experience: 5 years skills: tcp/ip, configuration, networking, routing, swift, mongodb, vue.js, cisco",network engineer,networking certification,technology,bachelor's in information technology,"['communication', 'collaboration']","['problem solving', 'collaboration', 'communication']",['networking'],['networking']
"education: bachelor's in computer science experience: 2 years skills: presentation skills, api development, database design, agile, vue.js, python, node.js, sql",backend developer,bachelor's in computer science,technology,bachelor's in computer science,"['problem solving', 'collaboration', 'communication']","['adaptability', 'collaboration', 'communication']","['sql', 'python', 'node.js', 'java']","['sql', 'python', 'node.js', 'java']"
"education: bachelor's in it experience: 3 years skills: security, networking, postgresql, time management, troubleshooting, active directory, figma, windows server",systems administrator,bachelor's in information technology,technology,bachelor's in information technology,"['adaptability', 'communication', 'critical thinking']","['teamwork', 'adaptability', 'critical thinking', 'collaboration']","['linux', 'networking']","['linux', 'networking']"
"education: bootcamp experience: 0 years skills: redux, jenkins, aws, javascript, wireframing, terraform, problem solving, react",react developer,bootcamp,technology,bachelor's in computer science,"['adaptability', 'problem solving', 'critical thinking']","['problem solving', 'adaptability', 'critical thinking', 'communication']","['javascript', 'react']","['javascript', 'react']"
"education: diploma in it experience: 2 years skills: javascript, vue.js, ui/ux design, react, css, network security, html, pytorch",frontend developer,diploma in information technology,technology,bachelor's in computer science,"['collaboration', 'communication']","['collaboration', 'communication']","['javascript', 'react']","['javascript', 'react']"
"education: it certification experience: 5 years skills: linux, gcp, adaptability, mongodb, responsive design, database optimization, pytorch, backup recovery",database administrator,information technology certification,technology,bachelor's in information technology,"['collaboration', 'communication']","['problem solving', 'critical thinking', 'communication']","['sql', 'linux']","['sql', 'linux']"
"education: bachelor's in computer science experience: 3 years skills: xml, security protocols, java, rest api, android sdk, critical thinking, mobile design, kotlin",mobile developer android,bachelor's in computer science,technology,bachelor's in computer science,"['problem solving', 'collaboration']","['problem solving', 'teamwork', 'collaboration']","['rest api', 'java']","['rest api', 'java']"
"education: bachelor's in computer science experience: 1 years skills: sql, project management, django, problem solving, go, serverless, rest api, flask",python developer,bachelor's in computer science,technology,bachelor's in computer science,"['collaboration', 'problem solving', 'communication']","['teamwork', 'collaboration', 'communication']","['sql', 'rest api', 'python']","['sql', 'rest api', 'python']"
"education: bachelor's in computer science experience: 2 years skills: kotlin, strategic planning, mobile design, xml, rest api, tableau, java, pytorch",mobile developer android,bachelor's in computer science,technology,bachelor's in computer science,"['collaboration', 'teamwork']","['problem solving', 'teamwork', 'critical thinking', 'collaboration']","['rest api', 'java']","['rest api', 'java']"
"education: bachelor's in computer science experience: 4 years skills: python, data analysis, c++, budget management, java, software design, git, problem solving",software engineer,bachelor's in computer science,technology,bachelor's in computer science,['data analysis'],"['communication', 'critical thinking', 'data analysis']","['python', 'java']","['python', 'java']"
"education: bachelor's in mathematics experience: 2 years skills: excel, sql, statistical analysis, python, tableau, data visualization, graphql, penetration testing",data analyst,bachelor's in mathematics,technology,bachelor's in mathematics,['statistical analysis'],['statistical analysis'],"['sql', 'python']","['sql', 'python']"
"education: bachelor's in business experience: 3 years skills: excel, sql, stakeholder communication, react, documentation, process improvement, numpy, query optimization",business analyst,bachelor's in business,technology,bachelor's in business,"['critical thinking', 'problem solving', 'teamwork']","['problem solving', 'teamwork', 'adaptability']","['sql', 'react']",['sql']
"education: bachelor's in business experience: 3 years skills: excel, gcp, requirements gathering, terraform, stakeholder communication, sql, process improvement, documentation",business analyst,bachelor's in business,technology,bachelor's in business,"['critical thinking', 'communication']","['adaptability', 'critical thinking', 'communication']",['sql'],['sql']
"education: bachelor's in business experience: 1 years skills: responsive design, requirements gathering, process improvement, excel, web accessibility, documentation, prototyping, business development",business analyst,bachelor's in business,technology,bachelor's in business,"['problem solving', 'critical thinking']","['problem solving', 'adaptability']","['sql', 'javascript']",['sql']
"education: bachelor's in computer science experience: 4 years skills: process improvement, stakeholder communication, documentation, query optimization, requirements gathering, excel, ios, sql",business analyst,bachelor's in computer science,technology,bachelor's in business,"['problem solving', 'communication', 'critical thinking']","['problem solving', 'collaboration', 'communication']",['sql'],['sql']
"education: bachelor's in computer science experience: 4 years skills: graphql, sql, excel, process improvement, budget management, requirements gathering, stakeholder communication, documentation",business analyst,bachelor's in computer science,technology,bachelor's in business,"['critical thinking', 'teamwork']","['problem solving', 'teamwork', 'critical thinking', 'collaboration']",['sql'],['sql']
"education: bachelor's in business experience: 4 years skills: sql, stakeholder communication, documentation, excel, strategic planning, requirements gathering, process improvement, css",business analyst,bachelor's in business,technology,bachelor's in business,"['adaptability', 'teamwork', 'communication']","['teamwork', 'adaptability', 'critical thinking']",['sql'],['sql']
"education: bachelor's in business experience: 1 years skills: stakeholder communication, azure, p&l management, requirements gathering, angular, user experience, documentation, sql",business analyst,bachelor's in business,technology,bachelor's in business,"['collaboration', 'teamwork']","['teamwork', 'adaptability', 'collaboration', 'communication']",['sql'],['sql']
"education: bachelor's in mathematics experience: 2 years skills: firewalls, tableau, statistics, scrum, python, kanban, sql, excel",data analyst,bachelor's in mathematics,technology,bachelor's in mathematics,['statistical analysis'],['statistical analysis'],"['sql', 'python']","['sql', 'python']"
"education: bachelor's in business experience: 5 years skills: stakeholder communication, pytorch, excel, seo, r, sql, machine learning, process improvement",business analyst,bachelor's in business,technology,bachelor's in business,"['critical thinking', 'problem solving']","['problem solving', 'critical thinking', 'communication']",['sql'],['sql']
"education: bachelor's in statistics experience: 4 years skills: excel, sql, documentation, data visualization, tableau, statistical analysis, go, python",data analyst,bachelor's in statistics,technology,bachelor's in mathematics,['statistical analysis'],['statistical analysis'],"['sql', 'python']","['sql', 'python']"
"education: bachelor's in computer science experience: 2 years skills: jupyter, requirements gathering, sql, excel, time management, kubernetes, firewalls, stakeholder communication",business analyst,bachelor's in computer science,technology,bachelor's in business,"['critical thinking', 'adaptability']","['teamwork', 'adaptability', 'critical thinking']",['sql'],['sql']
"education: bachelor's in business experience: 1 years skills: sql, documentation, p&l management, c++, excel, requirements gathering, problem solving, stakeholder communication",business analyst,bachelor's in business,technology,bachelor's in business,"['problem solving', 'teamwork', 'critical thinking']","['problem solving', 'teamwork', 'adaptability', 'critical thinking']",['sql'],['sql']
"education: bachelor's in business experience: 4 years skills: requirements gathering, sql, azure, documentation, stakeholder communication, process improvement, excel, app testing",business analyst,bachelor's in business,technology,bachelor's in business,"['problem solving', 'teamwork']","['problem solving', 'teamwork', 'adaptability']",['sql'],['sql']
"education: bachelor's in business experience: 4 years skills: security architecture, requirements gathering, sql, scala, process improvement, excel, kotlin, creativity",business analyst,bachelor's in business,technology,bachelor's in business,"['collaboration', 'teamwork']","['problem solving', 'teamwork']",['sql'],['sql']
"education: bachelor's in mathematics experience: 1 years skills: user experience, jenkins, deep learning, sql, tableau, python, excel, data visualization",data analyst,bachelor's in mathematics,technology,bachelor's in mathematics,['statistical analysis'],['statistical analysis'],"['sql', 'python']","['sql', 'python']"
"education: bachelor's in business experience: 2 years skills: query optimization, requirements gathering, documentation, process improvement, sql, rest api, c#, stakeholder communication",business analyst,bachelor's in business,technology,bachelor's in business,"['communication', 'collaboration']","['critical thinking', 'collaboration']","['sql', 'rest api']",['sql']
"education: bachelor's in statistics experience: 3 years skills: decision making, data visualization, sql, user experience, tableau, statistical analysis, excel, python",data analyst,bachelor's in statistics,technology,bachelor's in mathematics,['statistical analysis'],['statistical analysis'],"['sql', 'python']","['sql', 'python']"
"education: bachelor's in business experience: 5 years skills: process improvement, decision making, node.js, excel, documentation, stakeholder communication, sql, strategic planning",business analyst,bachelor's in business,technology,bachelor's in business,"['problem solving', 'teamwork']","['problem solving', 'teamwork', 'adaptability', 'critical thinking']","['sql', 'javascript', 'node.js']",['sql']
"education: bachelor's in business experience: 5 years skills: ruby, requirements gathering, database design, documentation, process improvement, sql, stakeholder communication, excel",business analyst,bachelor's in business,technology,bachelor's in business,"['communication', 'teamwork']","['teamwork', 'critical thinking']",['sql'],['sql']
"education: bachelor's in statistics experience: 2 years skills: figma, excel, statistical analysis, tableau, sql, confluence, data visualization, python",data analyst,bachelor's in statistics,technology,bachelor's in mathematics,['statistical analysis'],['statistical analysis'],"['sql', 'python']","['sql', 'python']"
"education: bachelor's in computer science experience: 1 years skills: process improvement, documentation, excel, requirements gathering, graphic design, node.js, ios, sql",business analyst,bachelor's in computer science,technology,bachelor's in business,"['adaptability', 'teamwork']","['teamwork', 'critical thinking', 'communication']","['sql', 'node.js']",['sql']
"education: bachelor's in business experience: 5 years skills: html, numpy, requirements gathering, jupyter, excel, stakeholder communication, sql, app testing",business analyst,bachelor's in business,technology,bachelor's in business,"['communication', 'teamwork']","['problem solving', 'teamwork', 'adaptability']",['sql'],['sql']
"education: bachelor's in computer science experience: 1 years skills: leadership, aws, documentation, stakeholder communication, power bi, sql, process improvement, requirements gathering",business analyst,bachelor's in computer science,technology,bachelor's in business,"['problem solving', 'communication', 'teamwork']","['problem solving', 'teamwork', 'communication']",['sql'],['sql']
"education: bachelor's in business experience: 4 years skills: excel, stakeholder communication, documentation, decision making, mysql, sql, requirements gathering, web design",business analyst,bachelor's in business,technology,bachelor's in business,"['critical thinking', 'communication']","['problem solving', 'teamwork', 'communication']","['sql', 'python', 'mysql']",['sql']
"education: bachelor's in mathematics experience: 4 years skills: ansible, excel, penetration testing, python, tableau, statistical analysis, decision making, data visualization",data analyst,bachelor's in mathematics,technology,bachelor's in mathematics,['statistical analysis'],['statistical analysis'],"['sql', 'python']","['sql', 'python']"
"education: bachelor's in computer science experience: 3 years skills: jira, stakeholder communication, kotlin, redis, documentation, jupyter, sql, requirements gathering",business analyst,bachelor's in computer science,technology,bachelor's in business,"['teamwork', 'adaptability']","['teamwork', 'adaptability', 'critical thinking']",['sql'],['sql']
"education: bachelor's in mathematics experience: 4 years skills: web design, tensorflow, mysql, sql, statistical analysis, python, tableau, machine learning",data analyst,bachelor's in mathematics,technology,bachelor's in mathematics,['statistical analysis'],['statistical analysis'],"['sql', 'python', 'mysql', 'tensorflow']","['sql', 'python']"
"education: engineering license experience: 5 years skills: adobe creative suite, electrical systems, management, safety, problem solving, ios, financial analysis, project management",electrical utilities manager,engineering license,engineering,bachelor's in electrical engineering,['financial analysis'],"['problem solving', 'financial analysis']",['electrical systems'],['electrical systems']
"education: bachelor's in 3d art experience: 2 years skills: creativity, app testing, software skills, rendering, html, texturing, 3d modeling, adobe creative suite",3d artist,bachelor's in 3d art,creative_design,bachelor's in 3d art,"['storytelling', 'adaptability']","['creativity', 'adaptability', 'storytelling']","['adobe creative suite', 'rendering', 'texturing', '3d modeling']","['3d modeling', 'rendering', 'texturing']"
"education: bachelor's in marketing experience: 4 years skills: sales, automation platforms, segmentation, copywriting, a/b testing, analytics, azure, email campaign management",email marketing specialist,bachelor's in marketing,economy,bachelor's in marketing,"['negotiation', 'decision making']","['communication', 'decision making', 'negotiation']",['copywriting'],['copywriting']
"education: bachelor's in marketing experience: 2 years skills: r, jira, crm, product knowledge, client relationships, communication, flutter, p&l management",sales executive,bachelor's in marketing,economy,bachelor's in business,"['planning', 'communication']","['planning', 'decision making', 'negotiation']",['crm'],['crm']
"education: bachelor's in manufacturing engineering experience: 1 years skills: process design, network security, quality control, go, cad, equipment knowledge, problem solving, jira",manufacturing engineer,bachelor's in manufacturing engineering,engineering,bachelor's in manufacturing engineering,['production planning'],['production planning'],"['process design', 'cad']","['cad', 'process design']"
"education: design certification experience: 4 years skills: scikit-learn, branding, user experience, visual communication, attention to detail, creativity, adobe creative suite, design software",graphic designer,design certification,creative_design,bachelor's in graphic design,"['attention to detail', 'creativity', 'storytelling']","['adaptability', 'storytelling', 'communication']",['adobe creative suite'],['adobe creative suite']
"education: bachelor's in mechanical engineering experience: 0 years skills: kotlin, jenkins, technical documentation, penetration testing, mechanical design, thermodynamics, prototyping, problem solving",mechanical engineer,bachelor's in mechanical engineering,engineering,bachelor's in mechanical engineering,"['problem solving', 'precision', 'time management']","['problem solving', 'time management', 'attention to detail']",['cad'],['cad']
"education: bachelor's in business experience: 6 years skills: tensorflow, marketing, typescript, sales strategy, crm, negotiation, perl, target setting",sales manager,bachelor's in business,economy,bachelor's in business,"['decision making', 'business acumen', 'strategic thinking']","['business acumen', 'decision making']",['crm'],['crm']
"education: bachelor's in marketing experience: 5 years skills: campaign management, communication, analytics, budget management, leadership, shell scripting, ansible, brand strategy",marketing manager,bachelor's in marketing,economy,bachelor's in marketing,"['strategic thinking', 'planning']","['strategic thinking', 'communication']","['brand strategy', 'campaign management']","['campaign management', 'brand strategy']"
"education: bachelor's in accounting experience: 6 years skills: seo, internal controls, leadership, risk assessment, audit procedures, aws, c#, compliance",audit manager,bachelor's in accounting,economy,bachelor's in accounting,"['decision making', 'strategic thinking']","['decision making', 'negotiation']","['seo', 'audit procedures']",['audit procedures']
"education: certification experience: 1 years skills: texturing, market research, 3d modeling, compliance, software skills, rendering, tableau, critical thinking",3d artist,certification,creative_design,bachelor's in 3d art,"['attention to detail', 'collaboration']","['creativity', 'adaptability', 'collaboration', 'attention to detail']","['rendering', 'texturing', '3d modeling']","['3d modeling', 'rendering', 'texturing']"
"education: bachelor's in marketing experience: 0 years skills: analytics, a/b testing, email campaign management, redis, segmentation, android, automation platforms, copywriting",email marketing specialist,bachelor's in marketing,economy,bachelor's in marketing,"['business acumen', 'planning']","['business acumen', 'strategic thinking', 'planning', 'negotiation']",['copywriting'],['copywriting']
"education: bachelor's in 3d art experience: 1 years skills: business development, software skills, problem solving, css, creativity, rendering, 3d modeling, texturing",3d artist,bachelor's in 3d art,creative_design,bachelor's in 3d art,"['adaptability', 'collaboration', 'attention to detail']","['communication', 'attention to detail']","['rendering', 'texturing', '3d modeling']","['3d modeling', 'rendering', 'texturing']"
"education: bachelor's in mechanical engineering experience: 5 years skills: cad, problem solving, vehicle systems, materials, thermal systems, jira, react, html",automotive engineer,bachelor's in mechanical engineering,engineering,bachelor's in automotive engineering,"['problem solving', 'critical thinking', 'teamwork']","['precision', 'teamwork', 'critical thinking', 'attention to detail']","['cad', 'vehicle systems', 'thermal systems']","['cad', 'vehicle systems', 'thermal systems']"
"education: bachelor's in civil engineering experience: 2 years skills: autocad, kotlin, r, cad, problem solving, project management, risk assessment, vue.js",civil engineer,bachelor's in civil engineering,engineering,bachelor's in civil engineering,['structural analysis'],['structural analysis'],"['autocad', 'cad', 'building codes']","['autocad', 'building codes', 'cad']"
"education: bachelor's in computer engineering experience: 5 years skills: nosql, vue.js, low-level programming, microcontrollers, css, typescript, c/c++, r",embedded systems engineer,bachelor's in computer engineering,engineering,bachelor's in electronics engineering,"['problem solving', 'time management']","['problem solving', 'teamwork', 'time management', 'attention to detail']",['microcontrollers'],['microcontrollers']
"education: bachelor's in marketing experience: 1 years skills: analytics, content strategy, social media, email marketing, responsive design, sales, seo, sem",digital marketing manager,bachelor's in marketing,economy,bachelor's in marketing,"['strategic thinking', 'business acumen', 'communication']","['business acumen', 'strategic thinking', 'planning']",['seo'],['seo']
"education: bachelor's in sales experience: 2 years skills: communication, mentoring, negotiation, kotlin, project management, mobile ui/ux, sales strategy, team leadership",sales manager,bachelor's in sales,economy,bachelor's in business,"['negotiation', 'decision making', 'communication']","['decision making', 'communication']",['crm'],['crm']
"education: digital marketing certification experience: 4 years skills: content strategy, sem, email marketing, analytics, security architecture, seo, social media, jupyter",digital marketing manager,digital marketing certification,economy,bachelor's in marketing,"['business acumen', 'negotiation']","['planning', 'negotiation']",['seo'],['seo']
"education: bachelor's in marketing experience: 5 years skills: social media, oracle, analytics, content strategy, sem, query optimization, email marketing, seo",digital marketing manager,bachelor's in marketing,economy,bachelor's in marketing,"['strategic thinking', 'decision making']","['business acumen', 'strategic thinking', 'decision making']",['seo'],['seo']
"education: bachelor's in design experience: 3 years skills: design thinking, graphic design, wireframing, user research, prototyping, android, communication, network security",ux designer,bachelor's in design,creative_design,bachelor's in design,"['attention to detail', 'adaptability']","['creativity', 'adaptability', 'collaboration', 'attention to detail']","['graphic design', 'prototyping', 'wireframing']","['prototyping', 'wireframing']"
"education: cpa experience: 8 years skills: audit procedures, pytorch, communication, aws, perl, risk assessment, mobile ui/ux, mongodb",audit manager,accounting,economy,bachelor's in accounting,"['strategic thinking', 'negotiation']","['business acumen', 'strategic thinking', 'planning', 'negotiation']",['audit procedures'],['audit procedures']
"education: bachelor's in business experience: 2 years skills: redis, sales strategy, communication, team leadership, mentoring, target setting, scrum, terraform",sales manager,bachelor's in business,economy,bachelor's in business,"['communication', 'decision making']","['planning', 'decision making', 'communication']",['crm'],['crm']
"education: bachelor's in marketing experience: 1 years skills: email campaign management, segmentation, copywriting, creativity, analytics, automation platforms, deep learning, a/b testing",email marketing specialist,bachelor's in marketing,economy,bachelor's in marketing,"['negotiation', 'strategic thinking', 'communication']","['business acumen', 'strategic thinking', 'negotiation']",['copywriting'],['copywriting']
"education: bachelor's in marketing experience: 3 years skills: communication, analytics, campaign management, negotiation, budget management, market research, kotlin, php",marketing manager,bachelor's in marketing,economy,bachelor's in marketing,['data analysis'],"['planning', 'decision making', 'data analysis']","['brand strategy', 'campaign management']","['campaign management', 'brand strategy']"
"education: bachelor's in marketing experience: 5 years skills: analytics, jenkins, social media, sem, email marketing, typescript, seo, machine learning",digital marketing manager,bachelor's in marketing,economy,bachelor's in marketing,"['strategic thinking', 'business acumen']","['business acumen', 'strategic thinking', 'decision making', 'communication']",['seo'],['seo']
"education: bachelor's in marketing experience: 1 years skills: segmentation, email campaign management, user interface, analytics, automation platforms, a/b testing, deep learning, scikit-learn",email marketing specialist,bachelor's in marketing,economy,bachelor's in marketing,"['planning', 'strategic thinking']","['business acumen', 'strategic thinking', 'decision making']",['copywriting'],['copywriting']
"education: bachelor's in business experience: 3 years skills: team leadership, communication, business acumen, target setting, vue.js, typescript, sales strategy, technical writing",sales manager,bachelor's in business,economy,bachelor's in business,['business acumen'],"['business acumen', 'planning', 'decision making']",['crm'],['crm']
"education: bachelor's in business experience: 3 years skills: gcp, negotiation, teamwork, team leadership, crm, communication, target setting, sales strategy",sales manager,bachelor's in business,economy,bachelor's in business,"['decision making', 'negotiation', 'communication']","['strategic thinking', 'decision making', 'negotiation']",['crm'],['crm']
"education: bachelor's in chemical engineering experience: 4 years skills: safety, data analysis, django, process design, laboratory skills, thermochemistry, numpy, chemical processes",chemical engineer,bachelor's in chemical engineering,engineering,bachelor's in chemical engineering,['data analysis'],['data analysis'],['process design'],['process design']
"education: bachelor's in graphic design experience: 3 years skills: firewalls, attention to detail, adobe creative suite, design software, visual communication, redis, branding, creativity",graphic designer,bachelor's in graphic design,creative_design,bachelor's in graphic design,"['creativity', 'collaboration', 'adaptability']","['adaptability', 'collaboration', 'communication']",['adobe creative suite'],['adobe creative suite']
"education: bachelor's in mechanical engineering experience: 2 years skills: cad, security protocols, mechanical design, technical documentation, thermodynamics, redis, problem solving, physics",mechanical engineer,bachelor's in mechanical engineering,engineering,bachelor's in mechanical engineering,"['problem solving', 'attention to detail', 'precision']","['teamwork', 'attention to detail']",['cad'],['cad']
"education: bachelor's in communications experience: 3 years skills: sales, jupyter, business acumen, jenkins, account management, kanban, crm, negotiation",account executive,bachelor's in communications,economy,bachelor's in business,"['business acumen', 'data analysis']","['business acumen', 'planning', 'communication']",['crm'],['crm']
"education: bachelor's in marketing experience: 4 years skills: market research, positioning, graphql, product strategy, compliance, campaign management, analytics, messaging",product marketing manager,bachelor's in marketing,economy,bachelor's in marketing,"['business acumen', 'strategic thinking']","['strategic thinking', 'decision making', 'negotiation']",['campaign management'],['campaign management']
"education: ux certification experience: 3 years skills: prototyping, design thinking, usability testing, c#, financial analysis, communication, user research, creativity",ux designer,ux certification,creative_design,bachelor's in design,['financial analysis'],"['creativity', 'financial analysis']","['prototyping', 'wireframing']","['prototyping', 'wireframing']"
"education: bachelor's in design experience: 3 years skills: teamwork, design systems, creativity, prototyping tools, visual design, ansible, figma, ui principles",ui designer,bachelor's in design,creative_design,bachelor's in design,"['collaboration', 'attention to detail']","['collaboration', 'attention to detail']",['figma'],['figma']
"education: bachelor's in business experience: 4 years skills: target setting, crm, pandas, team leadership, shell scripting, network security, communication, sales strategy",sales manager,bachelor's in business,economy,bachelor's in business,"['business acumen', 'communication', 'negotiation']","['strategic thinking', 'negotiation']",['crm'],['crm']
"education: bachelor's in marketing experience: 1 years skills: research, graphic design, seo, content strategy, gcp, analytics, graphql, project management",content marketing manager,bachelor's in marketing,economy,bachelor's in marketing,"['communication', 'negotiation', 'decision making']","['business acumen', 'decision making', 'negotiation']",['seo'],['seo']
"education: bachelor's in economics experience: 4 years skills: mentoring, financial modeling, risk analysis, statistics, go, valuation, confluence, python",financial analyst,bachelor's in economics,economy,bachelor's in finance,['risk analysis'],['risk analysis'],"['python', 'statistics', 'financial modeling', 'excel', 'valuation']","['python', 'statistics', 'financial modeling', 'excel', 'valuation']"
"education: bachelor's in electrical engineering experience: 3 years skills: safety, node.js, electrical systems, problem solving, css, management, go, leadership",electrical utilities manager,bachelor's in electrical engineering,engineering,bachelor's in electrical engineering,"['critical thinking', 'teamwork', 'time management']","['teamwork', 'time management']",['electrical systems'],['electrical systems']
"education: bachelor's in electronics engineering experience: 4 years skills: ios, mobile ui/ux, circuit design, creativity, embedded systems, hardware design, tableau, microcontrollers",electronics engineer,bachelor's in electronics engineering,engineering,bachelor's in electronics engineering,"['problem solving', 'time management', 'critical thinking']","['problem solving', 'critical thinking', 'time management']","['circuit design', 'pcb design', 'cad', 'embedded systems', 'microcontrollers']","['circuit design', 'pcb design', 'cad', 'embedded systems', 'microcontrollers']"
"education: bachelor's in business experience: 5 years skills: team leadership, power bi, sales strategy, creativity, negotiation, adaptability, crm, communication",sales manager,bachelor's in business,economy,bachelor's in business,"['planning', 'communication', 'negotiation']","['business acumen', 'negotiation', 'communication']",['crm'],['crm']
"education: bachelor's in accounting experience: 4 years skills: leadership, perl, risk assessment, react, azure, confluence, jupyter, audit procedures",audit manager,bachelor's in accounting,economy,bachelor's in accounting,"['communication', 'negotiation']","['business acumen', 'communication', 'negotiation']",['audit procedures'],['audit procedures']
"education: master's in finance experience: 3 years skills: excel, ruby, m&a, research, valuation, compliance, financial modeling, sql",investment banking analyst,master's in finance,economy,bachelor's in finance,"['business acumen', 'decision making', 'negotiation']","['business acumen', 'communication', 'decision making', 'negotiation']","['financial modeling', 'excel', 'valuation']","['financial modeling', 'excel', 'valuation']"
"education: engineering license experience: 2 years skills: php, ios, leadership, management, electrical systems, serverless, regulatory knowledge, problem solving",electrical utilities manager,engineering license,engineering,bachelor's in electrical engineering,"['precision', 'attention to detail']","['precision', 'teamwork', 'critical thinking', 'attention to detail']",['electrical systems'],['electrical systems']
"education: digital marketing certification experience: 3 years skills: sem, analytics, seo, azure, presentation skills, content strategy, email marketing, social media",digital marketing manager,digital marketing certification,economy,bachelor's in marketing,"['planning', 'negotiation']","['business acumen', 'planning', 'decision making', 'negotiation']",['seo'],['seo']
"education: bachelor's in communications experience: 4 years skills: content strategy, writing, project management, analytics, research, mobile ui/ux, kubernetes, compliance",content marketing manager,bachelor's in communications,economy,bachelor's in marketing,"['communication', 'planning']","['strategic thinking', 'communication']",['seo'],['seo']
"education: bachelor's in 3d art experience: 3 years skills: tableau, c#, creativity, problem solving, 3d modeling, rendering, statistics, software skills",3d artist,bachelor's in 3d art,creative_design,bachelor's in 3d art,"['collaboration', 'communication']","['attention to detail', 'collaboration', 'communication']","['rendering', 'texturing', '3d modeling']","['3d modeling', 'rendering', 'texturing']"
"education: bachelor's in marketing experience: 5 years skills: content strategy, analytics, jupyter, project management, research, seo, writing, shell scripting",content marketing manager,bachelor's in marketing,economy,bachelor's in marketing,"['decision making', 'strategic thinking', 'communication']","['strategic thinking', 'decision making', 'communication']",['seo'],['seo']
"education: bachelor's in marketing experience: 4 years skills: research, nosql, content strategy, analytics, communication, writing, project management, seo",content marketing manager,bachelor's in marketing,economy,bachelor's in marketing,"['decision making', 'business acumen']","['planning', 'decision making', 'negotiation']",['seo'],['seo']
"education: bachelor's in marketing experience: 4 years skills: segmentation, automation platforms, email campaign management, power bi, cassandra, penetration testing, analytics, scrum",email marketing specialist,bachelor's in marketing,economy,bachelor's in marketing,"['communication', 'business acumen']","['business acumen', 'strategic thinking', 'decision making', 'communication']",['copywriting'],['copywriting']
"education: bachelor's in mechanical engineering experience: 0 years skills: shell scripting, cad, mechanical design, physics, azure, problem solving, thermodynamics, power bi",mechanical engineer,bachelor's in mechanical engineering,engineering,bachelor's in mechanical engineering,"['time management', 'precision']","['precision', 'time management', 'attention to detail']",['cad'],['cad']
"education: bachelor's in marketing experience: 6 years skills: budget management, analytics, web accessibility, presentation skills, communication, campaign management, perl, leadership",marketing manager,bachelor's in marketing,economy,bachelor's in marketing,"['planning', 'negotiation']","['business acumen', 'decision making', 'negotiation']","['campaign management', 'brand strategy']","['campaign management', 'brand strategy']"
"education: bachelor's in aerospace engineering experience: 5 years skills: design, aerodynamics, presentation skills, tableau, shell scripting, cad, leadership, structural analysis",aerospace engineer,bachelor's in aerospace engineering,engineering,bachelor's in aerospace engineering,['structural analysis'],['structural analysis'],"['cad', 'aerodynamics', 'matlab']","['cad', 'aerodynamics', 'matlab']"
"education: bachelor's in civil engineering experience: 4 years skills: building codes, autocad, technical design, structural analysis, ios, scrum, problem solving, project management",civil engineer,bachelor's in civil engineering,engineering,bachelor's in civil engineering,['structural analysis'],['structural analysis'],"['autocad', 'cad', 'building codes']","['autocad', 'building codes', 'cad']"
"education: bachelor's in communications experience: 3 years skills: project management, seo, content strategy, angular, business development, research, documentation, penetration testing",content marketing manager,bachelor's in communications,economy,bachelor's in marketing,"['communication', 'business acumen']","['decision making', 'communication']",['seo'],['seo']
"education: bachelor's in marketing experience: 2 years skills: automation platforms, wireframing, scikit-learn, a/b testing, email campaign management, copywriting, mobile ui/ux, analytics",email marketing specialist,bachelor's in marketing,economy,bachelor's in marketing,"['decision making', 'communication', 'planning']","['planning', 'communication']",['copywriting'],['copywriting']
"education: bachelor's in civil engineering experience: 4 years skills: design, negotiation, calculations, building codes, cad, jupyter, materials, structural analysis",structural engineer,bachelor's in civil engineering,engineering,bachelor's in civil engineering,['structural analysis'],['structural analysis'],"['cad', 'building codes']","['cad', 'building codes']"
"education: cpa experience: 7 years skills: android, internal controls, communication, compliance, audit procedures, leadership, mysql, risk assessment",audit manager,accounting,economy,bachelor's in accounting,"['communication', 'planning']","['planning', 'communication']",['audit procedures'],['audit procedures']
"education: bachelor's in electronics engineering experience: 2 years skills: low-level programming, ios, c/c++, embedded linux, microservices, microcontrollers, real-time systems, hardware",embedded systems engineer,bachelor's in electronics engineering,engineering,bachelor's in electronics engineering,"['precision', 'problem solving', 'attention to detail']","['precision', 'critical thinking', 'attention to detail']",['microcontrollers'],['microcontrollers']
"education: bachelor's in marketing experience: 1 years skills: communication, product knowledge, client relationships, crm, security protocols, negotiation, selling, redis",sales executive,bachelor's in marketing,economy,bachelor's in business,"['strategic thinking', 'decision making']","['strategic thinking', 'decision making', 'negotiation']",['crm'],['crm']
"education: bachelor's in business experience: 1 years skills: product strategy, positioning, analytics, market research, java, web design, cloudformation, campaign management",product marketing manager,bachelor's in business,economy,bachelor's in marketing,"['negotiation', 'strategic thinking', 'communication']","['communication', 'decision making', 'negotiation']",['campaign management'],['campaign management']
"education: bachelor's in aerospace engineering experience: 4 years skills: design, scala, business acumen, vue.js, physics, matlab, cad, strategic planning",aerospace engineer,bachelor's in aerospace engineering,engineering,bachelor's in aerospace engineering,"['business acumen', 'structural analysis']",['structural analysis'],"['matlab', 'cad', 'aerodynamics']","['cad', 'aerodynamics', 'matlab']"
"education: bachelor's in biomedical engineering experience: 4 years skills: problem solving, cad, budget management, risk assessment, regulatory knowledge, biomedical systems, swift, technical design",biomedical engineer,bachelor's in biomedical engineering,engineering,bachelor's in biomedical engineering,"['time management', 'attention to detail']","['problem solving', 'teamwork', 'time management', 'attention to detail']",['cad'],['cad']
"education: bachelor's in accounting experience: 4 years skills: financial analysis, accounting principles, problem solving, quickbooks, graphic design, gaap, excel, tax knowledge",accountant,bachelor's in accounting,economy,bachelor's in accounting,['financial analysis'],['financial analysis'],['excel'],['excel']
"education: web design certification experience: 0 years skills: responsive design, mobile security, strategic planning, creativity, firewalls, web design, design tools, html/css",web designer,web design certification,creative_design,bachelor's in design,"['creativity', 'storytelling']","['creativity', 'storytelling', 'communication']","['responsive design', 'web design']","['responsive design', 'web design']"
"education: bachelor's in accounting experience: 7 years skills: communication, internal controls, audit procedures, compliance, risk assessment, leadership, scrum, pandas",audit manager,bachelor's in accounting,economy,bachelor's in accounting,"['planning', 'negotiation', 'communication']","['business acumen', 'communication', 'negotiation']",['audit procedures'],['audit procedures']
"education: bachelor's in mechanical engineering experience: 5 years skills: deep learning, cassandra, materials, vehicle systems, cad, mongodb, testing, project management",automotive engineer,bachelor's in mechanical engineering,engineering,bachelor's in automotive engineering,"['teamwork', 'critical thinking']","['problem solving', 'teamwork', 'critical thinking']","['cad', 'thermal systems', 'vehicle systems']","['cad', 'vehicle systems', 'thermal systems']"
"education: bachelor's in electrical engineering experience: 5 years skills: typescript, power systems, mobile security, troubleshooting, technical knowledge, cad, css, electrical systems",electrical engineer,bachelor's in electrical engineering,engineering,bachelor's in electrical engineering,"['problem solving', 'critical thinking']","['problem solving', 'teamwork', 'critical thinking']","['circuit design', 'cad', 'electrical systems']","['circuit design', 'cad', 'electrical systems']"
"education: bachelor's in automotive engineering experience: 1 years skills: scikit-learn, thermal systems, aws, mentoring, vehicle systems, problem solving, cad, flutter",automotive engineer,bachelor's in automotive engineering,engineering,bachelor's in automotive engineering,"['time management', 'precision']","['precision', 'time management']","['cad', 'thermal systems', 'vehicle systems']","['cad', 'vehicle systems', 'thermal systems']"
"education: bachelor's in aerospace engineering experience: 1 years skills: financial analysis, design, physics, business development, cad, aerodynamics, django, structural analysis",aerospace engineer,bachelor's in aerospace engineering,engineering,bachelor's in aerospace engineering,"['structural analysis', 'financial analysis']",['structural analysis'],"['cad', 'aerodynamics', 'matlab']","['cad', 'aerodynamics', 'matlab']"
"education: bachelor's in business experience: 3 years skills: ruby, crm, account management, negotiation, sales, wireframing, product knowledge, relationship building",account executive,bachelor's in business,economy,bachelor's in business,"['planning', 'decision making', 'communication']","['strategic thinking', 'planning', 'negotiation']",['crm'],['crm']
"education: bachelor's in finance experience: 3 years skills: angular, tableau, python, statistics, financial modeling, redis, risk analysis, compliance",financial analyst,bachelor's in finance,economy,bachelor's in finance,['risk analysis'],['risk analysis'],"['python', 'statistics', 'financial modeling', 'excel', 'valuation']","['python', 'statistics', 'financial modeling', 'excel', 'valuation']"
"education: cpa experience: 8 years skills: compliance, audit procedures, aws, communication, vue.js, mobile security, risk assessment, leadership",audit manager,accounting,economy,bachelor's in accounting,"['strategic thinking', 'business acumen', 'decision making']","['business acumen', 'planning', 'communication']",['audit procedures'],['audit procedures']
"education: bachelor's in marketing experience: 3 years skills: a/b testing, segmentation, automation platforms, copywriting, technical writing, email campaign management, mongodb, analytics",email marketing specialist,bachelor's in marketing,economy,bachelor's in marketing,"['communication', 'planning', 'strategic thinking']","['strategic thinking', 'planning', 'negotiation', 'communication']",['copywriting'],['copywriting']
"education: design certification experience: 3 years skills: creativity, user experience, network security, design software, attention to detail, docker, adobe creative suite, branding",graphic designer,design certification,creative_design,bachelor's in graphic design,"['storytelling', 'attention to detail', 'communication']","['storytelling', 'communication']",['adobe creative suite'],['adobe creative suite']
"education: bachelor's in mechanical engineering experience: 4 years skills: problem solving, communication, technical documentation, cad, mechanical design, firewalls, physics, thermodynamics",mechanical engineer,bachelor's in mechanical engineering,engineering,bachelor's in mechanical engineering,"['time management', 'attention to detail', 'problem solving']","['problem solving', 'time management', 'attention to detail']",['cad'],['cad']
"education: bachelor's in civil engineering experience: 2 years skills: structural analysis, technical design, cad, react, network security, building codes, autocad, angular",civil engineer,bachelor's in civil engineering,engineering,bachelor's in civil engineering,['structural analysis'],['structural analysis'],"['autocad', 'cad', 'building codes']","['autocad', 'building codes', 'cad']"
"education: bachelor's in mechanical engineering experience: 1 years skills: postgresql, cad, testing, thermal systems, scrum, problem solving, vehicle systems, materials",automotive engineer,bachelor's in mechanical engineering,engineering,bachelor's in automotive engineering,"['teamwork', 'critical thinking', 'problem solving']","['problem solving', 'critical thinking', 'precision']","['cad', 'vehicle systems', 'thermal systems']","['cad', 'vehicle systems', 'thermal systems']"
"education: bachelor's in electronics engineering experience: 3 years skills: c/c++, microcontrollers, real-time systems, android, go, low-level programming, embedded linux, network security",embedded systems engineer,bachelor's in electronics engineering,engineering,bachelor's in electronics engineering,"['teamwork', 'time management', 'critical thinking']","['precision', 'critical thinking', 'time management', 'teamwork']",['microcontrollers'],['microcontrollers']
"education: bachelor's in electronics engineering experience: 3 years skills: teamwork, embedded systems, pcb design, hardware design, microcontrollers, react native, circuit design, cad",electronics engineer,bachelor's in electronics engineering,engineering,bachelor's in electronics engineering,"['time management', 'precision']","['precision', 'problem solving']","['pcb design', 'circuit design', 'cad', 'embedded systems', 'microcontrollers']","['circuit design', 'pcb design', 'cad', 'embedded systems', 'microcontrollers']"
"education: bachelor's in automotive engineering experience: 2 years skills: microservices, ruby, testing, leadership, materials, wireframing, vehicle systems, thermal systems",automotive engineer,bachelor's in automotive engineering,engineering,bachelor's in automotive engineering,"['attention to detail', 'critical thinking', 'time management']","['problem solving', 'teamwork', 'time management']","['cad', 'thermal systems', 'vehicle systems']","['cad', 'vehicle systems', 'thermal systems']"
"education: design certification experience: 0 years skills: attention to detail, responsive design, documentation, php, creativity, visual communication, branding, design software",graphic designer,design certification,creative_design,bachelor's in graphic design,"['attention to detail', 'creativity']","['creativity', 'collaboration', 'attention to detail']","['responsive design', 'adobe creative suite']",['adobe creative suite']
"education: bachelor's in electronics engineering experience: 5 years skills: real-time systems, embedded linux, low-level programming, c/c++, go, leadership, microcontrollers, user experience",embedded systems engineer,bachelor's in electronics engineering,engineering,bachelor's in electronics engineering,"['teamwork', 'problem solving']","['precision', 'teamwork']",['microcontrollers'],['microcontrollers']
"education: bachelor's in business experience: 1 years skills: swift, crm, gcp, negotiation, account management, sales, product knowledge, cloudformation",account executive,bachelor's in business,economy,bachelor's in business,"['strategic thinking', 'planning', 'business acumen']","['business acumen', 'strategic thinking', 'decision making']",['crm'],['crm']
"education: bachelor's in 3d art experience: 2 years skills: 3d modeling, software skills, creativity, texturing, problem solving, wireframing, rendering, docker",3d artist,bachelor's in 3d art,creative_design,bachelor's in 3d art,"['creativity', 'collaboration', 'adaptability']","['creativity', 'adaptability', 'collaboration']","['rendering', 'texturing', 'wireframing', '3d modeling']","['3d modeling', 'rendering', 'texturing']"
"education: bachelor's in marketing experience: 3 years skills: content strategy, social media, c#, seo, sem, email marketing, c++, flask",digital marketing manager,bachelor's in marketing,economy,bachelor's in marketing,"['business acumen', 'negotiation']","['business acumen', 'negotiation']",['seo'],['seo']
"education: engineering license experience: 2 years skills: leadership, safety, electrical systems, statistics, user experience, gcp, penetration testing, problem solving",electrical utilities manager,engineering license,engineering,bachelor's in electrical engineering,"['time management', 'teamwork', 'precision']","['precision', 'teamwork', 'time management']",['electrical systems'],['electrical systems']
"education: bachelor's in graphic design experience: 2 years skills: design software, branding, creativity, user interface, attention to detail, critical thinking, terraform, adobe creative suite",graphic designer,bachelor's in graphic design,creative_design,bachelor's in graphic design,"['collaboration', 'creativity']","['creativity', 'collaboration']",['adobe creative suite'],['adobe creative suite']
"education: bachelor's in electronics engineering experience: 5 years skills: ansible, embedded linux, hardware, real-time systems, low-level programming, c/c++, microcontrollers, javascript",embedded systems engineer,bachelor's in electronics engineering,engineering,bachelor's in electronics engineering,"['teamwork', 'time management']","['precision', 'teamwork', 'critical thinking']",['microcontrollers'],['microcontrollers']
"education: bachelor's in business experience: 2 years skills: critical thinking, market research, rest api, flask, analytics, positioning, prototyping, product strategy",product marketing manager,bachelor's in business,economy,bachelor's in marketing,"['business acumen', 'communication', 'planning']","['business acumen', 'planning', 'decision making', 'communication']",['campaign management'],['campaign management']
"education: bachelor's in finance experience: 2 years skills: financial modeling, project management, research, strategic planning, react native, communication, excel, m&a",investment banking analyst,bachelor's in finance,economy,bachelor's in finance,"['negotiation', 'decision making']","['decision making', 'negotiation', 'communication']","['financial modeling', 'excel', 'valuation']","['financial modeling', 'excel', 'valuation']"
"education: bachelor's in communications experience: 3 years skills: project management, content strategy, analytics, research, seo, node.js, writing, ansible",content marketing manager,bachelor's in communications,economy,bachelor's in marketing,"['business acumen', 'decision making']","['business acumen', 'strategic thinking', 'planning']",['seo'],['seo']
"education: bachelor's in finance experience: 2 years skills: cloudformation, excel, m&a, c++, research, communication, financial modeling, terraform",investment banking analyst,bachelor's in finance,economy,bachelor's in finance,"['strategic thinking', 'negotiation', 'planning']","['business acumen', 'strategic thinking']","['statistics', 'financial modeling', 'excel', 'valuation']","['financial modeling', 'excel', 'valuation']"
"education: bachelor's in communications experience: 2 years skills: strategic planning, product knowledge, crm, relationship building, wireframing, sales, negotiation, account management",account executive,bachelor's in communications,economy,bachelor's in business,"['communication', 'negotiation']","['planning', 'communication']",['crm'],['crm']
"education: bachelor's in aerospace engineering experience: 3 years skills: physics, cad, typescript, matlab, aerodynamics, design, structural analysis, c#",aerospace engineer,bachelor's in aerospace engineering,engineering,bachelor's in aerospace engineering,['structural analysis'],['structural analysis'],"['cad', 'aerodynamics', 'matlab']","['cad', 'aerodynamics', 'matlab']"
"education: bachelor's in finance experience: 4 years skills: technical writing, rust, forecasting, excel, node.js, attention to detail, budget planning, financial analysis",budget analyst,bachelor's in finance,economy,bachelor's in finance,"['budget planning', 'financial analysis']","['budget planning', 'financial analysis']",['excel'],['excel']
"education: bachelor's in civil engineering experience: 3 years skills: design, project management, react native, building codes, structural analysis, materials, cad, graphic design",structural engineer,bachelor's in civil engineering,engineering,bachelor's in civil engineering,['structural analysis'],['structural analysis'],"['cad', 'building codes']","['cad', 'building codes']"
"education: digital marketing certification experience: 4 years skills: content strategy, query optimization, sem, rest api, seo, analytics, budget management, creativity",digital marketing manager,digital marketing certification,economy,bachelor's in marketing,"['strategic thinking', 'decision making', 'negotiation']","['strategic thinking', 'planning', 'decision making', 'communication']",['seo'],['seo']
"education: bachelor's in design experience: 3 years skills: prototyping, communication, design thinking, usability testing, user research, node.js, gcp, kotlin",ux designer,bachelor's in design,creative_design,bachelor's in design,"['collaboration', 'attention to detail']","['storytelling', 'collaboration']","['prototyping', 'wireframing']","['prototyping', 'wireframing']"
"education: bachelor's in marketing experience: 2 years skills: seo, marketing, content strategy, social media, graphic design, email marketing, analytics, sem",digital marketing manager,bachelor's in marketing,economy,bachelor's in marketing,"['decision making', 'business acumen']","['business acumen', 'strategic thinking']",['seo'],['seo']
"education: bachelor's in aerospace engineering experience: 2 years skills: physics, aerodynamics, cad, matlab, strategic planning, teamwork, structural analysis, security architecture",aerospace engineer,bachelor's in aerospace engineering,engineering,bachelor's in aerospace engineering,['structural analysis'],['structural analysis'],"['cad', 'aerodynamics', 'matlab']","['cad', 'aerodynamics', 'matlab']"
"education: bachelor's in chemical engineering experience: 4 years skills: data analysis, laboratory skills, safety, graphic design, ruby, chemical processes, teamwork, shell scripting",chemical engineer,bachelor's in chemical engineering,engineering,bachelor's in chemical engineering,['data analysis'],['data analysis'],['process design'],['process design']
"education: master's in finance experience: 5 years skills: m&a, financial modeling, business acumen, creativity, research, valuation, communication, p&l management",investment banking analyst,master's in finance,economy,bachelor's in finance,['business acumen'],"['business acumen', 'negotiation', 'communication']","['financial modeling', 'excel', 'valuation']","['financial modeling', 'excel', 'valuation']"
"education: bachelor's in mechanical engineering experience: 3 years skills: react, cad, postgresql, machine learning, physics, sales, mechanical design, r",mechanical engineer,bachelor's in mechanical engineering,engineering,bachelor's in mechanical engineering,"['precision', 'attention to detail']","['precision', 'teamwork', 'attention to detail']",['cad'],['cad']
"education: web design certification experience: 2 years skills: graphql, python, user experience, responsive design, web design, creativity, design tools, html/css",web designer,web design certification,creative_design,bachelor's in design,"['communication', 'creativity', 'collaboration']","['adaptability', 'collaboration', 'communication']","['responsive design', 'web design']","['responsive design', 'web design']"
"education: bachelor's in finance experience: 3 years skills: adaptability, p&l management, risk analysis, python, kotlin, financial modeling, statistics, web design",financial analyst,bachelor's in finance,economy,bachelor's in finance,['risk analysis'],['risk analysis'],"['python', 'statistics', 'financial modeling', 'excel', 'valuation']","['python', 'statistics', 'financial modeling', 'excel', 'valuation']"
"education: bachelor's in electrical engineering experience: 5 years skills: electrical systems, circuit design, technical knowledge, troubleshooting, cad, power systems, app testing, strategic planning",electrical engineer,bachelor's in electrical engineering,engineering,bachelor's in electrical engineering,"['teamwork', 'problem solving', 'precision']","['precision', 'teamwork', 'problem solving', 'attention to detail']","['circuit design', 'cad', 'electrical systems']","['circuit design', 'cad', 'electrical systems']"
"education: bachelor's in civil engineering experience: 1 years skills: cad, technical design, project management, building codes, deep learning, autocad, structural analysis, decision making",civil engineer,bachelor's in civil engineering,engineering,bachelor's in civil engineering,['structural analysis'],['structural analysis'],"['autocad', 'cad', 'building codes']","['autocad', 'building codes', 'cad']"
"education: bachelor's in manufacturing engineering experience: 3 years skills: problem solving, process design, cad, database design, quality control, php, equipment knowledge, production planning",manufacturing engineer,bachelor's in manufacturing engineering,engineering,bachelor's in manufacturing engineering,['production planning'],['production planning'],"['process design', 'cad']","['cad', 'process design']"
"education: bachelor's in automotive engineering experience: 2 years skills: thermal systems, typescript, vehicle systems, testing, problem solving, materials, data analysis, user experience",automotive engineer,bachelor's in automotive engineering,engineering,bachelor's in automotive engineering,['data analysis'],"['problem solving', 'data analysis']","['cad', 'thermal systems', 'vehicle systems']","['cad', 'vehicle systems', 'thermal systems']"
"education: bachelor's in business experience: 1 years skills: css, product strategy, positioning, campaign management, machine learning, analytics, market research, messaging",product marketing manager,bachelor's in business,economy,bachelor's in marketing,"['strategic thinking', 'negotiation', 'business acumen']","['business acumen', 'decision making', 'negotiation']",['campaign management'],['campaign management']
"education: associate in law experience: 3 years skills: pytorch, legal knowledge, attention to detail, node.js, organization, compliance, legal research, serverless",paralegal,associate in law,law_and_public_services,bachelor's in paralegal studies,"['analytical skills', 'public speaking', 'responsibility']","['ethics', 'analytical skills', 'responsibility']","['document preparation', 'legal research']","['document preparation', 'legal research']"
"education: bachelor's in accounting experience: 1 years skills: mongodb, jira, tax law, risk assessment, firewalls, accounting, software, compliance",tax specialist,bachelor's in accounting,economy,bachelor's in accounting,['tax planning'],['tax planning'],['accounting'],['accounting']
"education: bachelor's in finance experience: 2 years skills: jupyter, research, excel, communication, valuation, mobile ui/ux, graphic design, m&a",investment banking analyst,bachelor's in finance,economy,bachelor's in finance,"['strategic thinking', 'communication']","['business acumen', 'strategic thinking', 'decision making', 'communication']","['financial modeling', 'excel', 'valuation']","['financial modeling', 'excel', 'valuation']"
"education: bachelor's in business experience: 4 years skills: app testing, market research, numpy, campaign management, analytics, positioning, messaging, product strategy",product marketing manager,bachelor's in business,economy,bachelor's in marketing,"['communication', 'business acumen', 'negotiation']","['business acumen', 'strategic thinking', 'planning', 'negotiation']",['campaign management'],['campaign management']
"education: bachelor's in aerospace engineering experience: 2 years skills: aerodynamics, flask, matlab, structural analysis, physics, design, query optimization, cad",aerospace engineer,bachelor's in aerospace engineering,engineering,bachelor's in aerospace engineering,['structural analysis'],['structural analysis'],"['cad', 'aerodynamics', 'matlab']","['cad', 'aerodynamics', 'matlab']"
"education: bachelor's in electronics engineering experience: 3 years skills: pcb design, database design, hardware design, circuit design, microcontrollers, marketing, embedded systems, scala",electronics engineer,bachelor's in electronics engineering,engineering,bachelor's in electronics engineering,"['problem solving', 'precision']","['problem solving', 'precision', 'attention to detail']","['circuit design', 'pcb design', 'cad', 'embedded systems', 'microcontrollers']","['circuit design', 'pcb design', 'cad', 'embedded systems', 'microcontrollers']"
"education: bachelor's in accounting experience: 5 years skills: budget management, css, internal controls, compliance, project management, audit procedures, risk assessment, leadership",audit manager,bachelor's in accounting,economy,bachelor's in accounting,"['business acumen', 'planning', 'decision making']","['business acumen', 'decision making']",['audit procedures'],['audit procedures']
"education: bachelor's in aerospace engineering experience: 4 years skills: aerodynamics, matlab, confluence, flask, physics, gcp, design, cad",aerospace engineer,bachelor's in aerospace engineering,engineering,bachelor's in aerospace engineering,['structural analysis'],['structural analysis'],"['cad', 'aerodynamics', 'matlab']","['cad', 'aerodynamics', 'matlab']"
"education: bachelor's in marketing experience: 1 years skills: project management, content strategy, confluence, writing, research, seo, web accessibility, docker",content marketing manager,bachelor's in marketing,economy,bachelor's in marketing,['financial analysis'],"['financial analysis', 'decision making']",['seo'],['seo']
"education: bachelor's in automotive engineering experience: 2 years skills: materials, problem solving, vehicle systems, presentation skills, cad, testing, statistics, thermal systems",automotive engineer,bachelor's in automotive engineering,engineering,bachelor's in automotive engineering,"['precision', 'attention to detail']","['precision', 'time management', 'attention to detail']","['cad', 'thermal systems', 'vehicle systems']","['cad', 'vehicle systems', 'thermal systems']"
"education: bachelor's in finance experience: 0 years skills: excel, app testing, financial analysis, forecasting, communication, budget planning, figma, attention to detail",budget analyst,bachelor's in finance,economy,bachelor's in finance,"['budget planning', 'financial analysis']","['budget planning', 'financial analysis']",['excel'],['excel']
"education: bachelor's in marketing experience: 2 years skills: market research, redis, product strategy, terraform, campaign management, compliance, messaging, tensorflow",product marketing manager,bachelor's in marketing,economy,bachelor's in marketing,"['decision making', 'planning']","['strategic thinking', 'planning', 'decision making']",['campaign management'],['campaign management']
"education: bachelor's in civil engineering experience: 5 years skills: azure, structural analysis, cad, building codes, project management, compliance, technical design, autocad",civil engineer,bachelor's in civil engineering,engineering,bachelor's in civil engineering,['structural analysis'],['structural analysis'],"['autocad', 'cad', 'building codes']","['autocad', 'building codes', 'cad']"
"education: bachelor's in accounting experience: 3 years skills: excel, financial analysis, tax knowledge, quickbooks, accounting principles, web accessibility, business development, gaap",accountant,bachelor's in accounting,economy,bachelor's in accounting,['financial analysis'],['financial analysis'],['excel'],['excel']
"education: bachelor's in economics experience: 2 years skills: valuation, app testing, risk analysis, jenkins, excel, python, financial modeling, statistics",financial analyst,bachelor's in economics,economy,bachelor's in finance,['risk analysis'],['risk analysis'],"['python', 'statistics', 'financial modeling', 'excel', 'valuation']","['python', 'statistics', 'financial modeling', 'excel', 'valuation']"
"education: seo certification experience: 1 years skills: keyword research, technical seo, scrum, seo, content optimization, analytics, backlink strategy, angular",seo specialist,seo certification,economy,bachelor's in marketing,"['decision making', 'planning', 'negotiation']","['business acumen', 'strategic thinking', 'planning']",['seo'],['seo']
"education: design certification experience: 1 years skills: creativity, visual communication, java, branding, attention to detail, design software, html, adobe creative suite",graphic designer,design certification,creative_design,bachelor's in graphic design,"['storytelling', 'adaptability']","['storytelling', 'collaboration']",['adobe creative suite'],['adobe creative suite']
"education: bachelor's in aerospace engineering experience: 1 years skills: design, matlab, jenkins, cad, structural analysis, compliance, aerodynamics, physics",aerospace engineer,bachelor's in aerospace engineering,engineering,bachelor's in aerospace engineering,['structural analysis'],['structural analysis'],"['cad', 'aerodynamics', 'matlab']","['cad', 'aerodynamics', 'matlab']"
"education: bachelor's in finance experience: 2 years skills: statistics, business development, valuation, redis, penetration testing, deep learning, python, excel",financial analyst,bachelor's in finance,economy,bachelor's in finance,['risk analysis'],['risk analysis'],"['python', 'statistics', 'financial modeling', 'excel', 'valuation']","['python', 'statistics', 'financial modeling', 'excel', 'valuation']"
"education: bachelor's in graphic design experience: 0 years skills: go, design software, critical thinking, adobe creative suite, visual communication, creativity, sql, branding",graphic designer,bachelor's in graphic design,creative_design,bachelor's in graphic design,"['storytelling', 'attention to detail']","['creativity', 'storytelling', 'attention to detail']",['adobe creative suite'],['adobe creative suite']
"education: bachelor's in finance experience: 1 years skills: valuation, security architecture, excel, negotiation, financial modeling, statistics, python, risk analysis",financial analyst,bachelor's in finance,economy,bachelor's in finance,['risk analysis'],['risk analysis'],"['python', 'statistics', 'financial modeling', 'excel', 'valuation']","['python', 'statistics', 'financial modeling', 'excel', 'valuation']"
"education: cpa or equivalent experience: 2 years skills: responsive design, accounting principles, excel, gaap, tax knowledge, react, quickbooks, financial analysis",accountant,accounting or equivalent,economy,bachelor's in accounting,['financial analysis'],['financial analysis'],['excel'],['excel']
"education: bachelor's in electronics engineering experience: 5 years skills: c/c++, compliance, web accessibility, hardware, real-time systems, presentation skills, microcontrollers, low-level programming",embedded systems engineer,bachelor's in electronics engineering,engineering,bachelor's in electronics engineering,"['problem solving', 'attention to detail']","['problem solving', 'time management', 'precision', 'attention to detail']",['microcontrollers'],['microcontrollers']
"education: bachelor's in automotive engineering experience: 4 years skills: testing, numpy, vehicle systems, problem solving, cad, thermal systems, materials, flutter",automotive engineer,bachelor's in automotive engineering,engineering,bachelor's in automotive engineering,"['critical thinking', 'problem solving', 'attention to detail']","['precision', 'critical thinking']","['cad', 'vehicle systems', 'thermal systems']","['cad', 'vehicle systems', 'thermal systems']"
"education: web design certification experience: 1 years skills: jenkins, microservices, figma, user experience, creativity, flutter, responsive design, design tools",web designer,web design certification,creative_design,bachelor's in design,"['collaboration', 'adaptability', 'creativity']","['storytelling', 'collaboration']","['responsive design', 'web design', 'figma']","['responsive design', 'web design']"
"education: bachelor's in business experience: 2 years skills: app testing, budget management, brand strategy, adobe creative suite, machine learning, analytics, campaign management, leadership",marketing manager,bachelor's in business,economy,bachelor's in marketing,"['negotiation', 'decision making', 'communication']","['strategic thinking', 'planning', 'decision making', 'negotiation']","['brand strategy', 'campaign management']","['campaign management', 'brand strategy']"
"education: bachelor's in electrical engineering experience: 4 years skills: risk assessment, terraform, regulatory knowledge, safety, problem solving, deep learning, leadership, electrical systems",electrical utilities manager,bachelor's in electrical engineering,engineering,bachelor's in electrical engineering,"['critical thinking', 'precision', 'time management']","['precision', 'problem solving', 'time management']",['electrical systems'],['electrical systems']
"education: bachelor's in business experience: 5 years skills: mobile security, budget management, mongodb, campaign management, leadership, swift, communication, analytics",marketing manager,bachelor's in business,economy,bachelor's in marketing,"['planning', 'decision making', 'strategic thinking']","['business acumen', 'decision making']","['brand strategy', 'campaign management']","['campaign management', 'brand strategy']"
"education: bachelor's in electrical engineering experience: 3 years skills: power systems, troubleshooting, network security, problem solving, cad, technical knowledge, electrical systems, data analysis",electrical engineer,bachelor's in electrical engineering,engineering,bachelor's in electrical engineering,['data analysis'],"['attention to detail', 'critical thinking', 'data analysis']","['circuit design', 'cad', 'electrical systems']","['circuit design', 'cad', 'electrical systems']"
"education: bachelor's in communications experience: 4 years skills: platform knowledge, encryption, agile, content creation, community management, analytics, social media strategy, copywriting",social media manager,bachelor's in communications,economy,bachelor's in marketing,"['business acumen', 'strategic thinking', 'planning']","['business acumen', 'planning', 'decision making']",['copywriting'],['copywriting']
"education: bachelor's in mechanical engineering experience: 4 years skills: physics, technical documentation, mechanical design, serverless, technical writing, problem solving, database design, thermodynamics",mechanical engineer,bachelor's in mechanical engineering,engineering,bachelor's in mechanical engineering,"['precision', 'teamwork']","['precision', 'teamwork', 'time management']",['cad'],['cad']
"education: bachelor's in mechanical engineering experience: 4 years skills: marketing, market research, redis, problem solving, physics, agile, mechanical design, cad",mechanical engineer,bachelor's in mechanical engineering,engineering,bachelor's in mechanical engineering,"['problem solving', 'teamwork']","['teamwork', 'time management']",['cad'],['cad']
"education: bachelor's in business experience: 1 years skills: cassandra, selling, python, client relationships, communication, negotiation, product knowledge, crm",sales executive,bachelor's in business,economy,bachelor's in business,"['negotiation', 'communication']","['planning', 'negotiation', 'communication']","['crm', 'python']",['crm']
"education: bachelor's in electronics engineering experience: 1 years skills: embedded linux, hardware, gcp, microcontrollers, low-level programming, c/c++, real-time systems, php",embedded systems engineer,bachelor's in electronics engineering,engineering,bachelor's in electronics engineering,"['precision', 'time management']","['precision', 'problem solving', 'critical thinking']",['microcontrollers'],['microcontrollers']
"education: bachelor's in electronics engineering experience: 1 years skills: microcontrollers, flutter, circuit design, hardware design, embedded systems, docker, cad, responsive design",electronics engineer,bachelor's in electronics engineering,engineering,bachelor's in electronics engineering,"['time management', 'critical thinking', 'precision']","['precision', 'time management', 'teamwork', 'critical thinking']","['circuit design', 'pcb design', 'cad', 'embedded systems', 'microcontrollers']","['circuit design', 'pcb design', 'cad', 'embedded systems', 'microcontrollers']"
"education: bachelor's in electrical engineering experience: 5 years skills: power bi, electrical systems, risk assessment, graphic design, cad, circuit design, technical knowledge, troubleshooting",electrical engineer,bachelor's in electrical engineering,engineering,bachelor's in electrical engineering,"['precision', 'critical thinking', 'problem solving']","['problem solving', 'time management', 'critical thinking']","['circuit design', 'cad', 'electrical systems']","['circuit design', 'cad', 'electrical systems']"
"education: bachelor's in civil engineering experience: 2 years skills: kubernetes, encryption, statistics, design, cad, structural analysis, network security, confluence",structural engineer,bachelor's in civil engineering,engineering,bachelor's in civil engineering,['structural analysis'],['structural analysis'],"['cad', 'building codes']","['cad', 'building codes']"
"education: bachelor's in biomedical engineering experience: 2 years skills: biomedical systems, regulatory knowledge, problem solving, cad, technical design, rest api, jupyter, react",biomedical engineer,bachelor's in biomedical engineering,engineering,bachelor's in biomedical engineering,"['attention to detail', 'problem solving', 'time management']","['critical thinking', 'time management']",['cad'],['cad']
"education: cpa or tax certification experience: 1 years skills: css, agile, tax planning, accounting, irs knowledge, compliance, software, jira",tax specialist,accounting or tax certification,economy,bachelor's in accounting,['tax planning'],['tax planning'],['accounting'],['accounting']
"education: associate in law experience: 3 years skills: attention to detail, document preparation, typescript, communication, organization, decision making, legal knowledge, legal research",paralegal,associate in law,law_and_public_services,bachelor's in paralegal studies,"['judgment', 'analytical skills']","['judgment', 'analytical skills', 'responsibility']","['document preparation', 'legal research']","['document preparation', 'legal research']"
"education: bachelor's in electronics engineering experience: 2 years skills: redis, hardware design, circuit design, microcontrollers, machine learning, app testing, pcb design, cad",electronics engineer,bachelor's in electronics engineering,engineering,bachelor's in electronics engineering,"['teamwork', 'attention to detail']","['problem solving', 'teamwork', 'time management', 'attention to detail']","['circuit design', 'pcb design', 'cad', 'embedded systems', 'microcontrollers']","['circuit design', 'pcb design', 'cad', 'embedded systems', 'microcontrollers']"
"education: design certification experience: 1 years skills: attention to detail, design software, documentation, adobe creative suite, branding, visual communication, android, creativity",graphic designer,design certification,creative_design,bachelor's in graphic design,"['collaboration', 'attention to detail']","['creativity', 'attention to detail']",['adobe creative suite'],['adobe creative suite']
"education: bachelor's in mechanical engineering experience: 1 years skills: kanban, problem solving, decision making, agile, vehicle systems, testing, cad, materials",automotive engineer,bachelor's in mechanical engineering,engineering,bachelor's in automotive engineering,"['precision', 'problem solving', 'time management']","['problem solving', 'time management']","['cad', 'thermal systems', 'vehicle systems']","['cad', 'vehicle systems', 'thermal systems']"
"education: bachelor's in marketing experience: 5 years skills: brand strategy, budget management, analytics, campaign management, decision making, flask, sales, strategic planning",marketing manager,bachelor's in marketing,economy,bachelor's in marketing,"['strategic thinking', 'decision making', 'planning']","['planning', 'communication']","['brand strategy', 'campaign management']","['campaign management', 'brand strategy']"
"education: bachelor's in manufacturing engineering experience: 4 years skills: problem solving, database design, process design, equipment knowledge, production planning, quality control, cad, market research",manufacturing engineer,bachelor's in manufacturing engineering,engineering,bachelor's in manufacturing engineering,['production planning'],['production planning'],"['process design', 'cad']","['cad', 'process design']"
"education: bachelor's in communications experience: 1 years skills: flutter, project management, vue.js, seo, research, r, pytorch, writing",content marketing manager,bachelor's in communications,economy,bachelor's in marketing,"['communication', 'business acumen']","['business acumen', 'decision making', 'negotiation', 'communication']",['seo'],['seo']
"education: bachelor's in communications experience: 3 years skills: account management, microservices, negotiation, php, relationship building, web accessibility, sales, crm",account executive,bachelor's in communications,economy,bachelor's in business,"['planning', 'negotiation', 'decision making']","['communication', 'planning', 'negotiation']",['crm'],['crm']
"education: bachelor's in business experience: 3 years skills: html, messaging, campaign management, market research, analytics, positioning, product strategy, web accessibility",product marketing manager,bachelor's in business,economy,bachelor's in marketing,['financial analysis'],"['strategic thinking', 'financial analysis']",['campaign management'],['campaign management']
"education: bachelor's in marketing experience: 5 years skills: angular, prototyping, social media, mobile security, seo, analytics, content strategy, email marketing",digital marketing manager,bachelor's in marketing,economy,bachelor's in marketing,"['decision making', 'negotiation']","['strategic thinking', 'planning', 'decision making', 'negotiation']",['seo'],['seo']
"education: bachelor's in communications experience: 4 years skills: account management, sales, react, product knowledge, scrum, mongodb, relationship building, crm",account executive,bachelor's in communications,economy,bachelor's in business,"['communication', 'negotiation']","['communication', 'decision making', 'strategic thinking', 'negotiation']",['crm'],['crm']
"education: bachelor's in biomedical engineering experience: 3 years skills: regulatory knowledge, vue.js, ansible, technical design, numpy, project management, teamwork, problem solving",biomedical engineer,bachelor's in biomedical engineering,engineering,bachelor's in biomedical engineering,"['problem solving', 'precision', 'critical thinking']","['precision', 'teamwork', 'problem solving', 'critical thinking']",['cad'],['cad']
"education: bachelor's in aerospace engineering experience: 4 years skills: physics, problem solving, sales, cad, network security, structural analysis, design, matlab",aerospace engineer,bachelor's in aerospace engineering,engineering,bachelor's in aerospace engineering,['structural analysis'],['structural analysis'],"['cad', 'aerodynamics', 'matlab']","['cad', 'aerodynamics', 'matlab']"
"education: bachelor's in accounting experience: 5 years skills: compliance, teamwork, tableau, risk assessment, leadership, communication, internal controls, prototyping",audit manager,bachelor's in accounting,economy,bachelor's in accounting,"['planning', 'decision making', 'negotiation']","['planning', 'decision making', 'communication']",['audit procedures'],['audit procedures']
"education: bachelor's in business experience: 2 years skills: crm, documentation, swift, kotlin, selling, creativity, client relationships, negotiation",sales executive,bachelor's in business,economy,bachelor's in business,"['decision making', 'negotiation', 'strategic thinking']","['planning', 'decision making', 'negotiation']",['crm'],['crm']
"education: bachelor's in civil engineering experience: 4 years skills: building codes, mobile security, web accessibility, calculations, cad, database design, materials, structural analysis",structural engineer,bachelor's in civil engineering,engineering,bachelor's in civil engineering,['structural analysis'],['structural analysis'],"['cad', 'building codes']","['cad', 'building codes']"
"education: bachelor's in marketing experience: 2 years skills: product knowledge, communication, redis, ansible, power bi, negotiation, crm, adaptability",sales executive,bachelor's in marketing,economy,bachelor's in business,"['planning', 'strategic thinking']","['strategic thinking', 'planning', 'negotiation']","['crm', 'python']",['crm']
"education: bachelor's in marketing experience: 5 years skills: firewalls, problem solving, content strategy, writing, flutter, seo, analytics, research",content marketing manager,bachelor's in marketing,economy,bachelor's in marketing,"['planning', 'decision making']","['business acumen', 'planning', 'decision making', 'communication']",['seo'],['seo']
"education: bachelor's in marketing experience: 1 years skills: product knowledge, decision making, c#, selling, technical writing, negotiation, crm, client relationships",sales executive,bachelor's in marketing,economy,bachelor's in business,"['strategic thinking', 'negotiation']","['communication', 'strategic thinking', 'decision making', 'negotiation']",['crm'],['crm']
"education: bachelor's in mechanical engineering experience: 1 years skills: problem solving, kubernetes, thermodynamics, physics, jira, technical documentation, ios, cad",mechanical engineer,bachelor's in mechanical engineering,engineering,bachelor's in mechanical engineering,"['teamwork', 'problem solving']","['problem solving', 'precision']",['cad'],['cad']
"education: bachelor's in electronics engineering experience: 4 years skills: deep learning, microcontrollers, shell scripting, cad, embedded systems, adobe creative suite, oracle, circuit design",electronics engineer,bachelor's in electronics engineering,engineering,bachelor's in electronics engineering,"['teamwork', 'precision', 'time management']","['precision', 'problem solving', 'attention to detail']","['circuit design', 'pcb design', 'cad', 'embedded systems', 'microcontrollers']","['circuit design', 'pcb design', 'cad', 'embedded systems', 'microcontrollers']"
"education: bachelor's in 3d art experience: 0 years skills: texturing, graphic design, software skills, 3d modeling, creativity, problem solving, prototyping, rendering",3d artist,bachelor's in 3d art,creative_design,bachelor's in 3d art,"['creativity', 'communication', 'collaboration']","['adaptability', 'collaboration', 'communication']","['graphic design', 'rendering', 'prototyping', 'texturing', '3d modeling']","['3d modeling', 'rendering', 'texturing']"
"education: bachelor's in marketing experience: 2 years skills: platform knowledge, content creation, community management, creativity, analytics, social media strategy, serverless, technical writing",social media manager,bachelor's in marketing,economy,bachelor's in marketing,"['strategic thinking', 'decision making', 'planning']","['strategic thinking', 'planning', 'decision making']",['copywriting'],['copywriting']
"education: bachelor's in mechanical engineering experience: 2 years skills: critical thinking, cad, physics, prototyping, problem solving, technical documentation, mechanical design, thermodynamics",mechanical engineer,bachelor's in mechanical engineering,engineering,bachelor's in mechanical engineering,"['time management', 'teamwork']","['precision', 'teamwork', 'critical thinking']",['cad'],['cad']
"education: design certification experience: 0 years skills: design software, user experience, attention to detail, leadership, market research, creativity, visual communication, adobe creative suite",graphic designer,design certification,creative_design,bachelor's in graphic design,"['creativity', 'adaptability']","['adaptability', 'attention to detail']",['adobe creative suite'],['adobe creative suite']
"education: ux certification experience: 1 years skills: user research, usability testing, power bi, prototyping, design thinking, flask, wireframing, strategic planning",ux designer,ux certification,creative_design,bachelor's in design,"['attention to detail', 'creativity']","['creativity', 'communication', 'attention to detail']","['prototyping', 'wireframing']","['prototyping', 'wireframing']"
"education: design certification experience: 2 years skills: design software, attention to detail, javascript, encryption, creativity, visual communication, branding, adobe creative suite",graphic designer,design certification,creative_design,bachelor's in graphic design,"['collaboration', 'storytelling', 'communication']","['storytelling', 'collaboration', 'communication']",['adobe creative suite'],['adobe creative suite']
"education: bachelor's in marketing experience: 5 years skills: business acumen, sem, email marketing, statistics, content strategy, aws, analytics, seo",digital marketing manager,bachelor's in marketing,economy,bachelor's in marketing,['business acumen'],"['business acumen', 'planning', 'negotiation']","['statistics', 'seo']",['seo']
"education: bachelor's in electronics engineering experience: 1 years skills: critical thinking, java, microcontrollers, real-time systems, c/c++, hardware, embedded linux, low-level programming",embedded systems engineer,bachelor's in electronics engineering,engineering,bachelor's in electronics engineering,"['attention to detail', 'teamwork', 'critical thinking']","['problem solving', 'teamwork', 'attention to detail']",['microcontrollers'],['microcontrollers']
"education: bachelor's in electronics engineering experience: 4 years skills: problem solving, wireframing, circuit design, embedded systems, pcb design, time management, flutter, hardware design",electronics engineer,bachelor's in electronics engineering,engineering,bachelor's in electronics engineering,"['teamwork', 'attention to detail']","['teamwork', 'time management']","['circuit design', 'pcb design', 'cad', 'embedded systems', 'microcontrollers']","['circuit design', 'pcb design', 'cad', 'embedded systems', 'microcontrollers']"
"education: bachelor's in sales experience: 5 years skills: team leadership, crm, communication, negotiation, sales strategy, web design, target setting, azure",sales manager,bachelor's in sales,economy,bachelor's in business,"['planning', 'business acumen', 'negotiation']","['business acumen', 'planning', 'negotiation']",['crm'],['crm']
"education: web design certification experience: 2 years skills: creativity, html/css, web design, design tools, web accessibility, css, responsive design, confluence",web designer,web design certification,creative_design,bachelor's in design,"['creativity', 'communication', 'adaptability']","['creativity', 'adaptability', 'communication']","['responsive design', 'web design']","['responsive design', 'web design']"
"education: bachelor's in civil engineering experience: 5 years skills: building codes, structural analysis, html, kanban, problem solving, project management, technical design, cad",civil engineer,bachelor's in civil engineering,engineering,bachelor's in civil engineering,['structural analysis'],['structural analysis'],"['autocad', 'cad', 'building codes']","['autocad', 'building codes', 'cad']"
"education: bachelor's in computer engineering experience: 2 years skills: hardware, embedded linux, microcontrollers, low-level programming, responsive design, real-time systems, ansible, c/c++",embedded systems engineer,bachelor's in computer engineering,engineering,bachelor's in electronics engineering,"['critical thinking', 'teamwork']","['precision', 'teamwork', 'problem solving']",['microcontrollers'],['microcontrollers']
"education: bachelor's in electronics engineering experience: 0 years skills: microcontrollers, cloudformation, pcb design, circuit design, security protocols, cad, hardware design, embedded systems",electronics engineer,bachelor's in electronics engineering,engineering,bachelor's in electronics engineering,"['precision', 'teamwork', 'attention to detail']","['precision', 'teamwork', 'time management']","['circuit design', 'pcb design', 'cad', 'embedded systems', 'microcontrollers']","['circuit design', 'pcb design', 'cad', 'embedded systems', 'microcontrollers']"
"education: bachelor's in finance experience: 2 years skills: excel, leadership, valuation, creativity, m&a, research, swift, business acumen",investment banking analyst,bachelor's in finance,economy,bachelor's in finance,['business acumen'],"['business acumen', 'strategic thinking']","['financial modeling', 'excel', 'valuation']","['financial modeling', 'excel', 'valuation']"
"education: bachelor's in civil engineering experience: 3 years skills: rust, marketing, materials, mobile ui/ux, building codes, calculations, design, oracle",structural engineer,bachelor's in civil engineering,engineering,bachelor's in civil engineering,['structural analysis'],['structural analysis'],"['cad', 'building codes']","['cad', 'building codes']"
"education: bachelor's in marketing experience: 3 years skills: email campaign management, cloudformation, c++, analytics, segmentation, a/b testing, automation platforms, penetration testing",email marketing specialist,bachelor's in marketing,economy,bachelor's in marketing,"['decision making', 'communication', 'planning']","['planning', 'negotiation']",['copywriting'],['copywriting']
"education: bachelor's in sales experience: 4 years skills: ios, crm, target setting, aws, negotiation, business acumen, database design, team leadership",sales manager,bachelor's in sales,economy,bachelor's in business,['business acumen'],"['business acumen', 'planning']",['crm'],['crm']
"education: bachelor's in business experience: 2 years skills: crm, sales, market research, agile, graphic design, deep learning, product knowledge, relationship building",account executive,bachelor's in business,economy,bachelor's in business,"['strategic thinking', 'planning']","['business acumen', 'planning', 'negotiation']",['crm'],['crm']
"education: bachelor's in design experience: 3 years skills: prototyping, wireframing, machine learning, encryption, user research, design thinking, html, usability testing",ux designer,bachelor's in design,creative_design,bachelor's in design,"['adaptability', 'collaboration']","['creativity', 'collaboration']","['prototyping', 'wireframing']","['prototyping', 'wireframing']"
"education: bachelor's in business experience: 4 years skills: relationship building, account management, product knowledge, negotiation, aws, sales, crm, prototyping",account executive,bachelor's in business,economy,bachelor's in business,"['communication', 'business acumen']","['business acumen', 'strategic thinking', 'planning', 'communication']",['crm'],['crm']
"education: bachelor's in mechanical engineering experience: 3 years skills: quality control, cad, production planning, process design, problem solving, equipment knowledge, node.js, ci/cd",manufacturing engineer,bachelor's in mechanical engineering,engineering,bachelor's in manufacturing engineering,['production planning'],['production planning'],"['process design', 'cad']","['cad', 'process design']"
"education: bachelor's in design experience: 2 years skills: responsive design, html/css, user experience, web design, r, ansible, creativity, design tools",web designer,bachelor's in design,creative_design,bachelor's in design,"['collaboration', 'storytelling', 'creativity']","['creativity', 'storytelling', 'collaboration', 'communication']","['responsive design', 'web design']","['responsive design', 'web design']"
"education: bachelor's in mechanical engineering experience: 0 years skills: physics, gcp, thermodynamics, technical documentation, problem solving, docker, tensorflow, mechanical design",mechanical engineer,bachelor's in mechanical engineering,engineering,bachelor's in mechanical engineering,"['precision', 'critical thinking', 'problem solving']","['problem solving', 'critical thinking', 'precision']",['cad'],['cad']
"education: bachelor's in paralegal studies experience: 0 years skills: legal knowledge, attention to detail, legal research, adaptability, organization, communication, document preparation, user interface",paralegal,bachelor's in paralegal studies,law_and_public_services,bachelor's in paralegal studies,"['responsibility', 'ethics']","['ethics', 'judgment', 'responsibility']","['document preparation', 'legal research']","['document preparation', 'legal research']"
"education: design certification experience: 1 years skills: branding, typescript, visual communication, figma, adobe creative suite, design software, creativity, swift",graphic designer,design certification,creative_design,bachelor's in graphic design,"['creativity', 'communication', 'collaboration']","['collaboration', 'communication']","['adobe creative suite', 'figma']",['adobe creative suite']
"education: bachelor's in business experience: 6 years skills: target setting, communication, crm, creativity, sales strategy, team leadership, negotiation, azure",sales manager,bachelor's in business,economy,bachelor's in business,"['planning', 'strategic thinking', 'decision making']","['strategic thinking', 'decision making']",['crm'],['crm']
"education: bachelor's in accounting experience: 1 years skills: quickbooks, tax knowledge, rest api, gaap, excel, financial analysis, confluence, power bi",accountant,bachelor's in accounting,economy,bachelor's in accounting,['financial analysis'],['financial analysis'],['excel'],['excel']
"education: bachelor's in finance experience: 4 years skills: business development, risk analysis, python, statistics, financial modeling, terraform, react native, excel",financial analyst,bachelor's in finance,economy,bachelor's in finance,['risk analysis'],['risk analysis'],"['python', 'statistics', 'financial modeling', 'excel', 'valuation']","['python', 'statistics', 'financial modeling', 'excel', 'valuation']"
"education: bachelor's in mechanical engineering experience: 4 years skills: problem solving, thermal systems, testing, jupyter, vehicle systems, mobile ui/ux, ci/cd, cad",automotive engineer,bachelor's in mechanical engineering,engineering,bachelor's in automotive engineering,"['time management', 'teamwork']","['critical thinking', 'teamwork', 'time management']","['cad', 'thermal systems', 'vehicle systems']","['cad', 'vehicle systems', 'thermal systems']"
"education: design certification experience: 1 years skills: attention to detail, cloudformation, mentoring, branding, design software, go, visual communication, creativity",graphic designer,design certification,creative_design,bachelor's in graphic design,"['storytelling', 'attention to detail']","['communication', 'storytelling', 'attention to detail']",['adobe creative suite'],['adobe creative suite']
"education: ui certification experience: 4 years skills: figma, rust, scikit-learn, flutter, creativity, prototyping tools, design systems, app testing",ui designer,ui certification,creative_design,bachelor's in design,"['collaboration', 'attention to detail', 'storytelling']","['creativity', 'adaptability', 'attention to detail']",['figma'],['figma']
"education: bachelor's in marketing experience: 4 years skills: javascript, analytics, marketing, market research, security protocols, messaging, product strategy, confluence",product marketing manager,bachelor's in marketing,economy,bachelor's in marketing,"['decision making', 'strategic thinking', 'business acumen']","['business acumen', 'strategic thinking', 'planning']",['campaign management'],['campaign management']
"education: bachelor's in aerospace engineering experience: 1 years skills: design, physics, matlab, node.js, machine learning, aerodynamics, structural analysis, figma",aerospace engineer,bachelor's in aerospace engineering,engineering,bachelor's in aerospace engineering,['structural analysis'],['structural analysis'],"['cad', 'aerodynamics', 'matlab']","['cad', 'aerodynamics', 'matlab']"
"education: bachelor's in design experience: 0 years skills: web design, html/css, vue.js, user experience, responsive design, negotiation, adaptability, c++",web designer,bachelor's in design,creative_design,bachelor's in design,"['storytelling', 'attention to detail']","['communication', 'storytelling', 'attention to detail']","['responsive design', 'web design', 'prototyping']","['responsive design', 'web design']"
"education: bachelor's in civil engineering experience: 5 years skills: structural analysis, materials, data analysis, building codes, azure, calculations, design, cad",structural engineer,bachelor's in civil engineering,engineering,bachelor's in civil engineering,"['structural analysis', 'data analysis']",['structural analysis'],"['cad', 'building codes']","['cad', 'building codes']"
"education: bachelor's in marketing experience: 3 years skills: css, copywriting, community management, analytics, content creation, prototyping, platform knowledge, social media strategy",social media manager,bachelor's in marketing,economy,bachelor's in marketing,"['strategic thinking', 'communication', 'business acumen']","['strategic thinking', 'decision making', 'communication']",['copywriting'],['copywriting']
"education: associate in law experience: 2 years skills: organization, communication, android, legal knowledge, azure, marketing, legal research, figma",paralegal,associate in law,law_and_public_services,bachelor's in paralegal studies,"['analytical skills', 'critical thinking', 'judgment']","['analytical skills', 'critical thinking']","['document preparation', 'legal research']","['document preparation', 'legal research']"
"education: bachelor's in finance experience: 5 years skills: research, c++, pytorch, excel, financial modeling, marketing, communication, valuation",investment banking analyst,bachelor's in finance,economy,bachelor's in finance,"['planning', 'decision making', 'negotiation']","['planning', 'negotiation']","['financial modeling', 'excel', 'valuation']","['financial modeling', 'excel', 'valuation']"
"education: bachelor's in design experience: 2 years skills: flutter, azure, responsive design, web design, user experience, creativity, kanban, html/css",web designer,bachelor's in design,creative_design,bachelor's in design,"['communication', 'attention to detail', 'adaptability']","['collaboration', 'attention to detail']","['responsive design', 'web design']","['responsive design', 'web design']"
"education: bachelor's in mechanical engineering experience: 4 years skills: cad, process design, project management, scala, problem solving, equipment knowledge, production planning, quality control",manufacturing engineer,bachelor's in mechanical engineering,engineering,bachelor's in manufacturing engineering,['production planning'],['production planning'],"['process design', 'cad']","['cad', 'process design']"
"education: bachelor's in finance experience: 1 years skills: flask, financial modeling, statistics, communication, research, oracle, m&a, excel",investment banking analyst,bachelor's in finance,economy,bachelor's in finance,"['planning', 'strategic thinking']","['communication', 'planning', 'negotiation']","['valuation', 'statistics', 'financial modeling', 'excel']","['financial modeling', 'excel', 'valuation']"
"education: bachelor's in graphic design experience: 2 years skills: adobe creative suite, p&l management, javascript, design software, visual communication, attention to detail, branding, creativity",graphic designer,bachelor's in graphic design,creative_design,bachelor's in graphic design,"['attention to detail', 'storytelling']","['creativity', 'adaptability', 'attention to detail']",['adobe creative suite'],['adobe creative suite']
"education: digital marketing certification experience: 3 years skills: scala, analytics, social media, market research, sem, content strategy, email marketing, seo",digital marketing manager,digital marketing certification,economy,bachelor's in marketing,"['negotiation', 'communication']","['business acumen', 'communication', 'planning', 'negotiation']",['seo'],['seo']
"education: cpa or tax certification experience: 4 years skills: compliance, tax planning, accounting, irs knowledge, software, tax law, penetration testing, risk assessment",tax specialist,accounting or tax certification,economy,bachelor's in accounting,['tax planning'],['tax planning'],['accounting'],['accounting']
"education: bachelor's in business experience: 5 years skills: market research, tensorflow, analytics, product strategy, messaging, go, sql, positioning",product marketing manager,bachelor's in business,economy,bachelor's in marketing,"['decision making', 'negotiation', 'communication']","['decision making', 'negotiation', 'communication']",['campaign management'],['campaign management']
"education: bachelor's in electronics engineering experience: 5 years skills: risk assessment, hardware, real-time systems, c/c++, ios, microcontrollers, low-level programming, embedded linux",embedded systems engineer,bachelor's in electronics engineering,engineering,bachelor's in electronics engineering,"['precision', 'teamwork']","['precision', 'time management', 'teamwork', 'critical thinking']",['microcontrollers'],['microcontrollers']
"education: bachelor's in civil engineering experience: 5 years skills: design, structural analysis, building codes, cad, materials, database design, tensorflow, critical thinking",structural engineer,bachelor's in civil engineering,engineering,bachelor's in civil engineering,['structural analysis'],['structural analysis'],"['cad', 'building codes']","['cad', 'building codes']"
"education: bachelor's in accounting experience: 4 years skills: financial analysis, problem solving, accounting principles, quickbooks, excel, tax knowledge, security architecture, gaap",accountant,bachelor's in accounting,economy,bachelor's in accounting,['financial analysis'],['financial analysis'],['excel'],['excel']
"education: ui certification experience: 1 years skills: prototyping tools, kotlin, creativity, design systems, gcp, shell scripting, visual design, ui principles",ui designer,ui certification,creative_design,bachelor's in design,"['communication', 'adaptability', 'creativity']","['creativity', 'attention to detail', 'collaboration', 'communication']",['figma'],['figma']
"education: bachelor's in finance experience: 3 years skills: postgresql, budget planning, communication, excel, financial analysis, typescript, forecasting, scala",budget analyst,bachelor's in finance,economy,bachelor's in finance,"['budget planning', 'financial analysis']","['budget planning', 'financial analysis']",['excel'],['excel']
"education: cpa experience: 6 years skills: risk assessment, audit procedures, communication, creativity, business development, compliance, leadership, internal controls",audit manager,accounting,economy,bachelor's in accounting,"['business acumen', 'communication', 'negotiation']","['planning', 'decision making', 'negotiation']",['audit procedures'],['audit procedures']
"education: cpa or equivalent experience: 2 years skills: quickbooks, accounting principles, shell scripting, excel, financial analysis, docker, documentation, tax knowledge",accountant,accounting or equivalent,economy,bachelor's in accounting,['financial analysis'],['financial analysis'],['excel'],['excel']
"education: bachelor's in mechanical engineering experience: 2 years skills: cad, physics, technical documentation, problem solving, prototyping, mechanical design, mysql, thermodynamics",mechanical engineer,bachelor's in mechanical engineering,engineering,bachelor's in mechanical engineering,"['teamwork', 'attention to detail']","['problem solving', 'teamwork', 'time management', 'attention to detail']",['cad'],['cad']
"education: bachelor's in aerospace engineering experience: 1 years skills: physics, structural analysis, java, design, matlab, cad, encryption, aerodynamics",aerospace engineer,bachelor's in aerospace engineering,engineering,bachelor's in aerospace engineering,['structural analysis'],['structural analysis'],"['cad', 'aerodynamics', 'matlab']","['cad', 'aerodynamics', 'matlab']"
"education: bachelor's in civil engineering experience: 5 years skills: structural analysis, technical design, building codes, aws, cad, project management, autocad, c++",civil engineer,bachelor's in civil engineering,engineering,bachelor's in civil engineering,['structural analysis'],['structural analysis'],"['autocad', 'cad', 'building codes']","['autocad', 'building codes', 'cad']"
"education: bachelor's in computer engineering experience: 2 years skills: microcontrollers, real-time systems, low-level programming, c/c++, hardware, embedded linux, terraform, kubernetes",embedded systems engineer,bachelor's in computer engineering,engineering,bachelor's in electronics engineering,"['problem solving', 'time management']","['precision', 'time management', 'attention to detail']",['microcontrollers'],['microcontrollers']
"education: bachelor's in accounting experience: 1 years skills: communication, risk assessment, budget planning, confluence, attention to detail, financial analysis, excel, c#",budget analyst,bachelor's in accounting,economy,bachelor's in finance,"['budget planning', 'financial analysis']","['budget planning', 'financial analysis']",['excel'],['excel']
"education: bachelor's in accounting experience: 4 years skills: leadership, financial analysis, web design, compliance, audit procedures, risk assessment, internal controls, communication",audit manager,bachelor's in accounting,economy,bachelor's in accounting,['financial analysis'],"['financial analysis', 'communication']",['audit procedures'],['audit procedures']
"education: bachelor's in marketing experience: 1 years skills: email campaign management, copywriting, segmentation, analytics, kanban, nosql, automation platforms, a/b testing",email marketing specialist,bachelor's in marketing,economy,bachelor's in marketing,"['business acumen', 'strategic thinking']","['strategic thinking', 'decision making']","['python', 'copywriting']",['copywriting']
"education: bachelor's in marketing experience: 4 years skills: positioning, messaging, market research, ansible, typescript, analytics, compliance, database design",product marketing manager,bachelor's in marketing,economy,bachelor's in marketing,"['strategic thinking', 'business acumen']","['business acumen', 'strategic thinking', 'negotiation', 'communication']",['campaign management'],['campaign management']
"education: bachelor's in mechanical engineering experience: 3 years skills: rust, network security, cad, adobe creative suite, problem solving, physics, technical documentation, mechanical design",mechanical engineer,bachelor's in mechanical engineering,engineering,bachelor's in mechanical engineering,"['time management', 'precision']","['precision', 'problem solving', 'time management', 'attention to detail']",['cad'],['cad']
"education: seo certification experience: 4 years skills: backlink strategy, content optimization, seo, technical seo, compliance, financial analysis, analytics, keyword research",seo specialist,seo certification,economy,bachelor's in marketing,['financial analysis'],"['business acumen', 'strategic thinking', 'financial analysis']",['seo'],['seo']
"education: bachelor's in accounting experience: 1 years skills: communication, budget planning, database design, excel, cassandra, attention to detail, go, financial analysis",budget analyst,bachelor's in accounting,economy,bachelor's in finance,"['budget planning', 'financial analysis']","['budget planning', 'financial analysis']",['excel'],['excel']
"education: bachelor's in finance experience: 4 years skills: python, risk analysis, statistics, app testing, excel, database design, financial modeling, flutter",financial analyst,bachelor's in finance,economy,bachelor's in finance,['risk analysis'],['risk analysis'],"['python', 'statistics', 'financial modeling', 'excel', 'valuation']","['python', 'statistics', 'financial modeling', 'excel', 'valuation']"
"education: bachelor's in finance experience: 0 years skills: financial modeling, jupyter, statistics, problem solving, excel, valuation, python, risk analysis",financial analyst,bachelor's in finance,economy,bachelor's in finance,['risk analysis'],['risk analysis'],"['python', 'statistics', 'financial modeling', 'excel', 'valuation']","['python', 'statistics', 'financial modeling', 'excel', 'valuation']"
"education: bachelor's in business experience: 2 years skills: market research, teamwork, campaign management, product strategy, mentoring, positioning, messaging, analytics",product marketing manager,bachelor's in business,economy,bachelor's in marketing,['business acumen'],"['business acumen', 'decision making', 'negotiation']",['campaign management'],['campaign management']
"education: bachelor's in biomedical engineering experience: 5 years skills: technical design, rust, medical devices, biomedical systems, cad, technical writing, pandas, problem solving",biomedical engineer,bachelor's in biomedical engineering,engineering,bachelor's in biomedical engineering,"['problem solving', 'teamwork']","['teamwork', 'critical thinking', 'attention to detail']",['cad'],['cad']
"education: bachelor's in biomedical engineering experience: 3 years skills: react, cad, regulatory knowledge, problem solving, azure, biomedical systems, technical design, medical devices",biomedical engineer,bachelor's in biomedical engineering,engineering,bachelor's in biomedical engineering,"['precision', 'problem solving', 'time management']","['precision', 'teamwork']",['cad'],['cad']
"education: bachelor's in business experience: 1 years skills: crm, negotiation, product knowledge, client relationships, strategic planning, firewalls, communication, selling",sales executive,bachelor's in business,economy,bachelor's in business,"['strategic thinking', 'communication', 'planning']","['business acumen', 'planning', 'communication']",['crm'],['crm']
"education: bachelor's in civil engineering experience: 3 years skills: design, structural analysis, microservices, python, cad, materials, building codes, penetration testing",structural engineer,bachelor's in civil engineering,engineering,bachelor's in civil engineering,['structural analysis'],['structural analysis'],"['cad', 'building codes']","['cad', 'building codes']"
"education: bachelor's in electrical engineering experience: 4 years skills: pytorch, leadership, regulatory knowledge, kanban, problem solving, mongodb, electrical systems, technical writing",electrical utilities manager,bachelor's in electrical engineering,engineering,bachelor's in electrical engineering,"['attention to detail', 'precision', 'teamwork']","['problem solving', 'teamwork', 'time management']",['electrical systems'],['electrical systems']
"education: bachelor's in communications experience: 3 years skills: relationship building, sales, negotiation, kotlin, account management, crm, graphic design, product knowledge",account executive,bachelor's in communications,economy,bachelor's in business,"['decision making', 'strategic thinking']","['decision making', 'communication']",['crm'],['crm']
"education: bachelor's in business experience: 5 years skills: oracle, market research, technical writing, positioning, campaign management, analytics, go, flutter",product marketing manager,bachelor's in business,economy,bachelor's in marketing,"['negotiation', 'strategic thinking', 'communication']","['business acumen', 'strategic thinking', 'communication']",['campaign management'],['campaign management']
"education: bachelor's in marketing experience: 2 years skills: social media strategy, copywriting, penetration testing, scrum, community management, deep learning, content creation, analytics",social media manager,bachelor's in marketing,economy,bachelor's in marketing,"['business acumen', 'communication']","['business acumen', 'planning', 'communication']",['copywriting'],['copywriting']
"education: bachelor's in mechanical engineering experience: 2 years skills: nosql, production planning, problem solving, quality control, cad, time management, equipment knowledge, process design",manufacturing engineer,bachelor's in mechanical engineering,engineering,bachelor's in manufacturing engineering,['production planning'],['production planning'],"['process design', 'cad']","['cad', 'process design']"
"education: bachelor's in marketing experience: 1 years skills: product strategy, ios, cassandra, analytics, market research, positioning, mobile security, messaging",product marketing manager,bachelor's in marketing,economy,bachelor's in marketing,['business acumen'],"['business acumen', 'decision making', 'communication']",['campaign management'],['campaign management']
"education: associate in law experience: 3 years skills: legal knowledge, communication, machine learning, organization, document preparation, jupyter, attention to detail, flutter",paralegal,associate in law,law_and_public_services,bachelor's in paralegal studies,"['ethics', 'judgment', 'public speaking']","['ethics', 'analytical skills', 'critical thinking']","['document preparation', 'legal research']","['document preparation', 'legal research']"
"education: bachelor's in design experience: 5 years skills: cassandra, usability testing, wireframing, user research, prototyping, encryption, communication, design thinking",ux designer,bachelor's in design,creative_design,bachelor's in design,"['collaboration', 'creativity']","['creativity', 'storytelling']","['prototyping', 'wireframing']","['prototyping', 'wireframing']"
"education: cpa experience: 7 years skills: terraform, compliance, oracle, leadership, audit procedures, risk assessment, tensorflow, communication",audit manager,accounting,economy,bachelor's in accounting,"['strategic thinking', 'decision making']","['strategic thinking', 'decision making', 'negotiation']",['audit procedures'],['audit procedures']
"education: bachelor's in marketing experience: 1 years skills: community management, security protocols, social media strategy, content creation, platform knowledge, analytics, vue.js, copywriting",social media manager,bachelor's in marketing,economy,bachelor's in marketing,"['planning', 'negotiation', 'business acumen']","['business acumen', 'strategic thinking', 'decision making']",['copywriting'],['copywriting']
"education: bachelor's in design experience: 1 years skills: prototyping tools, creativity, design systems, figma, ruby, visual design, business development, power bi",ui designer,bachelor's in design,creative_design,bachelor's in design,"['creativity', 'storytelling']","['creativity', 'storytelling', 'collaboration', 'communication']",['figma'],['figma']
"education: bachelor's in finance experience: 0 years skills: python, excel, adaptability, valuation, shell scripting, risk analysis, financial modeling, r",financial analyst,bachelor's in finance,economy,bachelor's in finance,['risk analysis'],['risk analysis'],"['python', 'statistics', 'financial modeling', 'excel', 'valuation']","['python', 'statistics', 'financial modeling', 'excel', 'valuation']"
"education: bachelor's in marketing experience: 6 years skills: budget management, ansible, communication, leadership, prototyping, analytics, campaign management, perl",marketing manager,bachelor's in marketing,economy,bachelor's in marketing,['data analysis'],"['decision making', 'data analysis']","['brand strategy', 'campaign management']","['campaign management', 'brand strategy']"
"education: bachelor's in design experience: 4 years skills: user experience, azure, web design, responsive design, html/css, gcp, design tools, database design",web designer,bachelor's in design,creative_design,bachelor's in design,"['storytelling', 'collaboration']","['creativity', 'storytelling', 'collaboration', 'communication']","['responsive design', 'web design']","['responsive design', 'web design']"
"education: bachelor's in mechanical engineering experience: 3 years skills: vue.js, cad, numpy, materials, thermal systems, vehicle systems, budget management, problem solving",automotive engineer,bachelor's in mechanical engineering,engineering,bachelor's in automotive engineering,"['time management', 'teamwork', 'problem solving']","['precision', 'teamwork', 'critical thinking']","['cad', 'vehicle systems', 'thermal systems']","['cad', 'vehicle systems', 'thermal systems']"
"education: bachelor's in graphic design experience: 4 years skills: design software, visual communication, machine learning, scrum, creativity, business acumen, attention to detail, branding",graphic designer,bachelor's in graphic design,creative_design,bachelor's in graphic design,['business acumen'],"['business acumen', 'storytelling', 'collaboration']",['adobe creative suite'],['adobe creative suite']
"education: bachelor's in chemical engineering experience: 3 years skills: sql, process design, time management, thermochemistry, database design, terraform, laboratory skills, data analysis",chemical engineer,bachelor's in chemical engineering,engineering,bachelor's in chemical engineering,['data analysis'],['data analysis'],['process design'],['process design']
"education: bachelor's in marketing experience: 4 years skills: gcp, python, r, segmentation, a/b testing, analytics, wireframing, email campaign management",email marketing specialist,bachelor's in marketing,economy,bachelor's in marketing,"['negotiation', 'decision making', 'strategic thinking']","['strategic thinking', 'planning']","['python', 'copywriting']",['copywriting']
"education: bachelor's in graphic design experience: 3 years skills: visual communication, branding, creativity, adobe creative suite, attention to detail, flask, design software, jira",graphic designer,bachelor's in graphic design,creative_design,bachelor's in graphic design,"['collaboration', 'attention to detail', 'creativity']","['creativity', 'adaptability', 'attention to detail']",['adobe creative suite'],['adobe creative suite']
"education: bachelor's in accounting experience: 4 years skills: documentation, accounting principles, penetration testing, gaap, angular, scikit-learn, quickbooks, financial analysis",accountant,bachelor's in accounting,economy,bachelor's in accounting,['financial analysis'],['financial analysis'],['excel'],['excel']
"education: bachelor's in aerospace engineering experience: 3 years skills: teamwork, structural analysis, wireframing, aerodynamics, matlab, flask, mobile ui/ux, cad",aerospace engineer,bachelor's in aerospace engineering,engineering,bachelor's in aerospace engineering,['structural analysis'],['structural analysis'],"['cad', 'aerodynamics', 'matlab']","['cad', 'aerodynamics', 'matlab']"
"education: bachelor's in accounting experience: 3 years skills: software, adaptability, scrum, tax planning, tax law, irs knowledge, user experience, accounting",tax specialist,bachelor's in accounting,economy,bachelor's in accounting,['tax planning'],['tax planning'],['accounting'],['accounting']
"education: bachelor's in communications experience: 5 years skills: research, seo, content strategy, analytics, agile, graphic design, project management, writing",content marketing manager,bachelor's in communications,economy,bachelor's in marketing,"['negotiation', 'strategic thinking', 'decision making']","['communication', 'planning', 'decision making', 'negotiation']",['seo'],['seo']
"education: digital marketing certification experience: 2 years skills: wireframing, web design, sem, mongodb, seo, email marketing, numpy, mentoring",digital marketing manager,digital marketing certification,economy,bachelor's in marketing,"['negotiation', 'planning', 'strategic thinking']","['strategic thinking', 'negotiation']",['seo'],['seo']
"education: bachelor's in accounting experience: 0 years skills: security protocols, accounting principles, excel, gaap, quickbooks, kotlin, financial analysis, tax knowledge",accountant,bachelor's in accounting,economy,bachelor's in accounting,['financial analysis'],['financial analysis'],['excel'],['excel']
"education: bachelor's in 3d art experience: 2 years skills: texturing, mysql, pytorch, mobile ui/ux, software skills, 3d modeling, creativity, rendering",3d artist,bachelor's in 3d art,creative_design,bachelor's in 3d art,"['collaboration', 'adaptability', 'attention to detail']","['creativity', 'collaboration', 'attention to detail']","['rendering', 'texturing', '3d modeling']","['3d modeling', 'rendering', 'texturing']"
"education: bachelor's in electrical engineering experience: 5 years skills: cad, security architecture, power systems, technical knowledge, troubleshooting, rest api, microservices, flask",electrical engineer,bachelor's in electrical engineering,engineering,bachelor's in electrical engineering,"['precision', 'teamwork', 'attention to detail']","['teamwork', 'time management']","['circuit design', 'cad', 'electrical systems']","['circuit design', 'cad', 'electrical systems']"
"education: bachelor's in design experience: 2 years skills: user experience, confluence, responsive design, html/css, design tools, web design, terraform, creativity",web designer,bachelor's in design,creative_design,bachelor's in design,"['collaboration', 'adaptability', 'creativity']","['creativity', 'adaptability', 'attention to detail']","['responsive design', 'web design']","['responsive design', 'web design']"
"education: bachelor's in marketing experience: 2 years skills: email campaign management, compliance, copywriting, pytorch, segmentation, automation platforms, analytics, django",email marketing specialist,bachelor's in marketing,economy,bachelor's in marketing,"['business acumen', 'decision making']","['business acumen', 'planning', 'decision making']",['copywriting'],['copywriting']
"education: bachelor's in chemical engineering experience: 4 years skills: data analysis, chemical processes, risk assessment, documentation, safety, process design, financial analysis, thermochemistry",chemical engineer,bachelor's in chemical engineering,engineering,bachelor's in chemical engineering,"['financial analysis', 'data analysis']",['data analysis'],['process design'],['process design']
"education: bachelor's in business experience: 3 years skills: market research, campaign management, messaging, analytics, vue.js, communication, cloudformation, product strategy",product marketing manager,bachelor's in business,economy,bachelor's in marketing,"['planning', 'communication']","['strategic thinking', 'planning', 'negotiation']",['campaign management'],['campaign management']
"education: bachelor's in biomedical engineering experience: 4 years skills: biomedical systems, regulatory knowledge, marketing, serverless, cad, technical design, postgresql, problem solving",biomedical engineer,bachelor's in biomedical engineering,engineering,bachelor's in biomedical engineering,"['critical thinking', 'precision']","['precision', 'critical thinking']",['cad'],['cad']
"education: bachelor's in mechanical engineering experience: 4 years skills: thermodynamics, cloudformation, risk assessment, machine learning, cad, mechanical design, physics, technical documentation",mechanical engineer,bachelor's in mechanical engineering,engineering,bachelor's in mechanical engineering,"['critical thinking', 'time management']","['time management', 'critical thinking', 'precision', 'attention to detail']",['cad'],['cad']
"education: bachelor's in mechanical engineering experience: 2 years skills: cad, tensorflow, problem solving, materials, mentoring, java, vehicle systems, pytorch",automotive engineer,bachelor's in mechanical engineering,engineering,bachelor's in automotive engineering,"['precision', 'critical thinking', 'attention to detail']","['problem solving', 'critical thinking']","['cad', 'thermal systems', 'vehicle systems']","['cad', 'vehicle systems', 'thermal systems']"
"education: bachelor's in sales experience: 2 years skills: team leadership, marketing, target setting, negotiation, react native, rest api, firewalls, communication",sales manager,bachelor's in sales,economy,bachelor's in business,"['planning', 'business acumen', 'negotiation']","['communication', 'planning', 'negotiation']",['crm'],['crm']
"education: bachelor's in marketing experience: 2 years skills: analytics, financial analysis, copywriting, social media strategy, community management, platform knowledge, web design, nosql",social media manager,bachelor's in marketing,economy,bachelor's in marketing,['financial analysis'],"['financial analysis', 'communication']",['copywriting'],['copywriting']
"education: bachelor's in mechanical engineering experience: 0 years skills: technical documentation, mechanical design, cad, problem solving, physics, thermodynamics, jira, shell scripting",mechanical engineer,bachelor's in mechanical engineering,engineering,bachelor's in mechanical engineering,"['problem solving', 'time management', 'precision']","['precision', 'problem solving']",['cad'],['cad']
"education: bachelor's in marketing experience: 5 years skills: analytics, budget management, brand strategy, campaign management, decision making, financial analysis, security architecture, agile",marketing manager,bachelor's in marketing,economy,bachelor's in marketing,['financial analysis'],"['financial analysis', 'decision making', 'negotiation']","['brand strategy', 'campaign management']","['campaign management', 'brand strategy']"
"education: bachelor's in electronics engineering experience: 0 years skills: android, pcb design, c++, redis, microcontrollers, circuit design, cad, hardware design",electronics engineer,bachelor's in electronics engineering,engineering,bachelor's in electronics engineering,"['teamwork', 'precision']","['precision', 'time management']","['pcb design', 'circuit design', 'cad', 'embedded systems', 'microcontrollers']","['circuit design', 'pcb design', 'cad', 'embedded systems', 'microcontrollers']"
"education: bachelor's in civil engineering experience: 3 years skills: agile, calculations, kubernetes, oracle, structural analysis, cad, typescript, building codes",structural engineer,bachelor's in civil engineering,engineering,bachelor's in civil engineering,['structural analysis'],['structural analysis'],"['cad', 'building codes']","['cad', 'building codes']"
"education: bachelor's in civil engineering experience: 3 years skills: structural analysis, building codes, calculations, graphic design, redis, design, cad, materials",structural engineer,bachelor's in civil engineering,engineering,bachelor's in civil engineering,['structural analysis'],['structural analysis'],"['cad', 'building codes']","['cad', 'building codes']"
"education: engineering license experience: 5 years skills: docker, problem solving, management, electrical systems, mentoring, leadership, safety, regulatory knowledge",electrical utilities manager,engineering license,engineering,bachelor's in electrical engineering,"['time management', 'problem solving', 'teamwork']","['problem solving', 'teamwork', 'precision']",['electrical systems'],['electrical systems']
"education: associate in law experience: 3 years skills: jira, organization, legal knowledge, communication, financial analysis, mobile security, attention to detail, web accessibility",paralegal,associate in law,law_and_public_services,bachelor's in paralegal studies,['financial analysis'],"['financial analysis', 'responsibility']","['document preparation', 'legal research']","['document preparation', 'legal research']"
"education: bachelor's in communications experience: 3 years skills: product knowledge, account management, project management, relationship building, c++, crm, sales, negotiation",account executive,bachelor's in communications,economy,bachelor's in business,"['decision making', 'business acumen']","['business acumen', 'communication', 'decision making', 'negotiation']",['crm'],['crm']
"education: engineering license experience: 3 years skills: safety, problem solving, regulatory knowledge, management, leadership, confluence, sql, sales",electrical utilities manager,engineering license,engineering,bachelor's in electrical engineering,"['precision', 'teamwork']","['precision', 'teamwork', 'critical thinking', 'attention to detail']",['electrical systems'],['electrical systems']
"education: bachelor's in automotive engineering experience: 2 years skills: technical writing, go, market research, testing, vehicle systems, cad, microservices, numpy",automotive engineer,bachelor's in automotive engineering,engineering,bachelor's in automotive engineering,"['attention to detail', 'teamwork']","['precision', 'teamwork', 'problem solving', 'attention to detail']","['cad', 'thermal systems', 'vehicle systems']","['cad', 'vehicle systems', 'thermal systems']"
"education: bachelor's in mechanical engineering experience: 2 years skills: business acumen, materials, testing, microservices, problem solving, thermal systems, cad, vehicle systems",automotive engineer,bachelor's in mechanical engineering,engineering,bachelor's in automotive engineering,['business acumen'],"['business acumen', 'critical thinking']","['cad', 'vehicle systems', 'thermal systems']","['cad', 'vehicle systems', 'thermal systems']"
"education: bachelor's in aerospace engineering experience: 2 years skills: matlab, aerodynamics, creativity, physics, penetration testing, cad, structural analysis, security architecture",aerospace engineer,bachelor's in aerospace engineering,engineering,bachelor's in aerospace engineering,['structural analysis'],['structural analysis'],"['cad', 'aerodynamics', 'matlab']","['cad', 'aerodynamics', 'matlab']"
"education: bachelor's in marketing experience: 2 years skills: rest api, selling, crm, graphic design, go, client relationships, firewalls, negotiation",sales executive,bachelor's in marketing,economy,bachelor's in business,"['communication', 'strategic thinking']","['strategic thinking', 'decision making', 'communication']",['crm'],['crm']
"education: bachelor's in accounting experience: 4 years skills: leadership, compliance, data analysis, audit procedures, communication, risk assessment, internal controls, business acumen",audit manager,bachelor's in accounting,economy,bachelor's in accounting,"['business acumen', 'data analysis']","['business acumen', 'strategic thinking', 'data analysis']",['audit procedures'],['audit procedures']
"education: bachelor's in paralegal studies experience: 3 years skills: document preparation, terraform, communication, attention to detail, organization, azure, legal knowledge, legal research",paralegal,bachelor's in paralegal studies,law_and_public_services,bachelor's in paralegal studies,"['responsibility', 'judgment']","['critical thinking', 'judgment', 'public speaking', 'responsibility']","['document preparation', 'legal research']","['document preparation', 'legal research']"
"education: bachelor's in accounting experience: 3 years skills: financial analysis, gaap, accounting principles, tax knowledge, quickbooks, market research, excel, scikit-learn",accountant,bachelor's in accounting,economy,bachelor's in accounting,['financial analysis'],['financial analysis'],['excel'],['excel']
"education: bachelor's in 3d art experience: 2 years skills: user interface, software skills, rendering, microservices, creativity, app testing, texturing, problem solving",3d artist,bachelor's in 3d art,creative_design,bachelor's in 3d art,"['adaptability', 'attention to detail', 'creativity']","['communication', 'storytelling', 'attention to detail']","['rendering', 'texturing', '3d modeling']","['3d modeling', 'rendering', 'texturing']"
"education: cpa or equivalent experience: 3 years skills: quickbooks, financial analysis, gaap, mongodb, accounting principles, excel, strategic planning, go",accountant,accounting or equivalent,economy,bachelor's in accounting,['financial analysis'],['financial analysis'],['excel'],['excel']
"education: bachelor's in finance experience: 4 years skills: python, rust, problem solving, financial modeling, statistics, risk analysis, rest api, firewalls",financial analyst,bachelor's in finance,economy,bachelor's in finance,['risk analysis'],['risk analysis'],"['python', 'statistics', 'financial modeling', 'excel', 'valuation']","['python', 'statistics', 'financial modeling', 'excel', 'valuation']"
"education: bachelor's in communications experience: 4 years skills: crm, mentoring, account management, product knowledge, relationship building, sales, negotiation, kanban",account executive,bachelor's in communications,economy,bachelor's in business,"['negotiation', 'strategic thinking', 'business acumen']","['business acumen', 'strategic thinking']",['crm'],['crm']
"education: bachelor's in marketing experience: 5 years skills: angular, cloudformation, seo, mysql, social media, analytics, content strategy, sem",digital marketing manager,bachelor's in marketing,economy,bachelor's in marketing,"['negotiation', 'business acumen']","['business acumen', 'communication']",['seo'],['seo']
"education: bachelor's in business experience: 2 years skills: brand strategy, seo, analytics, leadership, communication, budget management, power bi, campaign management",marketing manager,bachelor's in business,economy,bachelor's in marketing,"['strategic thinking', 'negotiation']","['strategic thinking', 'planning', 'negotiation']","['seo', 'brand strategy', 'campaign management']","['campaign management', 'brand strategy']"
"education: bachelor's in marketing experience: 1 years skills: content optimization, technical seo, react native, javascript, data analysis, analytics, compliance, seo",seo specialist,bachelor's in marketing,economy,bachelor's in marketing,['data analysis'],"['negotiation', 'data analysis']",['seo'],['seo']
"education: bachelor's in civil engineering experience: 2 years skills: materials, calculations, building codes, communication, time management, cad, structural analysis, design",structural engineer,bachelor's in civil engineering,engineering,bachelor's in civil engineering,['structural analysis'],['structural analysis'],"['cad', 'building codes']","['cad', 'building codes']"
"education: bachelor's in electrical engineering experience: 5 years skills: encryption, power systems, cad, technical knowledge, troubleshooting, business acumen, electrical systems, circuit design",electrical engineer,bachelor's in electrical engineering,engineering,bachelor's in electrical engineering,['business acumen'],"['business acumen', 'teamwork']","['circuit design', 'cad', 'electrical systems']","['circuit design', 'cad', 'electrical systems']"
"education: bachelor's in biomedical engineering experience: 3 years skills: technical writing, django, financial analysis, medical devices, cad, problem solving, web accessibility, biomedical systems",biomedical engineer,bachelor's in biomedical engineering,engineering,bachelor's in biomedical engineering,['financial analysis'],"['problem solving', 'financial analysis', 'time management']",['cad'],['cad']
"education: bachelor's in civil engineering experience: 4 years skills: compliance, sql, building codes, autocad, structural analysis, cad, technical design, node.js",civil engineer,bachelor's in civil engineering,engineering,bachelor's in civil engineering,['structural analysis'],['structural analysis'],"['autocad', 'cad', 'building codes']","['autocad', 'building codes', 'cad']"
"education: master's in finance experience: 2 years skills: financial modeling, kotlin, research, excel, m&a, firewalls, communication, valuation",investment banking analyst,master's in finance,economy,bachelor's in finance,"['decision making', 'business acumen', 'communication']","['decision making', 'communication']","['financial modeling', 'excel', 'valuation']","['financial modeling', 'excel', 'valuation']"
"education: bachelor's in marketing experience: 2 years skills: backlink strategy, market research, analytics, content optimization, graphic design, seo, figma, keyword research",seo specialist,bachelor's in marketing,economy,bachelor's in marketing,"['negotiation', 'strategic thinking']","['business acumen', 'negotiation']",['seo'],['seo']
"education: bachelor's in marketing experience: 1 years skills: email campaign management, a/b testing, copywriting, segmentation, numpy, kanban, jenkins, automation platforms",email marketing specialist,bachelor's in marketing,economy,bachelor's in marketing,"['communication', 'strategic thinking']","['decision making', 'communication']",['copywriting'],['copywriting']
"education: bachelor's in electronics engineering experience: 5 years skills: market research, financial analysis, postgresql, redis, c/c++, real-time systems, microcontrollers, embedded linux",embedded systems engineer,bachelor's in electronics engineering,engineering,bachelor's in electronics engineering,['financial analysis'],"['financial analysis', 'attention to detail']",['microcontrollers'],['microcontrollers']
"education: cpa experience: 8 years skills: leadership, ansible, figma, tensorflow, html, compliance, communication, perl",audit manager,accounting,economy,bachelor's in accounting,"['strategic thinking', 'planning', 'communication']","['negotiation', 'communication']",['audit procedures'],['audit procedures']
"education: bachelor's in business experience: 0 years skills: negotiation, product knowledge, client relationships, wireframing, swift, selling, network security, crm",sales executive,bachelor's in business,economy,bachelor's in business,"['negotiation', 'decision making']","['decision making', 'communication']",['crm'],['crm']
"education: bachelor's in chemical engineering experience: 2 years skills: adobe creative suite, data analysis, chemical processes, thermochemistry, process design, laboratory skills, encryption, budget management",chemical engineer,bachelor's in chemical engineering,engineering,bachelor's in chemical engineering,['data analysis'],['data analysis'],['process design'],['process design']
"education: bachelor's in aerospace engineering experience: 1 years skills: r, design, swift, physics, cad, matlab, aerodynamics, web design",aerospace engineer,bachelor's in aerospace engineering,engineering,bachelor's in aerospace engineering,['structural analysis'],['structural analysis'],"['cad', 'aerodynamics', 'matlab']","['cad', 'aerodynamics', 'matlab']"
"education: bachelor's in accounting experience: 1 years skills: software, irs knowledge, documentation, tax law, accounting, tax planning, r, compliance",tax specialist,bachelor's in accounting,economy,bachelor's in accounting,['tax planning'],['tax planning'],['accounting'],['accounting']
"education: ux certification experience: 1 years skills: usability testing, mongodb, user research, design thinking, communication, sql, kubernetes, budget management",ux designer,ux certification,creative_design,bachelor's in design,"['communication', 'attention to detail']","['creativity', 'communication', 'adaptability', 'attention to detail']","['prototyping', 'wireframing']","['prototyping', 'wireframing']"
"education: bachelor's in automotive engineering experience: 5 years skills: materials, problem solving, testing, vehicle systems, c++, cad, financial analysis, pytorch",automotive engineer,bachelor's in automotive engineering,engineering,bachelor's in automotive engineering,['financial analysis'],"['problem solving', 'financial analysis']","['cad', 'thermal systems', 'vehicle systems']","['cad', 'vehicle systems', 'thermal systems']"
"education: bachelor's in accounting experience: 5 years skills: react native, communication, swift, compliance, market research, audit procedures, risk assessment, leadership",audit manager,bachelor's in accounting,economy,bachelor's in accounting,"['business acumen', 'planning']","['business acumen', 'communication']",['audit procedures'],['audit procedures']
"education: bachelor's in aerospace engineering experience: 1 years skills: financial analysis, design, cad, structural analysis, aerodynamics, matlab, physics, rest api",aerospace engineer,bachelor's in aerospace engineering,engineering,bachelor's in aerospace engineering,"['structural analysis', 'financial analysis']",['structural analysis'],"['cad', 'aerodynamics', 'matlab']","['cad', 'aerodynamics', 'matlab']"
"education: bachelor's in communications experience: 3 years skills: ios, social media strategy, platform knowledge, critical thinking, compliance, copywriting, community management, adaptability",social media manager,bachelor's in communications,economy,bachelor's in marketing,"['communication', 'business acumen', 'decision making']","['business acumen', 'strategic thinking', 'decision making', 'communication']","['seo', 'copywriting']",['copywriting']
"education: bachelor's in biomedical engineering experience: 4 years skills: cad, biomedical systems, problem solving, regulatory knowledge, market research, c++, technical design, medical devices",biomedical engineer,bachelor's in biomedical engineering,engineering,bachelor's in biomedical engineering,"['problem solving', 'attention to detail']","['problem solving', 'critical thinking']",['cad'],['cad']
"education: bachelor's in marketing experience: 1 years skills: mongodb, go, project management, azure, writing, research, agile, seo",content marketing manager,bachelor's in marketing,economy,bachelor's in marketing,"['business acumen', 'planning']","['business acumen', 'strategic thinking', 'planning']",['seo'],['seo']
"education: seo certification experience: 1 years skills: content optimization, figma, backlink strategy, rest api, technical seo, compliance, analytics, decision making",seo specialist,seo certification,economy,bachelor's in marketing,"['business acumen', 'strategic thinking', 'planning']","['strategic thinking', 'planning', 'negotiation', 'communication']",['seo'],['seo']
"education: web design certification experience: 4 years skills: responsive design, creativity, oracle, user experience, security protocols, html/css, design tools, mysql",web designer,web design certification,creative_design,bachelor's in design,"['storytelling', 'adaptability']","['adaptability', 'storytelling', 'collaboration']","['responsive design', 'web design']","['responsive design', 'web design']"
"education: associate in law experience: 1 years skills: communication, decision making, legal research, document preparation, attention to detail, app testing, legal knowledge, organization",paralegal,associate in law,law_and_public_services,bachelor's in paralegal studies,"['public speaking', 'critical thinking']","['ethics', 'public speaking', 'analytical skills']","['document preparation', 'legal research']","['document preparation', 'legal research']"
"education: digital marketing certification experience: 2 years skills: email marketing, react native, risk assessment, seo, network security, sem, analytics, content strategy",digital marketing manager,digital marketing certification,economy,bachelor's in marketing,"['business acumen', 'decision making']","['business acumen', 'planning', 'decision making']",['seo'],['seo']
"education: bachelor's in marketing experience: 1 years skills: content optimization, scala, numpy, ruby, angular, keyword research, backlink strategy, seo",seo specialist,bachelor's in marketing,economy,bachelor's in marketing,"['planning', 'negotiation', 'business acumen']","['planning', 'decision making', 'negotiation']",['seo'],['seo']
"education: bachelor's in mechanical engineering experience: 2 years skills: confluence, materials, security protocols, problem solving, testing, thermal systems, mysql, vehicle systems",automotive engineer,bachelor's in mechanical engineering,engineering,bachelor's in automotive engineering,"['critical thinking', 'teamwork', 'attention to detail']","['problem solving', 'time management', 'teamwork', 'critical thinking']","['vehicle systems', 'cad', 'thermal systems']","['cad', 'vehicle systems', 'thermal systems']"
"education: bachelor's in marketing experience: 0 years skills: copywriting, ci/cd, segmentation, analytics, documentation, automation platforms, email campaign management, critical thinking",email marketing specialist,bachelor's in marketing,economy,bachelor's in marketing,"['strategic thinking', 'planning', 'negotiation']","['business acumen', 'strategic thinking', 'planning', 'negotiation']",['copywriting'],['copywriting']
"education: bachelor's in business experience: 6 years skills: leadership, communication, redis, campaign management, budget management, brand strategy, problem solving, analytics",marketing manager,bachelor's in business,economy,bachelor's in marketing,"['strategic thinking', 'communication', 'decision making']","['strategic thinking', 'planning', 'negotiation']","['brand strategy', 'campaign management']","['campaign management', 'brand strategy']"
"education: bachelor's in electronics engineering experience: 1 years skills: microservices, compliance, circuit design, wireframing, pcb design, microcontrollers, embedded systems, cad",electronics engineer,bachelor's in electronics engineering,engineering,bachelor's in electronics engineering,"['critical thinking', 'attention to detail', 'precision']","['precision', 'attention to detail']","['circuit design', 'pcb design', 'cad', 'embedded systems', 'microcontrollers']","['circuit design', 'pcb design', 'cad', 'embedded systems', 'microcontrollers']"
"education: seo certification experience: 2 years skills: seo, backlink strategy, technical writing, technical seo, security architecture, keyword research, swift, ci/cd",seo specialist,seo certification,economy,bachelor's in marketing,"['business acumen', 'strategic thinking', 'negotiation']","['strategic thinking', 'communication']",['seo'],['seo']
"education: bachelor's in biomedical engineering experience: 1 years skills: cad, problem solving, sales, medical devices, regulatory knowledge, biomedical systems, aws, compliance",biomedical engineer,bachelor's in biomedical engineering,engineering,bachelor's in biomedical engineering,"['teamwork', 'precision']","['precision', 'teamwork', 'time management', 'attention to detail']",['cad'],['cad']
"education: bachelor's in graphic design experience: 3 years skills: branding, adobe creative suite, attention to detail, design software, creativity, visual communication, nosql, time management",graphic designer,bachelor's in graphic design,creative_design,bachelor's in graphic design,"['adaptability', 'storytelling']","['storytelling', 'communication']",['adobe creative suite'],['adobe creative suite']
"education: cpa or equivalent experience: 2 years skills: excel, accounting principles, angular, communication, gaap, tax knowledge, r, quickbooks",accountant,accounting or equivalent,economy,bachelor's in accounting,['financial analysis'],['financial analysis'],['excel'],['excel']
"education: bachelor's in design experience: 3 years skills: prototyping tools, creativity, seo, mobile security, responsive design, kubernetes, figma, visual design",ui designer,bachelor's in design,creative_design,bachelor's in design,"['creativity', 'collaboration', 'communication']","['creativity', 'collaboration', 'attention to detail']","['responsive design', 'figma']",['figma']
"education: associate in law experience: 3 years skills: legal knowledge, legal research, shell scripting, attention to detail, decision making, document preparation, security architecture, communication",paralegal,associate in law,law_and_public_services,bachelor's in paralegal studies,"['responsibility', 'judgment']","['judgment', 'analytical skills', 'responsibility']","['document preparation', 'legal research']","['document preparation', 'legal research']"
"education: bachelor's in accounting experience: 2 years skills: time management, encryption, accounting, tax law, business acumen, software, irs knowledge, figma",tax specialist,bachelor's in accounting,economy,bachelor's in accounting,"['tax planning', 'business acumen']",['tax planning'],['accounting'],['accounting']
"education: bachelor's in marketing experience: 1 years skills: graphic design, email marketing, content strategy, social media, analytics, sem, wireframing, adaptability",digital marketing manager,bachelor's in marketing,economy,bachelor's in marketing,"['strategic thinking', 'business acumen']","['business acumen', 'decision making', 'negotiation']",['seo'],['seo']
"education: bachelor's in chemical engineering experience: 3 years skills: process design, chemical processes, android, risk assessment, financial analysis, prototyping, laboratory skills, data analysis",chemical engineer,bachelor's in chemical engineering,engineering,bachelor's in chemical engineering,"['financial analysis', 'data analysis']",['data analysis'],['process design'],['process design']
"education: bachelor's in accounting experience: 3 years skills: scrum, react native, software, accounting, css, tax planning, problem solving, tax law",tax specialist,bachelor's in accounting,economy,bachelor's in accounting,['tax planning'],['tax planning'],['accounting'],['accounting']
"education: bachelor's in civil engineering experience: 2 years skills: structural analysis, nosql, project management, r, network security, ruby, technical design, autocad",civil engineer,bachelor's in civil engineering,engineering,bachelor's in civil engineering,['structural analysis'],['structural analysis'],"['autocad', 'cad', 'building codes']","['autocad', 'building codes', 'cad']"
"education: bachelor's in manufacturing engineering experience: 1 years skills: encryption, user experience, quality control, problem solving, process design, numpy, production planning, decision making",manufacturing engineer,bachelor's in manufacturing engineering,engineering,bachelor's in manufacturing engineering,['production planning'],['production planning'],"['process design', 'cad']","['cad', 'process design']"
"education: bachelor's in accounting experience: 4 years skills: software, tax law, compliance, accounting, irs knowledge, ansible, database design, tax planning",tax specialist,bachelor's in accounting,economy,bachelor's in accounting,['tax planning'],['tax planning'],['accounting'],['accounting']
"education: bachelor's in marketing experience: 4 years skills: market research, positioning, wireframing, messaging, product strategy, analytics, business development, campaign management",product marketing manager,bachelor's in marketing,economy,bachelor's in marketing,"['business acumen', 'negotiation', 'communication']","['business acumen', 'communication']",['campaign management'],['campaign management']
"education: bachelor's in business experience: 4 years skills: jupyter, sales, graphic design, relationship building, account management, project management, product knowledge, crm",account executive,bachelor's in business,economy,bachelor's in business,"['planning', 'communication']","['business acumen', 'planning', 'communication']",['crm'],['crm']
"education: bachelor's in accounting experience: 8 years skills: internal controls, risk assessment, compliance, jira, data analysis, cassandra, audit procedures, leadership",audit manager,bachelor's in accounting,economy,bachelor's in accounting,['data analysis'],"['communication', 'data analysis']",['audit procedures'],['audit procedures']
"education: bachelor's in mechanical engineering experience: 1 years skills: negotiation, physics, problem solving, thermodynamics, cad, technical documentation, redis, seo",mechanical engineer,bachelor's in mechanical engineering,engineering,bachelor's in mechanical engineering,"['teamwork', 'time management']","['problem solving', 'teamwork', 'time management']",['cad'],['cad']
"education: bachelor's in accounting experience: 2 years skills: prototyping, forecasting, budget planning, excel, communication, risk assessment, attention to detail, financial analysis",budget analyst,bachelor's in accounting,economy,bachelor's in finance,"['budget planning', 'financial analysis']","['budget planning', 'financial analysis']",['excel'],['excel']
"education: bachelor's in electrical engineering experience: 4 years skills: regulatory knowledge, android, business development, safety, pandas, management, electrical systems, leadership",electrical utilities manager,bachelor's in electrical engineering,engineering,bachelor's in electrical engineering,"['precision', 'teamwork']","['precision', 'problem solving', 'attention to detail']",['electrical systems'],['electrical systems']
"education: bachelor's in business experience: 1 years skills: negotiation, account management, c++, product knowledge, agile, relationship building, sales, crm",account executive,bachelor's in business,economy,bachelor's in business,"['communication', 'planning']","['business acumen', 'planning', 'decision making', 'communication']",['crm'],['crm']
"education: bachelor's in computer engineering experience: 1 years skills: low-level programming, embedded linux, hardware, ios, real-time systems, wireframing, c/c++, microcontrollers",embedded systems engineer,bachelor's in computer engineering,engineering,bachelor's in electronics engineering,"['attention to detail', 'time management']","['time management', 'attention to detail']",['microcontrollers'],['microcontrollers']
"education: bachelor's in marketing experience: 6 years skills: jupyter, communication, mentoring, campaign management, analytics, adobe creative suite, budget management, deep learning",marketing manager,bachelor's in marketing,economy,bachelor's in marketing,"['strategic thinking', 'communication', 'decision making']","['strategic thinking', 'planning', 'decision making']","['brand strategy', 'campaign management']","['campaign management', 'brand strategy']"
"education: bachelor's in computer engineering experience: 1 years skills: communication, c/c++, sales, embedded linux, real-time systems, hardware, low-level programming, microcontrollers",embedded systems engineer,bachelor's in computer engineering,engineering,bachelor's in electronics engineering,"['teamwork', 'critical thinking']","['time management', 'critical thinking']",['microcontrollers'],['microcontrollers']
"education: bachelor's in biomedical engineering experience: 5 years skills: shell scripting, biomedical systems, problem solving, regulatory knowledge, pytorch, technical design, cad, medical devices",biomedical engineer,bachelor's in biomedical engineering,engineering,bachelor's in biomedical engineering,"['attention to detail', 'problem solving']","['problem solving', 'time management', 'attention to detail']",['cad'],['cad']
"education: bachelor's in marketing experience: 3 years skills: cassandra, sem, email marketing, analytics, social media, seo, content strategy, angular",digital marketing manager,bachelor's in marketing,economy,bachelor's in marketing,"['decision making', 'business acumen']","['business acumen', 'strategic thinking', 'decision making', 'negotiation']",['seo'],['seo']
"education: cpa experience: 7 years skills: postgresql, internal controls, compliance, penetration testing, risk assessment, audit procedures, encryption, communication",audit manager,accounting,economy,bachelor's in accounting,"['business acumen', 'decision making', 'communication']","['decision making', 'negotiation', 'communication']",['audit procedures'],['audit procedures']
"education: bachelor's in civil engineering experience: 4 years skills: kotlin, structural analysis, php, creativity, autocad, aws, technical design, redis",civil engineer,bachelor's in civil engineering,engineering,bachelor's in civil engineering,['structural analysis'],['structural analysis'],"['autocad', 'cad', 'building codes']","['autocad', 'building codes', 'cad']"
"education: bachelor's in marketing experience: 2 years skills: backlink strategy, serverless, seo, keyword research, react, nosql, content optimization, sql",seo specialist,bachelor's in marketing,economy,bachelor's in marketing,"['planning', 'decision making']","['business acumen', 'planning', 'decision making']",['seo'],['seo']
"education: bachelor's in electronics engineering experience: 2 years skills: pcb design, microcontrollers, embedded systems, hardware design, cad, business acumen, circuit design, ansible",electronics engineer,bachelor's in electronics engineering,engineering,bachelor's in electronics engineering,['business acumen'],"['precision', 'business acumen']","['pcb design', 'circuit design', 'cad', 'embedded systems', 'microcontrollers']","['circuit design', 'pcb design', 'cad', 'embedded systems', 'microcontrollers']"
"education: cpa or equivalent experience: 1 years skills: quickbooks, accounting principles, excel, gaap, tax knowledge, teamwork, financial analysis, oracle",accountant,accounting or equivalent,economy,bachelor's in accounting,['financial analysis'],['financial analysis'],['excel'],['excel']
"education: cpa experience: 4 years skills: audit procedures, compliance, communication, leadership, internal controls, pandas, r, risk assessment",audit manager,accounting,economy,bachelor's in accounting,"['planning', 'business acumen', 'decision making']","['business acumen', 'communication']",['audit procedures'],['audit procedures']
"education: bachelor's in marketing experience: 2 years skills: analytics, mobile ui/ux, seo, keyword research, creativity, typescript, backlink strategy, technical seo",seo specialist,bachelor's in marketing,economy,bachelor's in marketing,"['business acumen', 'planning', 'negotiation']","['strategic thinking', 'planning', 'negotiation']",['seo'],['seo']
"education: bachelor's in manufacturing engineering experience: 2 years skills: cad, marketing, quality control, equipment knowledge, web design, production planning, process design, c#",manufacturing engineer,bachelor's in manufacturing engineering,engineering,bachelor's in manufacturing engineering,['production planning'],['production planning'],"['process design', 'cad']","['cad', 'process design']"
"education: seo certification experience: 4 years skills: azure, technical seo, analytics, backlink strategy, c#, documentation, seo, r",seo specialist,seo certification,economy,bachelor's in marketing,"['planning', 'communication', 'strategic thinking']","['strategic thinking', 'planning', 'negotiation', 'communication']",['seo'],['seo']
"education: bachelor's in finance experience: 1 years skills: python, web design, risk analysis, budget management, valuation, statistics, excel, financial modeling",financial analyst,bachelor's in finance,economy,bachelor's in finance,['risk analysis'],['risk analysis'],"['python', 'statistics', 'financial modeling', 'excel', 'valuation']","['python', 'statistics', 'financial modeling', 'excel', 'valuation']"
"education: bachelor's in design experience: 1 years skills: design thinking, business development, wireframing, perl, usability testing, cassandra, graphql, communication",ux designer,bachelor's in design,creative_design,bachelor's in design,"['creativity', 'collaboration']","['creativity', 'storytelling', 'collaboration', 'attention to detail']","['prototyping', 'wireframing']","['prototyping', 'wireframing']"
"education: bachelor's in civil engineering experience: 3 years skills: building codes, materials, design, tensorflow, scrum, ci/cd, html, javascript",structural engineer,bachelor's in civil engineering,engineering,bachelor's in civil engineering,['structural analysis'],['structural analysis'],"['cad', 'building codes']","['cad', 'building codes']"
"education: master's in finance experience: 1 years skills: valuation, postgresql, excel, communication, m&a, research, user experience, financial modeling",investment banking analyst,master's in finance,economy,bachelor's in finance,"['negotiation', 'business acumen']","['business acumen', 'planning', 'decision making', 'negotiation']","['financial modeling', 'excel', 'valuation']","['financial modeling', 'excel', 'valuation']"
"education: bachelor's in accounting experience: 4 years skills: compliance, database design, internal controls, risk assessment, communication, node.js, android, leadership",audit manager,bachelor's in accounting,economy,bachelor's in accounting,"['decision making', 'communication']","['decision making', 'communication']",['audit procedures'],['audit procedures']
"education: bachelor's in business experience: 4 years skills: product knowledge, client relationships, crm, negotiation, ci/cd, presentation skills, selling, communication",sales executive,bachelor's in business,economy,bachelor's in business,"['communication', 'business acumen']","['business acumen', 'strategic thinking', 'negotiation', 'communication']",['crm'],['crm']
"education: bachelor's in finance experience: 4 years skills: terraform, communication, project management, excel, pandas, graphic design, forecasting, financial analysis",budget analyst,bachelor's in finance,economy,bachelor's in finance,"['budget planning', 'financial analysis']","['budget planning', 'financial analysis']",['excel'],['excel']
"education: web design certification experience: 3 years skills: user experience, responsive design, creativity, html/css, design tools, business acumen, android, machine learning",web designer,web design certification,creative_design,bachelor's in design,['business acumen'],"['business acumen', 'communication']","['responsive design', 'web design']","['responsive design', 'web design']"
"education: bachelor's in accounting experience: 2 years skills: irs knowledge, software, compliance, marketing, tax planning, ios, accounting, tax law",tax specialist,bachelor's in accounting,economy,bachelor's in accounting,['tax planning'],['tax planning'],['accounting'],['accounting']
"education: bachelor's in mechanical engineering experience: 4 years skills: perl, market research, quality control, prototyping, production planning, problem solving, mobile security, process design",manufacturing engineer,bachelor's in mechanical engineering,engineering,bachelor's in manufacturing engineering,['production planning'],['production planning'],"['process design', 'cad']","['cad', 'process design']"
"education: engineering license experience: 4 years skills: management, css, scala, strategic planning, electrical systems, problem solving, regulatory knowledge, c#",electrical utilities manager,engineering license,engineering,bachelor's in electrical engineering,"['critical thinking', 'time management', 'problem solving']","['time management', 'critical thinking']",['electrical systems'],['electrical systems']
"education: bachelor's in business experience: 2 years skills: project management, sales, go, account management, crm, tensorflow, product knowledge, negotiation",account executive,bachelor's in business,economy,bachelor's in business,"['negotiation', 'business acumen', 'strategic thinking']","['business acumen', 'strategic thinking', 'negotiation']",['crm'],['crm']
"education: bachelor's in aerospace engineering experience: 5 years skills: sql, oracle, structural analysis, cad, java, aerodynamics, physics, design",aerospace engineer,bachelor's in aerospace engineering,engineering,bachelor's in aerospace engineering,['structural analysis'],['structural analysis'],"['cad', 'aerodynamics', 'matlab']","['cad', 'aerodynamics', 'matlab']"
"education: bachelor's in chemical engineering experience: 5 years skills: thermochemistry, chemical processes, data analysis, scrum, laboratory skills, safety, jenkins, tensorflow",chemical engineer,bachelor's in chemical engineering,engineering,bachelor's in chemical engineering,['data analysis'],['data analysis'],['process design'],['process design']
"education: bachelor's in communications experience: 1 years skills: content strategy, project management, analytics, writing, python, vue.js, research, seo",content marketing manager,bachelor's in communications,economy,bachelor's in marketing,"['business acumen', 'communication']","['business acumen', 'decision making', 'communication']","['python', 'seo']",['seo']
"education: bachelor's in electrical engineering experience: 3 years skills: technical knowledge, adobe creative suite, power systems, postgresql, electrical systems, troubleshooting, circuit design, vue.js",electrical engineer,bachelor's in electrical engineering,engineering,bachelor's in electrical engineering,"['teamwork', 'critical thinking']","['problem solving', 'critical thinking', 'attention to detail']","['circuit design', 'cad', 'electrical systems']","['circuit design', 'cad', 'electrical systems']"
"education: bachelor's in economics experience: 3 years skills: risk analysis, python, oracle, statistics, valuation, excel, financial modeling, jupyter",financial analyst,bachelor's in economics,economy,bachelor's in finance,['risk analysis'],['risk analysis'],"['python', 'statistics', 'financial modeling', 'excel', 'valuation']","['python', 'statistics', 'financial modeling', 'excel', 'valuation']"
"education: bachelor's in chemical engineering experience: 4 years skills: django, safety, thermochemistry, process design, laboratory skills, chemical processes, vue.js, flask",chemical engineer,bachelor's in chemical engineering,engineering,bachelor's in chemical engineering,['data analysis'],['data analysis'],['process design'],['process design']
"education: ux certification experience: 2 years skills: tensorflow, user research, communication, network security, kanban, design thinking, android, prototyping",ux designer,ux certification,creative_design,bachelor's in design,"['collaboration', 'communication', 'creativity']","['creativity', 'storytelling', 'collaboration']","['prototyping', 'wireframing']","['prototyping', 'wireframing']"
"education: cpa experience: 7 years skills: leadership, internal controls, tensorflow, compliance, decision making, audit procedures, communication, risk assessment",audit manager,accounting,economy,bachelor's in accounting,"['business acumen', 'planning']","['business acumen', 'planning', 'decision making']",['audit procedures'],['audit procedures']
"education: bachelor's in finance experience: 2 years skills: scikit-learn, excel, python, go, django, valuation, statistics, risk analysis",financial analyst,bachelor's in finance,economy,bachelor's in finance,['risk analysis'],['risk analysis'],"['python', 'statistics', 'financial modeling', 'excel', 'valuation']","['python', 'statistics', 'financial modeling', 'excel', 'valuation']"
"education: bachelor's in communications experience: 1 years skills: pytorch, project management, analytics, power bi, research, content strategy, writing, seo",content marketing manager,bachelor's in communications,economy,bachelor's in marketing,"['planning', 'negotiation', 'business acumen']","['strategic thinking', 'planning', 'negotiation']",['seo'],['seo']
"education: bachelor's in aerospace engineering experience: 1 years skills: physics, negotiation, design, structural analysis, aerodynamics, adobe creative suite, cad, matlab",aerospace engineer,bachelor's in aerospace engineering,engineering,bachelor's in aerospace engineering,['structural analysis'],['structural analysis'],"['cad', 'aerodynamics', 'matlab']","['cad', 'aerodynamics', 'matlab']"
"education: bachelor's in finance experience: 0 years skills: risk analysis, statistics, excel, python, scala, responsive design, p&l management, valuation",financial analyst,bachelor's in finance,economy,bachelor's in finance,['risk analysis'],['risk analysis'],"['python', 'statistics', 'financial modeling', 'seo', 'excel', 'valuation']","['python', 'statistics', 'financial modeling', 'excel', 'valuation']"
"education: seo certification experience: 1 years skills: firewalls, content optimization, r, analytics, security protocols, seo, backlink strategy, technical seo",seo specialist,seo certification,economy,bachelor's in marketing,"['planning', 'negotiation']","['business acumen', 'planning', 'decision making', 'negotiation']",['seo'],['seo']
"education: bachelor's in business experience: 2 years skills: business development, product strategy, encryption, campaign management, market research, python, analytics, positioning",product marketing manager,bachelor's in business,economy,bachelor's in marketing,"['business acumen', 'strategic thinking', 'communication']","['business acumen', 'strategic thinking', 'planning', 'communication']","['python', 'campaign management']",['campaign management']
"education: bachelor's in electrical engineering experience: 5 years skills: troubleshooting, cad, power systems, technical knowledge, react, postgresql, electrical systems, circuit design",electrical engineer,bachelor's in electrical engineering,engineering,bachelor's in electrical engineering,"['attention to detail', 'problem solving', 'precision']","['precision', 'problem solving', 'time management', 'attention to detail']","['circuit design', 'cad', 'electrical systems']","['circuit design', 'cad', 'electrical systems']"
"education: ux certification experience: 2 years skills: go, wireframing, communication, design thinking, user research, usability testing, prototyping, data analysis",ux designer,ux certification,creative_design,bachelor's in design,['data analysis'],"['communication', 'storytelling', 'data analysis']","['prototyping', 'wireframing']","['prototyping', 'wireframing']"
"education: bachelor's in computer engineering experience: 4 years skills: jenkins, c/c++, hardware, real-time systems, compliance, microcontrollers, low-level programming, embedded linux",embedded systems engineer,bachelor's in computer engineering,engineering,bachelor's in electronics engineering,"['time management', 'problem solving', 'attention to detail']","['teamwork', 'critical thinking', 'attention to detail']",['microcontrollers'],['microcontrollers']
"education: bachelor's in civil engineering experience: 3 years skills: building codes, autocad, project management, seo, user interface, javascript, p&l management, technical design",civil engineer,bachelor's in civil engineering,engineering,bachelor's in civil engineering,['structural analysis'],['structural analysis'],"['autocad', 'cad', 'building codes']","['autocad', 'building codes', 'cad']"
"education: bachelor's in marketing experience: 4 years skills: campaign management, azure, analytics, positioning, market research, product strategy, web design, seo",product marketing manager,bachelor's in marketing,economy,bachelor's in marketing,"['planning', 'business acumen', 'negotiation']","['communication', 'planning', 'decision making', 'negotiation']","['seo', 'campaign management']",['campaign management']
"education: bachelor's in business experience: 3 years skills: negotiation, data analysis, microservices, product knowledge, account management, crm, relationship building, flutter",account executive,bachelor's in business,economy,bachelor's in business,['data analysis'],"['negotiation', 'data analysis']",['crm'],['crm']
"education: bachelor's in civil engineering experience: 3 years skills: android, query optimization, design, structural analysis, materials, cad, building codes, calculations",structural engineer,bachelor's in civil engineering,engineering,bachelor's in civil engineering,['structural analysis'],['structural analysis'],"['cad', 'building codes']","['cad', 'building codes']"
"education: bachelor's in manufacturing engineering experience: 2 years skills: quality control, problem solving, confluence, cad, leadership, responsive design, production planning, equipment knowledge",manufacturing engineer,bachelor's in manufacturing engineering,engineering,bachelor's in manufacturing engineering,['production planning'],['production planning'],"['process design', 'cad']","['cad', 'process design']"
"education: bachelor's in business experience: 3 years skills: user interface, seo, angular, product knowledge, selling, adobe creative suite, jenkins, crm",sales executive,bachelor's in business,economy,bachelor's in business,"['negotiation', 'decision making']","['planning', 'decision making']","['crm', 'seo']",['crm']
"education: bachelor's in 3d art experience: 3 years skills: 3d modeling, rendering, software skills, security protocols, technical writing, problem solving, texturing, creativity",3d artist,bachelor's in 3d art,creative_design,bachelor's in 3d art,"['storytelling', 'collaboration']","['creativity', 'storytelling']","['rendering', 'texturing', '3d modeling']","['3d modeling', 'rendering', 'texturing']"
"education: bachelor's in communications experience: 4 years skills: analytics, writing, content strategy, machine learning, project management, research, creativity, seo",content marketing manager,bachelor's in communications,economy,bachelor's in marketing,"['business acumen', 'planning', 'decision making']","['decision making', 'negotiation']",['seo'],['seo']
"education: bachelor's in civil engineering experience: 6 years skills: calculations, materials, structural analysis, perl, design, mentoring, cad, creativity",structural engineer,bachelor's in civil engineering,engineering,bachelor's in civil engineering,['structural analysis'],['structural analysis'],"['cad', 'building codes']","['cad', 'building codes']"
"education: bachelor's in accounting experience: 1 years skills: financial analysis, excel, tax knowledge, accounting principles, flutter, gaap, machine learning, c++",accountant,bachelor's in accounting,economy,bachelor's in accounting,['financial analysis'],['financial analysis'],['excel'],['excel']
"education: bachelor's in accounting experience: 4 years skills: quickbooks, cassandra, excel, tax knowledge, user experience, financial analysis, machine learning, accounting principles",accountant,bachelor's in accounting,economy,bachelor's in accounting,['financial analysis'],['financial analysis'],['excel'],['excel']
"education: bachelor's in electronics engineering experience: 1 years skills: pcb design, cad, app testing, jupyter, sql, aws, hardware design, embedded systems",electronics engineer,bachelor's in electronics engineering,engineering,bachelor's in electronics engineering,"['critical thinking', 'teamwork']","['precision', 'teamwork', 'critical thinking', 'attention to detail']","['pcb design', 'circuit design', 'cad', 'embedded systems', 'microcontrollers']","['circuit design', 'pcb design', 'cad', 'embedded systems', 'microcontrollers']"
"education: bachelor's in mechanical engineering experience: 3 years skills: process design, market research, problem solving, production planning, mobile ui/ux, cad, quality control, equipment knowledge",manufacturing engineer,bachelor's in mechanical engineering,engineering,bachelor's in manufacturing engineering,['production planning'],['production planning'],"['process design', 'cad']","['cad', 'process design']"
"education: bachelor's in marketing experience: 3 years skills: analytics, writing, responsive design, flutter, seo, content strategy, html, project management",content marketing manager,bachelor's in marketing,economy,bachelor's in marketing,"['planning', 'communication']","['business acumen', 'communication']",['seo'],['seo']
"education: bachelor's in accounting experience: 3 years skills: budget planning, time management, azure, attention to detail, communication, forecasting, decision making, financial analysis",budget analyst,bachelor's in accounting,economy,bachelor's in finance,"['budget planning', 'financial analysis']","['budget planning', 'financial analysis']",['excel'],['excel']
"education: bachelor's in marketing experience: 0 years skills: email campaign management, automation platforms, segmentation, copywriting, penetration testing, a/b testing, analytics, flask",email marketing specialist,bachelor's in marketing,economy,bachelor's in marketing,"['decision making', 'negotiation', 'planning']","['strategic thinking', 'planning', 'decision making']",['copywriting'],['copywriting']
"education: bachelor's in electronics engineering experience: 3 years skills: node.js, circuit design, terraform, hardware design, microcontrollers, prototyping, cad, pcb design",electronics engineer,bachelor's in electronics engineering,engineering,bachelor's in electronics engineering,"['attention to detail', 'critical thinking', 'problem solving']","['precision', 'time management', 'attention to detail']","['circuit design', 'pcb design', 'cad', 'embedded systems', 'microcontrollers']","['circuit design', 'pcb design', 'cad', 'embedded systems', 'microcontrollers']"
"education: bachelor's in mechanical engineering experience: 3 years skills: react, problem solving, cad, technical documentation, physics, mechanical design, java, thermodynamics",mechanical engineer,bachelor's in mechanical engineering,engineering,bachelor's in mechanical engineering,"['teamwork', 'problem solving']","['problem solving', 'teamwork', 'attention to detail']",['cad'],['cad']
"education: bachelor's in aerospace engineering experience: 3 years skills: business acumen, cad, structural analysis, aerodynamics, design, matlab, physics, web accessibility",aerospace engineer,bachelor's in aerospace engineering,engineering,bachelor's in aerospace engineering,"['business acumen', 'structural analysis']",['structural analysis'],"['cad', 'aerodynamics', 'matlab']","['cad', 'aerodynamics', 'matlab']"
"education: bachelor's in aerospace engineering experience: 3 years skills: cad, time management, aws, aerodynamics, structural analysis, matlab, design, physics",aerospace engineer,bachelor's in aerospace engineering,engineering,bachelor's in aerospace engineering,['structural analysis'],['structural analysis'],"['cad', 'aerodynamics', 'matlab']","['cad', 'aerodynamics', 'matlab']"
"education: bachelor's in civil engineering experience: 2 years skills: structural analysis, react native, building codes, calculations, materials, design, tensorflow, responsive design",structural engineer,bachelor's in civil engineering,engineering,bachelor's in civil engineering,['structural analysis'],['structural analysis'],"['cad', 'building codes']","['cad', 'building codes']"
"education: bachelor's in electronics engineering experience: 4 years skills: c/c++, microcontrollers, real-time systems, embedded linux, python, seo, hardware, low-level programming",embedded systems engineer,bachelor's in electronics engineering,engineering,bachelor's in electronics engineering,"['time management', 'problem solving']","['problem solving', 'time management', 'precision', 'attention to detail']",['microcontrollers'],['microcontrollers']
"education: bachelor's in marketing experience: 2 years skills: analytics, platform knowledge, nosql, copywriting, seo, shell scripting, user experience, social media strategy",social media manager,bachelor's in marketing,economy,bachelor's in marketing,"['negotiation', 'planning', 'business acumen']","['planning', 'decision making']","['seo', 'copywriting']",['copywriting']
"education: bachelor's in economics experience: 3 years skills: kanban, python, statistics, valuation, excel, risk analysis, query optimization, financial modeling",financial analyst,bachelor's in economics,economy,bachelor's in finance,"['business acumen', 'risk analysis']",['risk analysis'],"['python', 'statistics', 'financial modeling', 'excel', 'valuation']","['python', 'statistics', 'financial modeling', 'excel', 'valuation']"
"education: bachelor's in business experience: 2 years skills: client relationships, strategic planning, serverless, selling, negotiation, communication, crm, product knowledge",sales executive,bachelor's in business,economy,bachelor's in business,"['strategic thinking', 'negotiation']","['business acumen', 'negotiation']",['crm'],['crm']
"education: bachelor's in aerospace engineering experience: 1 years skills: physics, structural analysis, cad, confluence, risk assessment, matlab, design, financial analysis",aerospace engineer,bachelor's in aerospace engineering,engineering,bachelor's in aerospace engineering,"['structural analysis', 'financial analysis']",['structural analysis'],"['cad', 'aerodynamics', 'matlab']","['cad', 'aerodynamics', 'matlab']"
"education: design certification experience: 2 years skills: scrum, attention to detail, visual communication, design software, adobe creative suite, jupyter, creativity, branding",graphic designer,design certification,creative_design,bachelor's in graphic design,"['attention to detail', 'storytelling']","['creativity', 'attention to detail']",['adobe creative suite'],['adobe creative suite']
"education: bachelor's in accounting experience: 0 years skills: accounting principles, quickbooks, financial analysis, ci/cd, tax knowledge, gaap, graphic design, jupyter",accountant,bachelor's in accounting,economy,bachelor's in accounting,['financial analysis'],['financial analysis'],['excel'],['excel']
"education: engineering license experience: 2 years skills: safety, penetration testing, management, machine learning, mobile ui/ux, figma, regulatory knowledge, electrical systems",electrical utilities manager,engineering license,engineering,bachelor's in electrical engineering,"['time management', 'problem solving']","['problem solving', 'teamwork', 'time management', 'precision']",['electrical systems'],['electrical systems']
"education: bachelor's in communications experience: 1 years skills: content creation, copywriting, react native, analytics, social media strategy, platform knowledge, community management, network security",social media manager,bachelor's in communications,economy,bachelor's in marketing,"['business acumen', 'communication']","['business acumen', 'decision making', 'communication']",['copywriting'],['copywriting']
"education: bachelor's in communications experience: 1 years skills: relationship building, account management, serverless, negotiation, jupyter, sales, product knowledge, crm",account executive,bachelor's in communications,economy,bachelor's in business,"['communication', 'business acumen']","['business acumen', 'communication']",['crm'],['crm']
"education: bachelor's in accounting experience: 7 years skills: serverless, compliance, internal controls, negotiation, leadership, scala, audit procedures, communication",audit manager,bachelor's in accounting,economy,bachelor's in accounting,"['communication', 'business acumen', 'negotiation']","['business acumen', 'strategic thinking', 'communication']",['audit procedures'],['audit procedures']
"education: bachelor's in chemical engineering experience: 1 years skills: chemical processes, process design, mentoring, laboratory skills, machine learning, thermochemistry, data analysis, safety",chemical engineer,bachelor's in chemical engineering,engineering,bachelor's in chemical engineering,['data analysis'],['data analysis'],['process design'],['process design']
"education: bachelor's in electrical engineering experience: 2 years skills: circuit design, electrical systems, critical thinking, cad, troubleshooting, mysql, technical knowledge, react native",electrical engineer,bachelor's in electrical engineering,engineering,bachelor's in electrical engineering,"['time management', 'precision']","['precision', 'critical thinking', 'time management']","['circuit design', 'cad', 'electrical systems']","['circuit design', 'cad', 'electrical systems']"
"education: ux certification experience: 1 years skills: design thinking, wireframing, communication, prototyping, usability testing, statistics, web accessibility, user research",ux designer,ux certification,creative_design,bachelor's in design,"['adaptability', 'collaboration', 'storytelling']","['communication', 'adaptability', 'collaboration', 'attention to detail']","['prototyping', 'wireframing']","['prototyping', 'wireframing']"
"education: bachelor's in manufacturing engineering experience: 4 years skills: process design, django, production planning, cloudformation, problem solving, cad, quality control, project management",manufacturing engineer,bachelor's in manufacturing engineering,engineering,bachelor's in manufacturing engineering,['production planning'],['production planning'],"['process design', 'cad']","['cad', 'process design']"
"education: bachelor's in civil engineering experience: 2 years skills: cad, materials, design, docker, jupyter, structural analysis, node.js, go",structural engineer,bachelor's in civil engineering,engineering,bachelor's in civil engineering,['structural analysis'],['structural analysis'],"['cad', 'building codes']","['cad', 'building codes']"
"education: associate in law experience: 0 years skills: attention to detail, legal research, legal knowledge, organization, communication, django, market research, document preparation",paralegal,associate in law,law_and_public_services,bachelor's in paralegal studies,"['critical thinking', 'analytical skills']","['ethics', 'analytical skills', 'critical thinking']","['document preparation', 'legal research']","['document preparation', 'legal research']"
"education: bachelor's in automotive engineering experience: 3 years skills: thermal systems, testing, financial analysis, materials, critical thinking, vehicle systems, cad, problem solving",automotive engineer,bachelor's in automotive engineering,engineering,bachelor's in automotive engineering,['financial analysis'],"['financial analysis', 'attention to detail']","['cad', 'thermal systems', 'vehicle systems']","['cad', 'vehicle systems', 'thermal systems']"
"education: bachelor's in mechanical engineering experience: 4 years skills: process design, quality control, confluence, production planning, problem solving, cad, oracle, equipment knowledge",manufacturing engineer,bachelor's in mechanical engineering,engineering,bachelor's in manufacturing engineering,['production planning'],['production planning'],"['process design', 'cad']","['cad', 'process design']"
"education: bachelor's in marketing experience: 4 years skills: keyword research, confluence, typescript, scala, analytics, content optimization, seo, project management",seo specialist,bachelor's in marketing,economy,bachelor's in marketing,"['business acumen', 'negotiation', 'decision making']","['business acumen', 'decision making', 'negotiation']",['seo'],['seo']
"education: bachelor's in mechanical engineering experience: 2 years skills: mechanical design, cad, technical documentation, negotiation, problem solving, mysql, responsive design, network security",mechanical engineer,bachelor's in mechanical engineering,engineering,bachelor's in mechanical engineering,"['time management', 'problem solving']","['problem solving', 'time management', 'attention to detail']",['cad'],['cad']
"education: bachelor's in electronics engineering experience: 2 years skills: graphql, firewalls, pcb design, cad, postgresql, microcontrollers, embedded systems, hardware design",electronics engineer,bachelor's in electronics engineering,engineering,bachelor's in electronics engineering,"['teamwork', 'critical thinking']","['time management', 'critical thinking']","['pcb design', 'circuit design', 'cad', 'embedded systems', 'microcontrollers']","['circuit design', 'pcb design', 'cad', 'embedded systems', 'microcontrollers']"
"education: bachelor's in automotive engineering experience: 5 years skills: materials, problem solving, cad, vehicle systems, testing, thermal systems, technical writing, responsive design",automotive engineer,bachelor's in automotive engineering,engineering,bachelor's in automotive engineering,"['attention to detail', 'teamwork', 'problem solving']","['precision', 'teamwork', 'critical thinking', 'attention to detail']","['cad', 'vehicle systems', 'thermal systems']","['cad', 'vehicle systems', 'thermal systems']"
"education: bachelor's in electronics engineering experience: 1 years skills: security protocols, encryption, embedded systems, pcb design, microcontrollers, cad, hardware design, circuit design",electronics engineer,bachelor's in electronics engineering,engineering,bachelor's in electronics engineering,"['critical thinking', 'teamwork']","['teamwork', 'critical thinking', 'attention to detail']","['pcb design', 'circuit design', 'cad', 'embedded systems', 'microcontrollers']","['circuit design', 'pcb design', 'cad', 'embedded systems', 'microcontrollers']"
"education: bachelor's in communications experience: 2 years skills: account management, relationship building, sales, cloudformation, negotiation, aws, product knowledge, crm",account executive,bachelor's in communications,economy,bachelor's in business,"['strategic thinking', 'business acumen']","['business acumen', 'strategic thinking', 'negotiation']",['crm'],['crm']
"education: associate in law experience: 1 years skills: communication, rest api, legal knowledge, sql, organization, document preparation, legal research, gcp",paralegal,associate in law,law_and_public_services,bachelor's in paralegal studies,"['public speaking', 'ethics', 'responsibility']","['ethics', 'analytical skills', 'responsibility']","['document preparation', 'legal research']","['document preparation', 'legal research']"
"education: bachelor's in accounting experience: 3 years skills: financial analysis, excel, quickbooks, postgresql, gaap, creativity, accounting principles, java",accountant,bachelor's in accounting,economy,bachelor's in accounting,['financial analysis'],['financial analysis'],['excel'],['excel']
"education: bachelor's in automotive engineering experience: 3 years skills: testing, vehicle systems, cad, kotlin, problem solving, swift, materials, thermal systems",automotive engineer,bachelor's in automotive engineering,engineering,bachelor's in automotive engineering,"['attention to detail', 'precision']","['precision', 'problem solving', 'critical thinking', 'attention to detail']","['cad', 'vehicle systems', 'thermal systems']","['cad', 'vehicle systems', 'thermal systems']"
"education: bachelor's in aerospace engineering experience: 5 years skills: design, physics, mongodb, cad, matlab, structural analysis, seo, aerodynamics",aerospace engineer,bachelor's in aerospace engineering,engineering,bachelor's in aerospace engineering,['structural analysis'],['structural analysis'],"['cad', 'aerodynamics', 'matlab']","['cad', 'aerodynamics', 'matlab']"
"education: bachelor's in communications experience: 4 years skills: shell scripting, power bi, negotiation, crm, product knowledge, sales, relationship building, kotlin",account executive,bachelor's in communications,economy,bachelor's in business,"['communication', 'strategic thinking']","['strategic thinking', 'negotiation', 'communication']",['crm'],['crm']
"education: web design certification experience: 0 years skills: creativity, web design, html, user experience, design tools, power bi, html/css, responsive design",web designer,web design certification,creative_design,bachelor's in design,"['attention to detail', 'adaptability', 'storytelling']","['adaptability', 'storytelling', 'communication']","['responsive design', 'web design']","['responsive design', 'web design']"
"education: bachelor's in 3d art experience: 4 years skills: rendering, texturing, tensorflow, 3d modeling, creativity, software skills, problem solving, shell scripting",3d artist,bachelor's in 3d art,creative_design,bachelor's in 3d art,"['collaboration', 'attention to detail']","['creativity', 'communication', 'collaboration', 'attention to detail']","['rendering', 'texturing', '3d modeling']","['3d modeling', 'rendering', 'texturing']"
"education: bachelor's in design experience: 2 years skills: power bi, html/css, design tools, creativity, user experience, responsive design, web design, deep learning",web designer,bachelor's in design,creative_design,bachelor's in design,['data analysis'],"['attention to detail', 'collaboration', 'data analysis']","['responsive design', 'web design']","['responsive design', 'web design']"
"education: bachelor's in marketing experience: 2 years skills: backlink strategy, shell scripting, c#, sales, technical seo, seo, marketing, analytics",seo specialist,bachelor's in marketing,economy,bachelor's in marketing,"['planning', 'strategic thinking', 'negotiation']","['business acumen', 'planning', 'communication']",['seo'],['seo']
"education: bachelor's in marketing experience: 1 years skills: platform knowledge, copywriting, community management, security architecture, content creation, social media strategy, serverless, analytics",social media manager,bachelor's in marketing,economy,bachelor's in marketing,"['business acumen', 'decision making', 'planning']","['business acumen', 'communication']",['copywriting'],['copywriting']
"education: bachelor's in electronics engineering experience: 1 years skills: microcontrollers, adobe creative suite, network security, creativity, cad, sales, pcb design, hardware design",electronics engineer,bachelor's in electronics engineering,engineering,bachelor's in electronics engineering,"['problem solving', 'teamwork', 'critical thinking']","['problem solving', 'time management', 'critical thinking']","['pcb design', 'circuit design', 'cad', 'embedded systems', 'microcontrollers']","['circuit design', 'pcb design', 'cad', 'embedded systems', 'microcontrollers']"
"education: bachelor's in paralegal studies experience: 0 years skills: organization, data analysis, legal research, serverless, attention to detail, perl, communication, legal knowledge",paralegal,bachelor's in paralegal studies,law_and_public_services,bachelor's in paralegal studies,['data analysis'],"['critical thinking', 'responsibility', 'data analysis']","['document preparation', 'legal research']","['document preparation', 'legal research']"
"education: bachelor's in communications experience: 4 years skills: writing, seo, analytics, content strategy, risk assessment, project management, network security, research",content marketing manager,bachelor's in communications,economy,bachelor's in marketing,"['strategic thinking', 'planning', 'communication']","['decision making', 'negotiation', 'communication']",['seo'],['seo']
"education: bachelor's in graphic design experience: 4 years skills: adaptability, typescript, app testing, attention to detail, creativity, design software, ruby, visual communication",graphic designer,bachelor's in graphic design,creative_design,bachelor's in graphic design,"['adaptability', 'storytelling']","['storytelling', 'communication']",['adobe creative suite'],['adobe creative suite']
"education: bachelor's in mechanical engineering experience: 2 years skills: mechanical design, technical documentation, sales, cad, physics, machine learning, thermodynamics, problem solving",mechanical engineer,bachelor's in mechanical engineering,engineering,bachelor's in mechanical engineering,"['teamwork', 'problem solving', 'attention to detail']","['teamwork', 'critical thinking', 'attention to detail']",['cad'],['cad']
"education: bachelor's in accounting experience: 5 years skills: security protocols, technical writing, accounting, software, perl, tax law, compliance, graphic design",tax specialist,bachelor's in accounting,economy,bachelor's in accounting,['tax planning'],['tax planning'],['accounting'],['accounting']
"education: bachelor's in mechanical engineering experience: 4 years skills: technical documentation, cad, jupyter, mechanical design, budget management, angular, documentation, thermodynamics",mechanical engineer,bachelor's in mechanical engineering,engineering,bachelor's in mechanical engineering,"['precision', 'attention to detail', 'critical thinking']","['time management', 'critical thinking', 'attention to detail']",['cad'],['cad']
"education: master's in finance experience: 1 years skills: prototyping, valuation, research, excel, financial modeling, communication, ios, m&a",investment banking analyst,master's in finance,economy,bachelor's in finance,"['decision making', 'negotiation']","['business acumen', 'communication', 'decision making', 'negotiation']","['financial modeling', 'excel', 'valuation']","['financial modeling', 'excel', 'valuation']"
"education: bachelor's in business experience: 3 years skills: crm, team leadership, database design, target setting, communication, swift, sales strategy, nosql",sales manager,bachelor's in business,economy,bachelor's in business,"['strategic thinking', 'communication']","['strategic thinking', 'decision making', 'communication']",['crm'],['crm']
"education: bachelor's in electronics engineering experience: 3 years skills: circuit design, microcontrollers, web accessibility, cad, pcb design, embedded systems, firewalls, r",electronics engineer,bachelor's in electronics engineering,engineering,bachelor's in electronics engineering,"['precision', 'attention to detail', 'critical thinking']","['problem solving', 'critical thinking', 'precision']","['circuit design', 'pcb design', 'cad', 'embedded systems', 'microcontrollers']","['circuit design', 'pcb design', 'cad', 'embedded systems', 'microcontrollers']"
"education: bachelor's in graphic design experience: 1 years skills: visual communication, branding, design software, wireframing, network security, adobe creative suite, time management, creativity",graphic designer,bachelor's in graphic design,creative_design,bachelor's in graphic design,"['storytelling', 'creativity', 'collaboration']","['creativity', 'collaboration']","['adobe creative suite', 'wireframing']",['adobe creative suite']
"education: bachelor's in electrical engineering experience: 2 years skills: technical knowledge, node.js, circuit design, go, gcp, power systems, cad, risk assessment",electrical engineer,bachelor's in electrical engineering,engineering,bachelor's in electrical engineering,"['problem solving', 'critical thinking', 'precision']","['precision', 'critical thinking', 'attention to detail']","['circuit design', 'cad', 'electrical systems']","['circuit design', 'cad', 'electrical systems']"
"education: bachelor's in communications experience: 3 years skills: research, nosql, budget management, pytorch, content strategy, project management, angular, writing",content marketing manager,bachelor's in communications,economy,bachelor's in marketing,"['communication', 'strategic thinking', 'business acumen']","['strategic thinking', 'communication']",['seo'],['seo']
"education: bachelor's in biomedical engineering experience: 1 years skills: cad, regulatory knowledge, technical design, market research, medical devices, budget management, mentoring, biomedical systems",biomedical engineer,bachelor's in biomedical engineering,engineering,bachelor's in biomedical engineering,"['critical thinking', 'attention to detail', 'time management']","['time management', 'critical thinking', 'attention to detail']",['cad'],['cad']
"education: engineering license experience: 2 years skills: marketing, safety, encryption, leadership, shell scripting, management, electrical systems, regulatory knowledge",electrical utilities manager,engineering license,engineering,bachelor's in electrical engineering,"['teamwork', 'critical thinking', 'problem solving']","['problem solving', 'critical thinking', 'attention to detail']",['electrical systems'],['electrical systems']
"education: seo certification experience: 0 years skills: keyword research, responsive design, content optimization, node.js, pandas, seo, aws, analytics",seo specialist,seo certification,economy,bachelor's in marketing,"['decision making', 'planning', 'business acumen']","['business acumen', 'planning']",['seo'],['seo']
"education: bachelor's in marketing experience: 5 years skills: content strategy, seo, tableau, analytics, project management, scrum, financial analysis, graphic design",content marketing manager,bachelor's in marketing,economy,bachelor's in marketing,['financial analysis'],"['financial analysis', 'communication']",['seo'],['seo']
"education: bachelor's in mechanical engineering experience: 3 years skills: cad, testing, network security, thermal systems, risk assessment, problem solving, vehicle systems, materials",automotive engineer,bachelor's in mechanical engineering,engineering,bachelor's in automotive engineering,"['precision', 'time management']","['precision', 'time management', 'attention to detail']","['cad', 'vehicle systems', 'thermal systems']","['cad', 'vehicle systems', 'thermal systems']"
"education: bachelor's in computer engineering experience: 2 years skills: jira, c/c++, real-time systems, low-level programming, microcontrollers, mongodb, hardware, embedded linux",embedded systems engineer,bachelor's in computer engineering,engineering,bachelor's in electronics engineering,"['critical thinking', 'time management', 'precision']","['precision', 'teamwork', 'time management']",['microcontrollers'],['microcontrollers']
"education: digital marketing certification experience: 1 years skills: jenkins, nosql, social media, sem, analytics, seo, content strategy, email marketing",digital marketing manager,digital marketing certification,economy,bachelor's in marketing,"['strategic thinking', 'decision making', 'planning']","['strategic thinking', 'decision making']",['seo'],['seo']
"education: seo certification experience: 4 years skills: keyword research, backlink strategy, analytics, content optimization, technical seo, business development, android, seo",seo specialist,seo certification,economy,bachelor's in marketing,"['business acumen', 'negotiation']","['business acumen', 'strategic thinking', 'communication']",['seo'],['seo']
"education: bachelor's in communications experience: 0 years skills: prototyping, presentation skills, sales, negotiation, product knowledge, python, crm, relationship building",account executive,bachelor's in communications,economy,bachelor's in business,"['communication', 'negotiation']","['communication', 'planning', 'negotiation']","['crm', 'python']",['crm']
"education: bachelor's in electronics engineering experience: 3 years skills: embedded linux, negotiation, real-time systems, microcontrollers, react, ansible, hardware, c/c++",embedded systems engineer,bachelor's in electronics engineering,engineering,bachelor's in electronics engineering,"['attention to detail', 'critical thinking']","['teamwork', 'critical thinking', 'attention to detail']",['microcontrollers'],['microcontrollers']
"education: bachelor's in biomedical engineering experience: 5 years skills: cad, problem solving, biomedical systems, medical devices, regulatory knowledge, typescript, technical design, django",biomedical engineer,bachelor's in biomedical engineering,engineering,bachelor's in biomedical engineering,"['time management', 'problem solving']","['critical thinking', 'time management', 'teamwork']",['cad'],['cad']
"education: bachelor's in accounting experience: 4 years skills: swift, tax planning, software, irs knowledge, docker, tax law, accounting, compliance",tax specialist,bachelor's in accounting,economy,bachelor's in accounting,['tax planning'],['tax planning'],['accounting'],['accounting']
"education: bachelor's in marketing experience: 0 years skills: html, microservices, a/b testing, copywriting, mysql, email campaign management, analytics, prototyping",email marketing specialist,bachelor's in marketing,economy,bachelor's in marketing,"['negotiation', 'decision making']","['business acumen', 'communication', 'decision making', 'negotiation']",['copywriting'],['copywriting']
"education: web design certification experience: 3 years skills: web design, html/css, redis, user experience, responsive design, creativity, financial analysis, design tools",web designer,web design certification,creative_design,bachelor's in design,['financial analysis'],"['creativity', 'financial analysis', 'communication']","['responsive design', 'web design']","['responsive design', 'web design']"
"education: engineering license experience: 3 years skills: leadership, budget management, web accessibility, ci/cd, django, electrical systems, problem solving, safety",electrical utilities manager,engineering license,engineering,bachelor's in electrical engineering,"['problem solving', 'teamwork']","['problem solving', 'teamwork', 'critical thinking']",['electrical systems'],['electrical systems']
"education: bachelor's in business experience: 5 years skills: product strategy, positioning, market research, kanban, analytics, campaign management, cassandra, messaging",product marketing manager,bachelor's in business,economy,bachelor's in marketing,"['planning', 'communication', 'negotiation']","['planning', 'negotiation']",['campaign management'],['campaign management']
"education: bachelor's in accounting experience: 2 years skills: tax knowledge, statistics, kubernetes, accounting principles, excel, time management, gaap, azure",accountant,bachelor's in accounting,economy,bachelor's in accounting,['financial analysis'],['financial analysis'],"['statistics', 'excel']",['excel']
"education: bachelor's in automotive engineering experience: 1 years skills: cad, thermal systems, materials, problem solving, network security, app testing, testing, vehicle systems",automotive engineer,bachelor's in automotive engineering,engineering,bachelor's in automotive engineering,"['teamwork', 'attention to detail']","['problem solving', 'critical thinking', 'attention to detail']","['cad', 'vehicle systems', 'thermal systems']","['cad', 'vehicle systems', 'thermal systems']"
"education: bachelor's in sales experience: 5 years skills: target setting, rest api, adobe creative suite, sales strategy, team leadership, postgresql, communication, negotiation",sales manager,bachelor's in sales,economy,bachelor's in business,"['strategic thinking', 'communication', 'negotiation']","['business acumen', 'planning', 'negotiation']",['crm'],['crm']
"education: bachelor's in mechanical engineering experience: 1 years skills: react, cad, network security, adaptability, materials, thermal systems, testing, vehicle systems",automotive engineer,bachelor's in mechanical engineering,engineering,bachelor's in automotive engineering,"['time management', 'attention to detail']","['teamwork', 'time management', 'attention to detail']","['cad', 'vehicle systems', 'thermal systems']","['cad', 'vehicle systems', 'thermal systems']"
"education: bachelor's in finance experience: 4 years skills: swift, statistics, financial modeling, valuation, python, risk analysis, c#, excel",financial analyst,bachelor's in finance,economy,bachelor's in finance,['risk analysis'],['risk analysis'],"['python', 'statistics', 'financial modeling', 'excel', 'valuation']","['python', 'statistics', 'financial modeling', 'excel', 'valuation']"
"education: bachelor's in design experience: 1 years skills: user research, design thinking, html, prototyping, responsive design, communication, usability testing, strategic planning",ux designer,bachelor's in design,creative_design,bachelor's in design,"['communication', 'collaboration']","['adaptability', 'collaboration', 'communication']","['responsive design', 'prototyping', 'wireframing']","['prototyping', 'wireframing']"
"education: bachelor's in marketing experience: 4 years skills: business development, product knowledge, vue.js, crm, negotiation, swift, client relationships, selling",sales executive,bachelor's in marketing,economy,bachelor's in business,"['communication', 'strategic thinking']","['decision making', 'negotiation', 'communication']",['crm'],['crm']
"education: associate in law experience: 4 years skills: strategic planning, legal research, communication, attention to detail, legal knowledge, rest api, swift, p&l management",paralegal,associate in law,law_and_public_services,bachelor's in paralegal studies,"['analytical skills', 'judgment']","['judgment', 'analytical skills', 'public speaking']","['document preparation', 'legal research']","['document preparation', 'legal research']"
"education: seo certification experience: 2 years skills: backlink strategy, seo, flutter, keyword research, analytics, content optimization, technical seo, r",seo specialist,seo certification,economy,bachelor's in marketing,"['strategic thinking', 'communication', 'negotiation']","['communication', 'strategic thinking', 'negotiation']",['seo'],['seo']
"education: bachelor's in economics experience: 3 years skills: statistics, project management, web accessibility, risk analysis, mongodb, python, financial modeling, valuation",financial analyst,bachelor's in economics,economy,bachelor's in finance,['risk analysis'],['risk analysis'],"['valuation', 'python', 'statistics', 'financial modeling', 'seo', 'excel']","['python', 'statistics', 'financial modeling', 'excel', 'valuation']"
"education: bachelor's in manufacturing engineering experience: 4 years skills: production planning, cad, ansible, quality control, flask, problem solving, equipment knowledge, process design",manufacturing engineer,bachelor's in manufacturing engineering,engineering,bachelor's in manufacturing engineering,['production planning'],['production planning'],"['process design', 'cad']","['cad', 'process design']"
"education: bachelor's in chemical engineering experience: 4 years skills: safety, critical thinking, thermochemistry, technical writing, process design, laboratory skills, data analysis, chemical processes",chemical engineer,bachelor's in chemical engineering,engineering,bachelor's in chemical engineering,['data analysis'],['data analysis'],['process design'],['process design']
"education: bachelor's in business experience: 0 years skills: cloudformation, selling, crm, kotlin, power bi, client relationships, app testing, negotiation",sales executive,bachelor's in business,economy,bachelor's in business,"['communication', 'negotiation']","['planning', 'negotiation', 'communication']",['crm'],['crm']
"education: bachelor's in accounting experience: 5 years skills: irs knowledge, accounting, tax law, compliance, software, tax planning, decision making, presentation skills",tax specialist,bachelor's in accounting,economy,bachelor's in accounting,['tax planning'],['tax planning'],['accounting'],['accounting']
"education: bachelor's in aerospace engineering experience: 4 years skills: statistics, physics, structural analysis, pytorch, design, aerodynamics, matlab, docker",aerospace engineer,bachelor's in aerospace engineering,engineering,bachelor's in aerospace engineering,['structural analysis'],['structural analysis'],"['cad', 'aerodynamics', 'matlab']","['cad', 'aerodynamics', 'matlab']"
"education: bachelor's in electrical engineering experience: 5 years skills: wireframing, cad, power systems, troubleshooting, kotlin, technical knowledge, electrical systems, problem solving",electrical engineer,bachelor's in electrical engineering,engineering,bachelor's in electrical engineering,"['critical thinking', 'problem solving', 'attention to detail']","['time management', 'critical thinking', 'attention to detail']","['circuit design', 'cad', 'electrical systems']","['circuit design', 'cad', 'electrical systems']"
"education: bachelor's in marketing experience: 3 years skills: technical writing, project management, research, mentoring, analytics, ci/cd, content strategy, seo",content marketing manager,bachelor's in marketing,economy,bachelor's in marketing,"['decision making', 'communication', 'planning']","['business acumen', 'planning', 'decision making', 'communication']",['seo'],['seo']
"education: bachelor's in communications experience: 2 years skills: product knowledge, relationship building, react native, sales, account management, negotiation, security protocols, crm",account executive,bachelor's in communications,economy,bachelor's in business,"['communication', 'decision making']","['business acumen', 'decision making', 'communication']",['crm'],['crm']
"education: bachelor's in design experience: 3 years skills: mongodb, html/css, design tools, creativity, user experience, responsive design, communication, swift",web designer,bachelor's in design,creative_design,bachelor's in design,"['adaptability', 'storytelling']","['creativity', 'storytelling', 'attention to detail']","['responsive design', 'web design']","['responsive design', 'web design']"
"education: seo certification experience: 1 years skills: keyword research, analytics, ansible, content optimization, seo, technical writing, technical seo, vue.js",seo specialist,seo certification,economy,bachelor's in marketing,"['business acumen', 'planning']","['business acumen', 'negotiation', 'communication']",['seo'],['seo']
"education: bachelor's in chemical engineering experience: 5 years skills: leadership, chemical processes, data analysis, process design, safety, thermochemistry, jira, laboratory skills",chemical engineer,bachelor's in chemical engineering,engineering,bachelor's in chemical engineering,['data analysis'],['data analysis'],['process design'],['process design']
"education: bachelor's in sales experience: 3 years skills: crm, negotiation, communication, scikit-learn, jupyter, sales strategy, target setting, team leadership",sales manager,bachelor's in sales,economy,bachelor's in business,"['decision making', 'communication', 'negotiation']","['decision making', 'negotiation', 'communication']",['crm'],['crm']
"education: bachelor's in sales experience: 4 years skills: crm, terraform, target setting, negotiation, graphql, team leadership, communication, ci/cd",sales manager,bachelor's in sales,economy,bachelor's in business,"['communication', 'negotiation', 'planning']","['business acumen', 'planning', 'decision making', 'communication']",['crm'],['crm']
"education: bachelor's in electrical engineering experience: 4 years skills: technical knowledge, leadership, electrical systems, circuit design, cad, python, power systems, scrum",electrical engineer,bachelor's in electrical engineering,engineering,bachelor's in electrical engineering,"['critical thinking', 'teamwork']","['teamwork', 'critical thinking', 'attention to detail']","['circuit design', 'cad', 'electrical systems']","['circuit design', 'cad', 'electrical systems']"
"education: bachelor's in accounting experience: 3 years skills: excel, typescript, nosql, quickbooks, tax knowledge, gaap, accounting principles, financial analysis",accountant,bachelor's in accounting,economy,bachelor's in accounting,['financial analysis'],['financial analysis'],['excel'],['excel']
"education: bachelor's in 3d art experience: 0 years skills: software skills, 3d modeling, creativity, vue.js, rendering, power bi, negotiation, wireframing",3d artist,bachelor's in 3d art,creative_design,bachelor's in 3d art,"['creativity', 'adaptability', 'communication']","['adaptability', 'attention to detail', 'collaboration', 'communication']","['rendering', 'texturing', 'wireframing', '3d modeling']","['3d modeling', 'rendering', 'texturing']"
"education: cpa or equivalent experience: 0 years skills: aws, gaap, mobile security, power bi, excel, quickbooks, financial analysis, tax knowledge",accountant,accounting or equivalent,economy,bachelor's in accounting,['financial analysis'],['financial analysis'],['excel'],['excel']
"education: bachelor's in mechanical engineering experience: 5 years skills: vehicle systems, ci/cd, cad, thermal systems, problem solving, testing, materials, presentation skills",automotive engineer,bachelor's in mechanical engineering,engineering,bachelor's in automotive engineering,"['teamwork', 'precision']","['precision', 'teamwork']","['cad', 'vehicle systems', 'thermal systems']","['cad', 'vehicle systems', 'thermal systems']"
"education: bachelor's in manufacturing engineering experience: 1 years skills: quality control, ios, production planning, problem solving, scikit-learn, negotiation, communication, javascript",manufacturing engineer,bachelor's in manufacturing engineering,engineering,bachelor's in manufacturing engineering,['production planning'],['production planning'],"['process design', 'cad']","['cad', 'process design']"
"education: bachelor's in civil engineering experience: 5 years skills: jira, materials, building codes, calculations, user experience, design, cad, structural analysis",structural engineer,bachelor's in civil engineering,engineering,bachelor's in civil engineering,['structural analysis'],['structural analysis'],"['cad', 'building codes']","['cad', 'building codes']"
"education: bachelor's in mechanical engineering experience: 0 years skills: technical documentation, ansible, physics, azure, problem solving, mechanical design, wireframing, cad",mechanical engineer,bachelor's in mechanical engineering,engineering,bachelor's in mechanical engineering,"['precision', 'teamwork', 'problem solving']","['precision', 'teamwork', 'attention to detail']",['cad'],['cad']
"education: certification experience: 2 years skills: security architecture, app testing, docker, problem solving, 3d modeling, rendering, creativity, figma",3d artist,certification,creative_design,bachelor's in 3d art,"['adaptability', 'storytelling', 'attention to detail']","['creativity', 'attention to detail']","['rendering', 'texturing', '3d modeling', 'figma']","['3d modeling', 'rendering', 'texturing']"
"education: bachelor's in finance experience: 2 years skills: valuation, budget management, m&a, research, financial modeling, communication, numpy, excel",investment banking analyst,bachelor's in finance,economy,bachelor's in finance,"['decision making', 'negotiation', 'business acumen']","['business acumen', 'strategic thinking', 'decision making', 'negotiation']","['financial modeling', 'excel', 'valuation']","['financial modeling', 'excel', 'valuation']"
"education: bachelor's in electrical engineering experience: 2 years skills: compliance, pytorch, safety, electrical systems, regulatory knowledge, leadership, problem solving, documentation",electrical utilities manager,bachelor's in electrical engineering,engineering,bachelor's in electrical engineering,"['critical thinking', 'attention to detail']","['problem solving', 'critical thinking']",['electrical systems'],['electrical systems']
"education: ui certification experience: 3 years skills: teamwork, machine learning, creativity, html, visual design, figma, problem solving, ui principles",ui designer,ui certification,creative_design,bachelor's in design,"['storytelling', 'attention to detail']","['storytelling', 'collaboration', 'attention to detail']",['figma'],['figma']
"education: cpa or equivalent experience: 1 years skills: accounting principles, business acumen, communication, quickbooks, pytorch, financial analysis, tax knowledge, gaap",accountant,accounting or equivalent,economy,bachelor's in accounting,"['business acumen', 'financial analysis']",['financial analysis'],['excel'],['excel']
"education: bachelor's in biomedical engineering experience: 5 years skills: technical design, compliance, regulatory knowledge, medical devices, cad, javascript, node.js, problem solving",biomedical engineer,bachelor's in biomedical engineering,engineering,bachelor's in biomedical engineering,"['time management', 'critical thinking', 'precision']","['precision', 'teamwork', 'critical thinking']",['cad'],['cad']
"education: bachelor's in finance experience: 2 years skills: budget planning, excel, compliance, forecasting, communication, attention to detail, financial analysis, strategic planning",budget analyst,bachelor's in finance,economy,bachelor's in finance,"['budget planning', 'financial analysis']","['budget planning', 'financial analysis']",['excel'],['excel']
"education: bachelor's in finance experience: 2 years skills: risk analysis, excel, statistics, python, perl, valuation, penetration testing, financial modeling",financial analyst,bachelor's in finance,economy,bachelor's in finance,['risk analysis'],['risk analysis'],"['python', 'statistics', 'financial modeling', 'excel', 'valuation']","['python', 'statistics', 'financial modeling', 'excel', 'valuation']"
"education: bachelor's in marketing experience: 1 years skills: a/b testing, segmentation, copywriting, p&l management, app testing, jupyter, financial analysis, pytorch",email marketing specialist,bachelor's in marketing,economy,bachelor's in marketing,['financial analysis'],"['financial analysis', 'planning']",['copywriting'],['copywriting']
"education: bachelor's in electrical engineering experience: 5 years skills: regulatory knowledge, safety, management, jira, nosql, electrical systems, leadership, problem solving",electrical utilities manager,bachelor's in electrical engineering,engineering,bachelor's in electrical engineering,"['teamwork', 'time management', 'critical thinking']","['precision', 'teamwork', 'problem solving', 'critical thinking']",['electrical systems'],['electrical systems']
"education: bachelor's in marketing experience: 3 years skills: brand strategy, communication, budget management, firewalls, campaign management, leadership, seo, analytics",marketing manager,bachelor's in marketing,economy,bachelor's in marketing,"['negotiation', 'planning']","['strategic thinking', 'negotiation']","['seo', 'brand strategy', 'campaign management']","['campaign management', 'brand strategy']"
"education: bachelor's in marketing experience: 4 years skills: budget management, redis, react native, adobe creative suite, communication, azure, campaign management, leadership",marketing manager,bachelor's in marketing,economy,bachelor's in marketing,"['business acumen', 'communication']","['business acumen', 'planning', 'decision making', 'communication']","['brand strategy', 'campaign management']","['campaign management', 'brand strategy']"
"education: bachelor's in business experience: 5 years skills: gcp, budget management, brand strategy, p&l management, leadership, power bi, confluence, communication",marketing manager,bachelor's in business,economy,bachelor's in marketing,"['strategic thinking', 'communication']","['business acumen', 'strategic thinking', 'communication']","['brand strategy', 'campaign management']","['campaign management', 'brand strategy']"
"education: bachelor's in finance experience: 3 years skills: excel, valuation, communication, p&l management, financial modeling, business development, redis, m&a",investment banking analyst,bachelor's in finance,economy,bachelor's in finance,"['communication', 'decision making', 'strategic thinking']","['planning', 'decision making']","['financial modeling', 'excel', 'valuation']","['financial modeling', 'excel', 'valuation']"
"education: bachelor's in marketing experience: 2 years skills: react, copywriting, social media strategy, mobile security, platform knowledge, content creation, analytics, community management",social media manager,bachelor's in marketing,economy,bachelor's in marketing,"['decision making', 'strategic thinking', 'planning']","['business acumen', 'strategic thinking', 'planning']",['copywriting'],['copywriting']
"education: bachelor's in finance experience: 0 years skills: ci/cd, tensorflow, statistics, python, financial modeling, excel, valuation, risk analysis",financial analyst,bachelor's in finance,economy,bachelor's in finance,['risk analysis'],['risk analysis'],"['python', 'statistics', 'financial modeling', 'excel', 'valuation']","['python', 'statistics', 'financial modeling', 'excel', 'valuation']"
"education: bachelor's in electronics engineering experience: 5 years skills: microcontrollers, angular, embedded linux, real-time systems, hardware, network security, marketing, sales",embedded systems engineer,bachelor's in electronics engineering,engineering,bachelor's in electronics engineering,"['teamwork', 'critical thinking']","['teamwork', 'time management']",['microcontrollers'],['microcontrollers']
"education: bachelor's in chemical engineering experience: 1 years skills: laboratory skills, process design, data analysis, chemical processes, r, thermochemistry, teamwork, technical writing",chemical engineer,bachelor's in chemical engineering,engineering,bachelor's in chemical engineering,['data analysis'],['data analysis'],['process design'],['process design']
"education: bachelor's in marketing experience: 2 years skills: budget management, leadership, analytics, terraform, communication, campaign management, brand strategy, mongodb",marketing manager,bachelor's in marketing,economy,bachelor's in marketing,"['decision making', 'business acumen']","['business acumen', 'communication']","['brand strategy', 'campaign management']","['campaign management', 'brand strategy']"
"education: bachelor's in civil engineering experience: 5 years skills: calculations, materials, cad, design, building codes, structural analysis, power bi, critical thinking",structural engineer,bachelor's in civil engineering,engineering,bachelor's in civil engineering,['structural analysis'],['structural analysis'],"['cad', 'building codes']","['cad', 'building codes']"
"education: bachelor's in communications experience: 1 years skills: mysql, account management, product knowledge, sales, negotiation, redis, relationship building, seo",account executive,bachelor's in communications,economy,bachelor's in business,"['strategic thinking', 'communication', 'negotiation']","['strategic thinking', 'planning', 'negotiation']","['crm', 'seo']",['crm']
"education: bachelor's in civil engineering experience: 1 years skills: typescript, rust, structural analysis, autocad, technical design, presentation skills, ruby, cad",civil engineer,bachelor's in civil engineering,engineering,bachelor's in civil engineering,['structural analysis'],['structural analysis'],"['autocad', 'cad', 'building codes']","['autocad', 'building codes', 'cad']"
"education: bachelor's in design experience: 4 years skills: react native, responsive design, web design, design tools, html/css, r, pandas, power bi",web designer,bachelor's in design,creative_design,bachelor's in design,"['collaboration', 'creativity', 'adaptability']","['creativity', 'adaptability', 'storytelling', 'collaboration']","['responsive design', 'web design']","['responsive design', 'web design']"
"education: bachelor's in communications experience: 3 years skills: platform knowledge, analytics, scala, content creation, community management, jupyter, c++, ansible",social media manager,bachelor's in communications,economy,bachelor's in marketing,"['planning', 'communication']","['business acumen', 'strategic thinking', 'communication']",['copywriting'],['copywriting']
"education: bachelor's in accounting experience: 7 years skills: leadership, jenkins, mobile ui/ux, internal controls, p&l management, cloudformation, adobe creative suite, audit procedures",audit manager,bachelor's in accounting,economy,bachelor's in accounting,"['negotiation', 'business acumen', 'decision making']","['business acumen', 'planning', 'decision making']",['audit procedures'],['audit procedures']
"education: bachelor's in communications experience: 4 years skills: security architecture, teamwork, numpy, jenkins, community management, analytics, social media strategy, oracle",social media manager,bachelor's in communications,economy,bachelor's in marketing,"['negotiation', 'planning', 'communication']","['strategic thinking', 'communication']",['copywriting'],['copywriting']
"education: cpa or tax certification experience: 2 years skills: tax law, irs knowledge, penetration testing, nosql, ansible, tax planning, software, compliance",tax specialist,accounting or tax certification,economy,bachelor's in accounting,['tax planning'],['tax planning'],['accounting'],['accounting']
"education: cpa experience: 5 years skills: audit procedures, statistics, risk assessment, compliance, decision making, leadership, communication, internal controls",audit manager,accounting,economy,bachelor's in accounting,"['strategic thinking', 'planning']","['strategic thinking', 'planning', 'decision making']","['statistics', 'audit procedures']",['audit procedures']
"education: bachelor's in civil engineering experience: 3 years skills: app testing, design, market research, materials, structural analysis, calculations, cad, building codes",structural engineer,bachelor's in civil engineering,engineering,bachelor's in civil engineering,['structural analysis'],['structural analysis'],"['cad', 'building codes']","['cad', 'building codes']"
"education: bachelor's in electronics engineering experience: 1 years skills: embedded systems, circuit design, critical thinking, microcontrollers, business development, time management, pcb design, hardware design",electronics engineer,bachelor's in electronics engineering,engineering,bachelor's in electronics engineering,"['critical thinking', 'teamwork']","['time management', 'critical thinking']","['circuit design', 'pcb design', 'cad', 'embedded systems', 'microcontrollers']","['circuit design', 'pcb design', 'cad', 'embedded systems', 'microcontrollers']"
"education: bachelor's in finance experience: 4 years skills: typescript, valuation, excel, financial modeling, communication, research, graphic design, m&a",investment banking analyst,bachelor's in finance,economy,bachelor's in finance,"['communication', 'planning', 'negotiation']","['business acumen', 'negotiation']","['financial modeling', 'excel', 'valuation']","['financial modeling', 'excel', 'valuation']"
"education: bachelor's in automotive engineering experience: 4 years skills: materials, testing, problem solving, cad, data analysis, go, graphql, thermal systems",automotive engineer,bachelor's in automotive engineering,engineering,bachelor's in automotive engineering,['data analysis'],"['teamwork', 'critical thinking', 'data analysis']","['cad', 'vehicle systems', 'thermal systems']","['cad', 'vehicle systems', 'thermal systems']"
"education: bachelor's in business experience: 3 years skills: confluence, crm, negotiation, product knowledge, financial analysis, statistics, selling, client relationships",sales executive,bachelor's in business,economy,bachelor's in business,['financial analysis'],"['business acumen', 'financial analysis']","['crm', 'statistics']",['crm']
"education: bachelor's in biomedical engineering experience: 3 years skills: regulatory knowledge, medical devices, redis, serverless, cad, biomedical systems, problem solving, typescript",biomedical engineer,bachelor's in biomedical engineering,engineering,bachelor's in biomedical engineering,"['critical thinking', 'precision']","['precision', 'problem solving', 'critical thinking']",['cad'],['cad']
"education: bachelor's in aerospace engineering experience: 2 years skills: sales, python, django, cad, matlab, c++, physics, aerodynamics",aerospace engineer,bachelor's in aerospace engineering,engineering,bachelor's in aerospace engineering,['structural analysis'],['structural analysis'],"['cad', 'aerodynamics', 'matlab']","['cad', 'aerodynamics', 'matlab']"
"education: bachelor's in marketing experience: 4 years skills: microservices, serverless, communication, brand strategy, c++, vue.js, leadership, campaign management",marketing manager,bachelor's in marketing,economy,bachelor's in marketing,"['communication', 'planning']","['strategic thinking', 'planning', 'decision making']","['brand strategy', 'campaign management']","['campaign management', 'brand strategy']"
"education: bachelor's in communications experience: 3 years skills: account management, sales, relationship building, product knowledge, c++, negotiation, react, crm",account executive,bachelor's in communications,economy,bachelor's in business,"['negotiation', 'planning']","['strategic thinking', 'planning', 'negotiation']",['crm'],['crm']
"education: bachelor's in economics experience: 3 years skills: financial modeling, risk analysis, risk assessment, python, statistics, project management, excel, valuation",financial analyst,bachelor's in economics,economy,bachelor's in finance,['risk analysis'],['risk analysis'],"['python', 'statistics', 'financial modeling', 'excel', 'valuation']","['python', 'statistics', 'financial modeling', 'excel', 'valuation']"
"education: bachelor's in economics experience: 1 years skills: r, vue.js, financial modeling, valuation, redis, statistics, user interface, risk analysis",financial analyst,bachelor's in economics,economy,bachelor's in finance,['risk analysis'],['risk analysis'],"['python', 'statistics', 'financial modeling', 'excel', 'valuation']","['python', 'statistics', 'financial modeling', 'excel', 'valuation']"
"education: bachelor's in marketing experience: 5 years skills: seo, oracle, analytics, sem, jenkins, social media, ansible, content strategy",digital marketing manager,bachelor's in marketing,economy,bachelor's in marketing,"['business acumen', 'strategic thinking', 'decision making']","['business acumen', 'planning', 'negotiation']",['seo'],['seo']
"education: bachelor's in accounting experience: 5 years skills: database design, irs knowledge, jira, compliance, tax law, software, tax planning, go",tax specialist,bachelor's in accounting,economy,bachelor's in accounting,['tax planning'],['tax planning'],['accounting'],['accounting']
"education: bachelor's in chemical engineering experience: 2 years skills: cloudformation, php, scrum, business acumen, data analysis, laboratory skills, chemical processes, process design",chemical engineer,bachelor's in chemical engineering,engineering,bachelor's in chemical engineering,"['business acumen', 'data analysis']",['data analysis'],['process design'],['process design']
"education: ux certification experience: 3 years skills: machine learning, user research, aws, communication, jupyter, prototyping, wireframing, design thinking",ux designer,ux certification,creative_design,bachelor's in design,"['collaboration', 'creativity', 'attention to detail']","['creativity', 'communication', 'attention to detail']","['prototyping', 'wireframing']","['prototyping', 'wireframing']"
"education: bachelor's in chemical engineering experience: 1 years skills: pandas, data analysis, safety, r, laboratory skills, kotlin, tensorflow, process design",chemical engineer,bachelor's in chemical engineering,engineering,bachelor's in chemical engineering,['data analysis'],['data analysis'],['process design'],['process design']
"education: bachelor's in design experience: 3 years skills: user research, wireframing, design thinking, angular, communication, prototyping, usability testing, flutter",ux designer,bachelor's in design,creative_design,bachelor's in design,"['attention to detail', 'creativity']","['creativity', 'communication', 'storytelling', 'attention to detail']","['prototyping', 'wireframing']","['prototyping', 'wireframing']"
"education: bachelor's in marketing experience: 4 years skills: segmentation, analytics, a/b testing, automation platforms, copywriting, email campaign management, responsive design, query optimization",email marketing specialist,bachelor's in marketing,economy,bachelor's in marketing,"['decision making', 'negotiation']","['business acumen', 'decision making', 'negotiation']",['copywriting'],['copywriting']
"education: master's in finance experience: 5 years skills: m&a, mobile security, valuation, machine learning, excel, financial modeling, kotlin, market research",investment banking analyst,master's in finance,economy,bachelor's in finance,"['planning', 'decision making', 'business acumen']","['business acumen', 'decision making']","['financial modeling', 'excel', 'valuation']","['financial modeling', 'excel', 'valuation']"
"education: bachelor's in marketing experience: 2 years skills: vue.js, rest api, analytics, segmentation, copywriting, data analysis, email campaign management, a/b testing",email marketing specialist,bachelor's in marketing,economy,bachelor's in marketing,['data analysis'],"['business acumen', 'planning', 'data analysis']",['copywriting'],['copywriting']
"education: master's in finance experience: 2 years skills: valuation, gcp, strategic planning, deep learning, m&a, budget management, research, excel",investment banking analyst,master's in finance,economy,bachelor's in finance,"['strategic thinking', 'planning', 'decision making']","['strategic thinking', 'planning', 'decision making']","['financial modeling', 'excel', 'valuation']","['financial modeling', 'excel', 'valuation']"
"education: bachelor's in civil engineering experience: 1 years skills: project management, ruby, structural analysis, building codes, cad, autocad, redis, prototyping",civil engineer,bachelor's in civil engineering,engineering,bachelor's in civil engineering,['structural analysis'],['structural analysis'],"['autocad', 'cad', 'building codes']","['autocad', 'building codes', 'cad']"
"education: ui certification experience: 4 years skills: docker, sql, ui principles, prototyping tools, design systems, figma, visual design, creativity",ui designer,ui certification,creative_design,bachelor's in design,"['communication', 'attention to detail', 'adaptability']","['adaptability', 'collaboration', 'communication']",['figma'],['figma']
"education: bachelor's in business experience: 5 years skills: p&l management, crm, team leadership, nosql, communication, creativity, mongodb, negotiation",sales manager,bachelor's in business,economy,bachelor's in business,"['strategic thinking', 'negotiation', 'communication']","['decision making', 'communication']",['crm'],['crm']
"education: ux certification experience: 4 years skills: usability testing, microservices, project management, communication, wireframing, design thinking, prototyping, user research",ux designer,ux certification,creative_design,bachelor's in design,"['storytelling', 'attention to detail']","['creativity', 'storytelling', 'collaboration', 'attention to detail']","['prototyping', 'wireframing']","['prototyping', 'wireframing']"
"education: bachelor's in chemical engineering experience: 1 years skills: chemical processes, presentation skills, thermochemistry, laboratory skills, safety, scrum, cloudformation, network security",chemical engineer,bachelor's in chemical engineering,engineering,bachelor's in chemical engineering,['data analysis'],['data analysis'],['process design'],['process design']
"education: bachelor's in business experience: 2 years skills: negotiation, client relationships, product knowledge, communication, responsive design, cassandra, selling, crm",sales executive,bachelor's in business,economy,bachelor's in business,"['decision making', 'strategic thinking']","['strategic thinking', 'planning', 'decision making']",['crm'],['crm']
"education: bachelor's in marketing experience: 4 years skills: technical seo, backlink strategy, seo, ci/cd, postgresql, keyword research, analytics, content optimization",seo specialist,bachelor's in marketing,economy,bachelor's in marketing,"['business acumen', 'communication', 'planning']","['business acumen', 'planning', 'decision making']",['seo'],['seo']
"education: bachelor's in finance experience: 1 years skills: attention to detail, forecasting, budget planning, documentation, python, communication, excel, financial analysis",budget analyst,bachelor's in finance,economy,bachelor's in finance,"['budget planning', 'financial analysis', 'data analysis']","['budget planning', 'financial analysis']","['python', 'excel']",['excel']
"education: bachelor's in design experience: 1 years skills: web design, design tools, query optimization, user experience, serverless, html/css, responsive design, creativity",web designer,bachelor's in design,creative_design,bachelor's in design,"['creativity', 'communication', 'storytelling']","['creativity', 'communication']","['responsive design', 'web design']","['responsive design', 'web design']"
"education: associate in law experience: 3 years skills: ios, ruby, attention to detail, legal knowledge, document preparation, communication, organization, legal research",paralegal,associate in law,law_and_public_services,bachelor's in paralegal studies,"['analytical skills', 'judgment']","['public speaking', 'analytical skills', 'judgment']","['document preparation', 'legal research']","['document preparation', 'legal research']"
"education: bachelor's in electronics engineering experience: 1 years skills: real-time systems, terraform, low-level programming, microcontrollers, c/c++, javascript, user interface, embedded linux",embedded systems engineer,bachelor's in electronics engineering,engineering,bachelor's in electronics engineering,"['attention to detail', 'precision', 'teamwork']","['problem solving', 'teamwork']",['microcontrollers'],['microcontrollers']
"education: bachelor's in sales experience: 6 years skills: crm, web design, target setting, nosql, negotiation, communication, team leadership, sales strategy",sales manager,bachelor's in sales,economy,bachelor's in business,"['strategic thinking', 'decision making']","['strategic thinking', 'planning', 'decision making', 'communication']",['crm'],['crm']
"education: bachelor's in economics experience: 0 years skills: pandas, python, financial modeling, confluence, risk analysis, serverless, valuation, excel",financial analyst,bachelor's in economics,economy,bachelor's in finance,['risk analysis'],['risk analysis'],"['python', 'statistics', 'financial modeling', 'excel', 'valuation']","['python', 'statistics', 'financial modeling', 'excel', 'valuation']"
"education: bachelor's in automotive engineering experience: 5 years skills: vehicle systems, materials, cad, testing, problem solving, rust, thermal systems, terraform",automotive engineer,bachelor's in automotive engineering,engineering,bachelor's in automotive engineering,"['critical thinking', 'teamwork', 'precision']","['precision', 'teamwork']","['cad', 'thermal systems', 'vehicle systems']","['cad', 'vehicle systems', 'thermal systems']"
"education: design certification experience: 1 years skills: marketing, design software, seo, branding, creativity, attention to detail, adobe creative suite, visual communication",graphic designer,design certification,creative_design,bachelor's in graphic design,"['collaboration', 'adaptability', 'creativity']","['storytelling', 'collaboration', 'attention to detail']",['adobe creative suite'],['adobe creative suite']
"education: bachelor's in automotive engineering experience: 1 years skills: penetration testing, thermal systems, vehicle systems, p&l management, tensorflow, materials, problem solving, cad",automotive engineer,bachelor's in automotive engineering,engineering,bachelor's in automotive engineering,"['attention to detail', 'time management', 'precision']","['critical thinking', 'time management']","['cad', 'thermal systems', 'vehicle systems']","['cad', 'vehicle systems', 'thermal systems']"
"education: bachelor's in marketing experience: 1 years skills: jenkins, power bi, risk assessment, email campaign management, copywriting, analytics, segmentation, a/b testing",email marketing specialist,bachelor's in marketing,economy,bachelor's in marketing,"['business acumen', 'negotiation', 'planning']","['business acumen', 'communication', 'negotiation']",['copywriting'],['copywriting']
"education: bachelor's in civil engineering experience: 3 years skills: flask, mongodb, calculations, react, structural analysis, cad, building codes, user experience",structural engineer,bachelor's in civil engineering,engineering,bachelor's in civil engineering,['structural analysis'],['structural analysis'],"['cad', 'building codes']","['cad', 'building codes']"
"education: engineering license experience: 2 years skills: angular, regulatory knowledge, management, leadership, safety, creativity, flask, electrical systems",electrical utilities manager,engineering license,engineering,bachelor's in electrical engineering,"['precision', 'time management']","['precision', 'teamwork', 'problem solving']",['electrical systems'],['electrical systems']
"education: bachelor's in mechanical engineering experience: 3 years skills: problem solving, mysql, mechanical design, technical documentation, physics, query optimization, thermodynamics, cad",mechanical engineer,bachelor's in mechanical engineering,engineering,bachelor's in mechanical engineering,"['attention to detail', 'time management']","['precision', 'teamwork', 'time management', 'attention to detail']",['cad'],['cad']
"education: bachelor's in sales experience: 4 years skills: pytorch, python, scala, negotiation, react native, communication, sales strategy, mobile ui/ux",sales manager,bachelor's in sales,economy,bachelor's in business,"['planning', 'communication', 'business acumen']","['business acumen', 'planning']","['crm', 'python']",['crm']
"education: bachelor's in electronics engineering experience: 1 years skills: microcontrollers, embedded systems, hardware design, cad, circuit design, ios, pcb design, app testing",electronics engineer,bachelor's in electronics engineering,engineering,bachelor's in electronics engineering,"['precision', 'problem solving']","['problem solving', 'time management', 'precision']","['circuit design', 'pcb design', 'cad', 'embedded systems', 'microcontrollers']","['circuit design', 'pcb design', 'cad', 'embedded systems', 'microcontrollers']"
"education: design certification experience: 4 years skills: attention to detail, branding, visual communication, oracle, c#, design software, adobe creative suite, php",graphic designer,design certification,creative_design,bachelor's in graphic design,"['adaptability', 'attention to detail', 'creativity']","['creativity', 'attention to detail']",['adobe creative suite'],['adobe creative suite']
"education: bachelor's in electrical engineering experience: 2 years skills: circuit design, agile, mobile security, user experience, power systems, cad, troubleshooting, technical knowledge",electrical engineer,bachelor's in electrical engineering,engineering,bachelor's in electrical engineering,"['critical thinking', 'teamwork', 'time management']","['precision', 'time management']","['circuit design', 'cad', 'electrical systems']","['circuit design', 'cad', 'electrical systems']"
"education: ui certification experience: 4 years skills: figma, ui principles, prototyping tools, teamwork, database design, technical writing, visual design, design systems",ui designer,ui certification,creative_design,bachelor's in design,"['collaboration', 'communication']","['creativity', 'attention to detail', 'collaboration', 'communication']",['figma'],['figma']
"education: bachelor's in design experience: 1 years skills: figma, adaptability, ui principles, design systems, prototyping tools, visual design, node.js, creativity",ui designer,bachelor's in design,creative_design,bachelor's in design,"['attention to detail', 'adaptability']","['creativity', 'storytelling', 'attention to detail']",['figma'],['figma']
"education: bachelor's in civil engineering experience: 6 years skills: calculations, building codes, p&l management, materials, ci/cd, design, pytorch, cad",structural engineer,bachelor's in civil engineering,engineering,bachelor's in civil engineering,['structural analysis'],['structural analysis'],"['cad', 'building codes']","['cad', 'building codes']"
"education: bachelor's in automotive engineering experience: 2 years skills: html, vehicle systems, problem solving, testing, materials, cad, shell scripting, sales",automotive engineer,bachelor's in automotive engineering,engineering,bachelor's in automotive engineering,"['precision', 'teamwork', 'problem solving']","['problem solving', 'teamwork', 'precision', 'attention to detail']","['cad', 'thermal systems', 'vehicle systems']","['cad', 'vehicle systems', 'thermal systems']"
"education: bachelor's in chemical engineering experience: 3 years skills: negotiation, thermochemistry, data analysis, laboratory skills, safety, chemical processes, process design, financial analysis",chemical engineer,bachelor's in chemical engineering,engineering,bachelor's in chemical engineering,"['financial analysis', 'data analysis']",['data analysis'],['process design'],['process design']
"education: bachelor's in chemical engineering experience: 4 years skills: query optimization, laboratory skills, mysql, pandas, process design, thermochemistry, data analysis, node.js",chemical engineer,bachelor's in chemical engineering,engineering,bachelor's in chemical engineering,['data analysis'],['data analysis'],['process design'],['process design']
"education: bachelor's in accounting experience: 1 years skills: forecasting, communication, financial analysis, excel, machine learning, kubernetes, budget planning, confluence",budget analyst,bachelor's in accounting,economy,bachelor's in finance,"['budget planning', 'financial analysis']","['budget planning', 'financial analysis']",['excel'],['excel']
"education: bachelor's in business experience: 3 years skills: product strategy, market research, marketing, campaign management, messaging, budget management, docker, positioning",product marketing manager,bachelor's in business,economy,bachelor's in marketing,"['strategic thinking', 'communication', 'negotiation']","['strategic thinking', 'planning', 'decision making']",['campaign management'],['campaign management']
"education: cpa experience: 5 years skills: internal controls, user interface, communication, time management, leadership, aws, compliance, responsive design",audit manager,accounting,economy,bachelor's in accounting,"['decision making', 'strategic thinking', 'planning']","['planning', 'decision making']",['audit procedures'],['audit procedures']
"education: bachelor's in marketing experience: 4 years skills: technical seo, keyword research, java, content optimization, backlink strategy, adobe creative suite, seo, analytics",seo specialist,bachelor's in marketing,economy,bachelor's in marketing,"['strategic thinking', 'planning']","['strategic thinking', 'planning', 'decision making']",['seo'],['seo']
"education: bachelor's in civil engineering experience: 3 years skills: shell scripting, building codes, cad, structural analysis, project management, autocad, documentation, technical design",civil engineer,bachelor's in civil engineering,engineering,bachelor's in civil engineering,['structural analysis'],['structural analysis'],"['autocad', 'cad', 'building codes']","['autocad', 'building codes', 'cad']"
"education: bachelor's in business experience: 5 years skills: positioning, business acumen, pytorch, market research, messaging, web design, p&l management, campaign management",product marketing manager,bachelor's in business,economy,bachelor's in marketing,['business acumen'],"['business acumen', 'planning', 'decision making']",['campaign management'],['campaign management']
"education: bachelor's in electrical engineering experience: 4 years skills: troubleshooting, electrical systems, business development, cad, power systems, circuit design, statistics, technical knowledge",electrical engineer,bachelor's in electrical engineering,engineering,bachelor's in electrical engineering,"['teamwork', 'problem solving', 'time management']","['problem solving', 'critical thinking', 'teamwork', 'time management']","['circuit design', 'cad', 'electrical systems']","['circuit design', 'cad', 'electrical systems']"
"education: ui certification experience: 2 years skills: visual design, creativity, confluence, security protocols, web design, pandas, prototyping tools, ui principles",ui designer,ui certification,creative_design,bachelor's in design,"['storytelling', 'attention to detail', 'adaptability']","['adaptability', 'storytelling', 'collaboration']","['web design', 'figma']",['figma']
"education: bachelor's in economics experience: 3 years skills: risk analysis, statistics, financial modeling, communication, valuation, excel, sql, python",financial analyst,bachelor's in economics,economy,bachelor's in finance,['risk analysis'],['risk analysis'],"['python', 'statistics', 'financial modeling', 'excel', 'valuation']","['python', 'statistics', 'financial modeling', 'excel', 'valuation']"
"education: associate in law experience: 1 years skills: time management, seo, communication, risk assessment, document preparation, legal knowledge, legal research, attention to detail",paralegal,associate in law,law_and_public_services,bachelor's in paralegal studies,"['analytical skills', 'ethics', 'responsibility']","['critical thinking', 'ethics', 'judgment', 'responsibility']","['document preparation', 'legal research']","['document preparation', 'legal research']"
"education: cpa experience: 5 years skills: user interface, azure, internal controls, risk assessment, swift, audit procedures, communication, agile",audit manager,accounting,economy,bachelor's in accounting,"['communication', 'strategic thinking', 'planning']","['strategic thinking', 'planning', 'decision making', 'communication']",['audit procedures'],['audit procedures']
"education: bachelor's in finance experience: 2 years skills: app testing, ansible, shell scripting, cassandra, valuation, excel, m&a, research",investment banking analyst,bachelor's in finance,economy,bachelor's in finance,"['negotiation', 'planning']","['business acumen', 'planning', 'communication']","['financial modeling', 'excel', 'valuation']","['financial modeling', 'excel', 'valuation']"
"education: bachelor's in electronics engineering experience: 2 years skills: swift, hardware design, security architecture, cad, microcontrollers, circuit design, embedded systems, pcb design",electronics engineer,bachelor's in electronics engineering,engineering,bachelor's in electronics engineering,"['problem solving', 'time management', 'attention to detail']","['precision', 'problem solving', 'time management']","['circuit design', 'pcb design', 'cad', 'embedded systems', 'microcontrollers']","['circuit design', 'pcb design', 'cad', 'embedded systems', 'microcontrollers']"
"education: bachelor's in chemical engineering experience: 2 years skills: process design, presentation skills, safety, chemical processes, thermochemistry, go, laboratory skills, shell scripting",chemical engineer,bachelor's in chemical engineering,engineering,bachelor's in chemical engineering,['data analysis'],['data analysis'],['process design'],['process design']
"education: bachelor's in finance experience: 4 years skills: valuation, ci/cd, mobile ui/ux, financial modeling, research, m&a, communication, excel",investment banking analyst,bachelor's in finance,economy,bachelor's in finance,"['business acumen', 'planning']","['business acumen', 'negotiation']","['financial modeling', 'excel', 'valuation']","['financial modeling', 'excel', 'valuation']"
"education: bachelor's in paralegal studies experience: 3 years skills: gcp, communication, organization, legal knowledge, legal research, html, document preparation, risk assessment",paralegal,bachelor's in paralegal studies,law_and_public_services,bachelor's in paralegal studies,"['responsibility', 'analytical skills', 'public speaking']","['public speaking', 'judgment']","['document preparation', 'legal research']","['document preparation', 'legal research']"
"education: engineering license experience: 4 years skills: machine learning, tableau, sql, problem solving, safety, management, leadership, p&l management",electrical utilities manager,engineering license,engineering,bachelor's in electrical engineering,"['problem solving', 'precision']","['problem solving', 'time management']",['electrical systems'],['electrical systems']
"education: bachelor's in computer engineering experience: 2 years skills: real-time systems, c/c++, django, microcontrollers, hardware, swift, low-level programming, embedded linux",embedded systems engineer,bachelor's in computer engineering,engineering,bachelor's in electronics engineering,"['time management', 'critical thinking']","['teamwork', 'time management']",['microcontrollers'],['microcontrollers']
"education: bachelor's in electrical engineering experience: 5 years skills: power systems, html, troubleshooting, kotlin, user experience, electrical systems, technical knowledge, cad",electrical engineer,bachelor's in electrical engineering,engineering,bachelor's in electrical engineering,"['time management', 'precision', 'critical thinking']","['precision', 'critical thinking', 'problem solving', 'time management']","['circuit design', 'cad', 'electrical systems']","['circuit design', 'cad', 'electrical systems']"
"education: bachelor's in aerospace engineering experience: 5 years skills: physics, scala, design, structural analysis, business development, c#, cad, matlab",aerospace engineer,bachelor's in aerospace engineering,engineering,bachelor's in aerospace engineering,['structural analysis'],['structural analysis'],"['cad', 'aerodynamics', 'matlab']","['cad', 'aerodynamics', 'matlab']"
"education: bachelor's in civil engineering experience: 2 years skills: technical design, user interface, project management, scala, structural analysis, autocad, strategic planning, market research",civil engineer,bachelor's in civil engineering,engineering,bachelor's in civil engineering,['structural analysis'],['structural analysis'],"['autocad', 'cad', 'building codes']","['autocad', 'building codes', 'cad']"
"education: bachelor's in 3d art experience: 4 years skills: 3d modeling, software skills, strategic planning, rendering, texturing, postgresql, problem solving, mobile ui/ux",3d artist,bachelor's in 3d art,creative_design,bachelor's in 3d art,"['adaptability', 'storytelling', 'collaboration']","['adaptability', 'communication']","['rendering', 'texturing', '3d modeling']","['3d modeling', 'rendering', 'texturing']"
"education: bachelor's in accounting experience: 4 years skills: tensorflow, react, excel, numpy, quickbooks, accounting principles, financial analysis, tax knowledge",accountant,bachelor's in accounting,economy,bachelor's in accounting,['financial analysis'],['financial analysis'],['excel'],['excel']
"education: bachelor's in communications experience: 4 years skills: statistics, project management, swift, research, query optimization, redis, analytics, content strategy",content marketing manager,bachelor's in communications,economy,bachelor's in marketing,"['negotiation', 'decision making']","['communication', 'decision making', 'negotiation']","['statistics', 'seo']",['seo']
"education: certification experience: 1 years skills: network security, creativity, software skills, 3d modeling, texturing, rendering, ci/cd, problem solving",3d artist,certification,creative_design,bachelor's in 3d art,"['communication', 'collaboration', 'attention to detail']","['adaptability', 'attention to detail', 'communication']","['rendering', 'texturing', '3d modeling']","['3d modeling', 'rendering', 'texturing']"
"education: bachelor's in paralegal studies experience: 4 years skills: graphic design, document preparation, communication, legal knowledge, attention to detail, leadership, organization, legal research",paralegal,bachelor's in paralegal studies,law_and_public_services,bachelor's in paralegal studies,"['critical thinking', 'judgment', 'public speaking']","['public speaking', 'analytical skills', 'critical thinking']","['document preparation', 'legal research']","['document preparation', 'legal research']"
"education: bachelor's in electrical engineering experience: 3 years skills: troubleshooting, circuit design, user interface, technical knowledge, ci/cd, electrical systems, technical writing, power systems",electrical engineer,bachelor's in electrical engineering,engineering,bachelor's in electrical engineering,"['teamwork', 'attention to detail', 'time management']","['time management', 'attention to detail']","['circuit design', 'cad', 'electrical systems']","['circuit design', 'cad', 'electrical systems']"
"education: bachelor's in biomedical engineering experience: 1 years skills: encryption, cad, p&l management, problem solving, budget management, technical design, biomedical systems, mongodb",biomedical engineer,bachelor's in biomedical engineering,engineering,bachelor's in biomedical engineering,"['critical thinking', 'problem solving']","['critical thinking', 'attention to detail']",['cad'],['cad']
"education: bachelor's in mechanical engineering experience: 4 years skills: problem solving, css, thermal systems, vehicle systems, network security, cad, testing, materials",automotive engineer,bachelor's in mechanical engineering,engineering,bachelor's in automotive engineering,"['problem solving', 'time management', 'critical thinking']","['problem solving', 'attention to detail']","['cad', 'thermal systems', 'vehicle systems']","['cad', 'vehicle systems', 'thermal systems']"
"education: bachelor's in civil engineering experience: 5 years skills: cad, calculations, critical thinking, building codes, materials, design, gcp, structural analysis",structural engineer,bachelor's in civil engineering,engineering,bachelor's in civil engineering,['structural analysis'],['structural analysis'],"['cad', 'building codes']","['cad', 'building codes']"
"education: bachelor's in paralegal studies experience: 0 years skills: sales, document preparation, marketing, legal research, organization, attention to detail, communication, user interface",paralegal,bachelor's in paralegal studies,law_and_public_services,bachelor's in paralegal studies,"['ethics', 'judgment']","['critical thinking', 'judgment', 'public speaking']","['document preparation', 'legal research']","['document preparation', 'legal research']"
"education: digital marketing certification experience: 4 years skills: sem, python, seo, social media, email marketing, analytics, marketing, vue.js",digital marketing manager,digital marketing certification,economy,bachelor's in marketing,"['communication', 'decision making', 'business acumen']","['strategic thinking', 'planning', 'communication']","['python', 'seo']",['seo']
"education: bachelor's in business experience: 3 years skills: account management, pandas, crm, negotiation, pytorch, relationship building, sales, product knowledge",account executive,bachelor's in business,economy,bachelor's in business,"['strategic thinking', 'decision making']","['strategic thinking', 'planning', 'decision making']",['crm'],['crm']
"education: bachelor's in electronics engineering experience: 1 years skills: embedded linux, r, kubernetes, teamwork, real-time systems, microcontrollers, c/c++, adobe creative suite",embedded systems engineer,bachelor's in electronics engineering,engineering,bachelor's in electronics engineering,"['precision', 'problem solving']","['precision', 'time management']",['microcontrollers'],['microcontrollers']
"education: bachelor's in accounting experience: 2 years skills: budget planning, excel, attention to detail, negotiation, communication, kanban, forecasting, financial analysis",budget analyst,bachelor's in accounting,economy,bachelor's in finance,"['budget planning', 'financial analysis']","['budget planning', 'financial analysis']",['excel'],['excel']
"education: bachelor's in finance experience: 1 years skills: marketing, financial analysis, excel, react native, risk assessment, budget planning, docker, forecasting",budget analyst,bachelor's in finance,economy,bachelor's in finance,"['budget planning', 'financial analysis']","['budget planning', 'financial analysis']",['excel'],['excel']
"education: associate in law experience: 3 years skills: document preparation, adaptability, legal knowledge, organization, strategic planning, attention to detail, legal research, microservices",paralegal,associate in law,law_and_public_services,bachelor's in paralegal studies,"['judgment', 'ethics']","['ethics', 'public speaking', 'judgment']","['document preparation', 'legal research']","['document preparation', 'legal research']"
"education: bachelor's in marketing experience: 2 years skills: security protocols, platform knowledge, swift, social media strategy, copywriting, numpy, marketing, community management",social media manager,bachelor's in marketing,economy,bachelor's in marketing,"['communication', 'planning', 'strategic thinking']","['strategic thinking', 'planning', 'decision making']",['copywriting'],['copywriting']
"education: bachelor's in marketing experience: 3 years skills: content creation, community management, platform knowledge, analytics, social media strategy, copywriting, power bi, presentation skills",social media manager,bachelor's in marketing,economy,bachelor's in marketing,"['business acumen', 'planning', 'communication']","['planning', 'negotiation', 'communication']",['copywriting'],['copywriting']
"education: bachelor's in civil engineering experience: 3 years skills: sql, mongodb, project management, building codes, technical design, structural analysis, graphic design, financial analysis",civil engineer,bachelor's in civil engineering,engineering,bachelor's in civil engineering,"['structural analysis', 'financial analysis']",['structural analysis'],"['autocad', 'cad', 'building codes']","['autocad', 'building codes', 'cad']"
"education: bachelor's in sales experience: 4 years skills: teamwork, pytorch, target setting, team leadership, crm, communication, sales strategy, r",sales manager,bachelor's in sales,economy,bachelor's in business,"['strategic thinking', 'communication']","['strategic thinking', 'planning', 'negotiation', 'communication']",['crm'],['crm']
"education: bachelor's in design experience: 4 years skills: aws, figma, security protocols, visual design, ui principles, prototyping tools, perl, database design",ui designer,bachelor's in design,creative_design,bachelor's in design,"['collaboration', 'storytelling', 'creativity']","['creativity', 'adaptability', 'collaboration', 'attention to detail']",['figma'],['figma']
"education: bachelor's in marketing experience: 5 years skills: android, product strategy, messaging, market research, scikit-learn, typescript, positioning, campaign management",product marketing manager,bachelor's in marketing,economy,bachelor's in marketing,"['planning', 'strategic thinking']","['planning', 'decision making', 'communication']",['campaign management'],['campaign management']
"education: seo certification experience: 1 years skills: analytics, keyword research, seo, user interface, technical seo, sql, backlink strategy, content optimization",seo specialist,seo certification,economy,bachelor's in marketing,"['planning', 'decision making', 'business acumen']","['business acumen', 'strategic thinking', 'planning', 'negotiation']",['seo'],['seo']
"education: bachelor's in marketing experience: 1 years skills: scala, risk assessment, analytics, copywriting, email campaign management, a/b testing, segmentation, automation platforms",email marketing specialist,bachelor's in marketing,economy,bachelor's in marketing,"['communication', 'business acumen']","['strategic thinking', 'planning', 'communication']",['copywriting'],['copywriting']
"education: bachelor's in accounting experience: 2 years skills: irs knowledge, compliance, security protocols, software, pandas, java, accounting, tax planning",tax specialist,bachelor's in accounting,economy,bachelor's in accounting,['tax planning'],['tax planning'],['accounting'],['accounting']
"education: bachelor's in automotive engineering experience: 2 years skills: encryption, vehicle systems, tensorflow, docker, thermal systems, market research, cad, materials",automotive engineer,bachelor's in automotive engineering,engineering,bachelor's in automotive engineering,"['time management', 'critical thinking']","['precision', 'teamwork', 'time management']","['vehicle systems', 'cad', 'thermal systems']","['cad', 'vehicle systems', 'thermal systems']"
"education: bachelor's in electronics engineering experience: 4 years skills: microservices, hardware, c/c++, low-level programming, microcontrollers, oracle, encryption, php",embedded systems engineer,bachelor's in electronics engineering,engineering,bachelor's in electronics engineering,"['attention to detail', 'time management']","['precision', 'time management', 'attention to detail']",['microcontrollers'],['microcontrollers']
"education: bachelor's in business experience: 1 years skills: campaign management, messaging, product strategy, numpy, positioning, market research, machine learning, cassandra",product marketing manager,bachelor's in business,economy,bachelor's in marketing,"['business acumen', 'planning', 'decision making']","['strategic thinking', 'planning', 'decision making']",['campaign management'],['campaign management']
"education: ux certification experience: 5 years skills: kotlin, graphql, communication, design thinking, user research, prototyping, wireframing, strategic planning",ux designer,ux certification,creative_design,bachelor's in design,"['attention to detail', 'adaptability', 'communication']","['adaptability', 'attention to detail']","['prototyping', 'wireframing']","['prototyping', 'wireframing']"
"education: cpa or equivalent experience: 0 years skills: javascript, encryption, excel, quickbooks, mysql, data analysis, user experience, financial analysis",accountant,accounting or equivalent,economy,bachelor's in accounting,"['financial analysis', 'data analysis']",['financial analysis'],['excel'],['excel']
"education: bachelor's in marketing experience: 3 years skills: user experience, serverless, seo, research, content strategy, financial analysis, security protocols, project management",content marketing manager,bachelor's in marketing,economy,bachelor's in marketing,['financial analysis'],"['planning', 'financial analysis', 'negotiation']",['seo'],['seo']
"education: bachelor's in electronics engineering experience: 4 years skills: cad, hardware design, pcb design, circuit design, react, embedded systems, mysql, microcontrollers",electronics engineer,bachelor's in electronics engineering,engineering,bachelor's in electronics engineering,"['critical thinking', 'attention to detail', 'precision']","['problem solving', 'time management', 'attention to detail']","['circuit design', 'pcb design', 'cad', 'embedded systems', 'microcontrollers']","['circuit design', 'pcb design', 'cad', 'embedded systems', 'microcontrollers']"
"education: bachelor's in business experience: 6 years skills: communication, sales strategy, team leadership, target setting, app testing, negotiation, perl, crm",sales manager,bachelor's in business,economy,bachelor's in business,"['decision making', 'negotiation', 'communication']","['strategic thinking', 'planning', 'decision making', 'negotiation']",['crm'],['crm']
"education: bachelor's in finance experience: 4 years skills: statistics, risk analysis, valuation, financial modeling, excel, vue.js, rust, kotlin",financial analyst,bachelor's in finance,economy,bachelor's in finance,['risk analysis'],['risk analysis'],"['python', 'statistics', 'financial modeling', 'excel', 'valuation']","['python', 'statistics', 'financial modeling', 'excel', 'valuation']"
"education: bachelor's in electronics engineering experience: 1 years skills: jenkins, circuit design, embedded systems, microcontrollers, pcb design, cad, hardware design, react",electronics engineer,bachelor's in electronics engineering,engineering,bachelor's in electronics engineering,"['attention to detail', 'time management', 'teamwork']","['teamwork', 'time management', 'attention to detail']","['circuit design', 'pcb design', 'cad', 'embedded systems', 'microcontrollers']","['circuit design', 'pcb design', 'cad', 'embedded systems', 'microcontrollers']"
"education: bachelor's in finance experience: 2 years skills: tableau, budget planning, communication, financial analysis, excel, forecasting, microservices, attention to detail",budget analyst,bachelor's in finance,economy,bachelor's in finance,"['budget planning', 'financial analysis']","['budget planning', 'financial analysis']",['excel'],['excel']
"education: bachelor's in 3d art experience: 4 years skills: software skills, 3d modeling, css, creativity, angular, texturing, rendering, problem solving",3d artist,bachelor's in 3d art,creative_design,bachelor's in 3d art,"['communication', 'creativity']","['attention to detail', 'communication']","['rendering', 'texturing', '3d modeling']","['3d modeling', 'rendering', 'texturing']"
"education: bachelor's in aerospace engineering experience: 5 years skills: matlab, structural analysis, technical writing, ansible, presentation skills, docker, design, aerodynamics",aerospace engineer,bachelor's in aerospace engineering,engineering,bachelor's in aerospace engineering,['structural analysis'],['structural analysis'],"['cad', 'aerodynamics', 'matlab']","['cad', 'aerodynamics', 'matlab']"
"education: bachelor's in accounting experience: 5 years skills: risk assessment, audit procedures, compliance, app testing, html, internal controls, communication, leadership",audit manager,bachelor's in accounting,economy,bachelor's in accounting,"['decision making', 'strategic thinking', 'business acumen']","['business acumen', 'strategic thinking']",['audit procedures'],['audit procedures']
"education: bachelor's in marketing experience: 2 years skills: positioning, market research, prototyping, go, messaging, analytics, rust, campaign management",product marketing manager,bachelor's in marketing,economy,bachelor's in marketing,"['communication', 'planning', 'business acumen']","['business acumen', 'negotiation', 'communication']",['campaign management'],['campaign management']
"education: bachelor's in communications experience: 4 years skills: community management, content creation, platform knowledge, serverless, p&l management, azure, analytics, copywriting",social media manager,bachelor's in communications,economy,bachelor's in marketing,"['business acumen', 'communication']","['business acumen', 'planning', 'negotiation', 'communication']",['copywriting'],['copywriting']
"education: bachelor's in marketing experience: 1 years skills: analytics, email marketing, query optimization, shell scripting, social media, seo, sem, content strategy",digital marketing manager,bachelor's in marketing,economy,bachelor's in marketing,"['communication', 'decision making', 'business acumen']","['strategic thinking', 'decision making']",['seo'],['seo']
"education: certification experience: 3 years skills: gcp, java, rendering, texturing, creativity, statistics, 3d modeling, power bi",3d artist,certification,creative_design,bachelor's in 3d art,"['communication', 'attention to detail', 'adaptability']","['adaptability', 'storytelling', 'collaboration', 'communication']","['rendering', '3d modeling', 'texturing']","['3d modeling', 'rendering', 'texturing']"
"education: certification experience: 1 years skills: software skills, 3d modeling, azure, problem solving, time management, statistics, confluence, texturing",3d artist,certification,creative_design,bachelor's in 3d art,"['creativity', 'adaptability', 'communication']","['adaptability', 'attention to detail']","['rendering', 'texturing', '3d modeling']","['3d modeling', 'rendering', 'texturing']"
"education: bachelor's in electronics engineering experience: 1 years skills: pcb design, cad, circuit design, microcontrollers, hardware design, machine learning, embedded systems, risk assessment",electronics engineer,bachelor's in electronics engineering,engineering,bachelor's in electronics engineering,"['problem solving', 'precision', 'critical thinking']","['problem solving', 'teamwork', 'critical thinking']","['circuit design', 'pcb design', 'cad', 'embedded systems', 'microcontrollers']","['circuit design', 'pcb design', 'cad', 'embedded systems', 'microcontrollers']"
"education: bachelor's in automotive engineering experience: 4 years skills: c#, marketing, jira, thermal systems, vehicle systems, cad, problem solving, materials",automotive engineer,bachelor's in automotive engineering,engineering,bachelor's in automotive engineering,"['teamwork', 'problem solving']","['time management', 'teamwork', 'critical thinking']","['cad', 'thermal systems', 'vehicle systems']","['cad', 'vehicle systems', 'thermal systems']"
"education: bachelor's in accounting experience: 2 years skills: mobile security, irs knowledge, compliance, tax law, software, microservices, accounting, tax planning",tax specialist,bachelor's in accounting,economy,bachelor's in accounting,['tax planning'],['tax planning'],['accounting'],['accounting']
"education: bachelor's in business experience: 3 years skills: market research, positioning, docker, analytics, adaptability, product strategy, scikit-learn, messaging",product marketing manager,bachelor's in business,economy,bachelor's in marketing,"['planning', 'communication']","['strategic thinking', 'planning', 'communication']",['campaign management'],['campaign management']
"education: bachelor's in business experience: 1 years skills: relationship building, crm, graphic design, account management, negotiation, product knowledge, vue.js, azure",account executive,bachelor's in business,economy,bachelor's in business,"['communication', 'decision making', 'strategic thinking']","['business acumen', 'strategic thinking', 'planning', 'decision making']",['crm'],['crm']
"education: bachelor's in electrical engineering experience: 4 years skills: technical knowledge, compliance, cad, power systems, troubleshooting, market research, electrical systems, circuit design",electrical engineer,bachelor's in electrical engineering,engineering,bachelor's in electrical engineering,"['time management', 'teamwork']","['precision', 'critical thinking', 'teamwork', 'time management']","['circuit design', 'cad', 'electrical systems']","['circuit design', 'cad', 'electrical systems']"
"education: cpa experience: 7 years skills: react, html, graphic design, php, compliance, leadership, risk assessment, communication",audit manager,accounting,economy,bachelor's in accounting,"['communication', 'decision making']","['strategic thinking', 'planning', 'decision making', 'communication']",['audit procedures'],['audit procedures']
"education: bachelor's in 3d art experience: 0 years skills: problem solving, texturing, creativity, adaptability, tensorflow, kotlin, rendering, software skills",3d artist,bachelor's in 3d art,creative_design,bachelor's in 3d art,"['adaptability', 'collaboration', 'attention to detail']","['adaptability', 'collaboration']","['rendering', 'texturing', '3d modeling']","['3d modeling', 'rendering', 'texturing']"
"education: associate in law experience: 4 years skills: time management, document preparation, business acumen, organization, legal research, legal knowledge, communication, attention to detail",paralegal,associate in law,law_and_public_services,bachelor's in paralegal studies,['business acumen'],"['business acumen', 'ethics']","['document preparation', 'legal research']","['document preparation', 'legal research']"
"education: web design certification experience: 0 years skills: responsive design, problem solving, html/css, adobe creative suite, design tools, user experience, creativity, ci/cd",web designer,web design certification,creative_design,bachelor's in design,"['creativity', 'communication', 'adaptability']","['creativity', 'adaptability', 'collaboration', 'communication']","['responsive design', 'adobe creative suite', 'web design']","['responsive design', 'web design']"
"education: bachelor's in business experience: 2 years skills: market research, product strategy, mongodb, prototyping, creativity, statistics, microservices, campaign management",product marketing manager,bachelor's in business,economy,bachelor's in marketing,"['decision making', 'business acumen']","['business acumen', 'strategic thinking', 'decision making']","['statistics', 'campaign management']",['campaign management']
"education: bachelor's in finance experience: 2 years skills: valuation, research, jenkins, c#, excel, m&a, react, financial modeling",investment banking analyst,bachelor's in finance,economy,bachelor's in finance,"['business acumen', 'planning']","['business acumen', 'planning', 'decision making']","['financial modeling', 'excel', 'valuation']","['financial modeling', 'excel', 'valuation']"
"education: certification experience: 0 years skills: creativity, problem solving, 3d modeling, rendering, prototyping, software skills, flutter, texturing",3d artist,certification,creative_design,bachelor's in 3d art,"['storytelling', 'adaptability']","['creativity', 'adaptability', 'storytelling']","['rendering', 'prototyping', 'texturing', '3d modeling']","['3d modeling', 'rendering', 'texturing']"
"education: bachelor's in business experience: 2 years skills: r, product knowledge, crm, rest api, negotiation, mentoring, typescript, selling",sales executive,bachelor's in business,economy,bachelor's in business,"['planning', 'communication']","['strategic thinking', 'communication']",['crm'],['crm']
"education: bachelor's in civil engineering experience: 2 years skills: leadership, structural analysis, perl, design, calculations, go, building codes, cad",structural engineer,bachelor's in civil engineering,engineering,bachelor's in civil engineering,['structural analysis'],['structural analysis'],"['cad', 'building codes']","['cad', 'building codes']"
"education: bachelor's in finance experience: 2 years skills: budget planning, attention to detail, financial analysis, forecasting, excel, web accessibility, communication, ruby",budget analyst,bachelor's in finance,economy,bachelor's in finance,"['budget planning', 'financial analysis']","['budget planning', 'financial analysis']",['excel'],['excel']
"education: bachelor's in aerospace engineering experience: 1 years skills: design, matlab, javascript, cad, aerodynamics, physics, swift, nosql",aerospace engineer,bachelor's in aerospace engineering,engineering,bachelor's in aerospace engineering,['structural analysis'],['structural analysis'],"['cad', 'aerodynamics', 'matlab']","['cad', 'aerodynamics', 'matlab']"
"education: bachelor's in chemical engineering experience: 2 years skills: safety, laboratory skills, postgresql, chemical processes, process design, data analysis, user experience, thermochemistry",chemical engineer,bachelor's in chemical engineering,engineering,bachelor's in chemical engineering,['data analysis'],['data analysis'],['process design'],['process design']
"education: design certification experience: 1 years skills: design software, swift, jira, ci/cd, attention to detail, adobe creative suite, visual communication, branding",graphic designer,design certification,creative_design,bachelor's in graphic design,"['storytelling', 'adaptability']","['adaptability', 'communication']",['adobe creative suite'],['adobe creative suite']
"education: bachelor's in electronics engineering experience: 4 years skills: circuit design, microcontrollers, cad, swift, embedded systems, pcb design, oracle, hardware design",electronics engineer,bachelor's in electronics engineering,engineering,bachelor's in electronics engineering,"['problem solving', 'teamwork', 'time management']","['problem solving', 'teamwork', 'time management', 'attention to detail']","['circuit design', 'pcb design', 'cad', 'embedded systems', 'microcontrollers']","['circuit design', 'pcb design', 'cad', 'embedded systems', 'microcontrollers']"
"education: bachelor's in electronics engineering experience: 3 years skills: mobile security, microcontrollers, embedded systems, hardware design, cad, circuit design, azure, market research",electronics engineer,bachelor's in electronics engineering,engineering,bachelor's in electronics engineering,"['problem solving', 'critical thinking']","['critical thinking', 'attention to detail']","['circuit design', 'pcb design', 'cad', 'embedded systems', 'microcontrollers']","['circuit design', 'pcb design', 'cad', 'embedded systems', 'microcontrollers']"
"education: bachelor's in chemical engineering experience: 2 years skills: thermochemistry, graphic design, pandas, safety, data analysis, laboratory skills, process design, chemical processes",chemical engineer,bachelor's in chemical engineering,engineering,bachelor's in chemical engineering,['data analysis'],['data analysis'],['process design'],['process design']
"education: bachelor's in finance experience: 3 years skills: risk analysis, tensorflow, valuation, python, statistics, aws, machine learning, financial modeling",financial analyst,bachelor's in finance,economy,bachelor's in finance,['risk analysis'],['risk analysis'],"['python', 'statistics', 'financial modeling', 'excel', 'valuation']","['python', 'statistics', 'financial modeling', 'excel', 'valuation']"
"education: certification experience: 2 years skills: 3d modeling, creativity, software skills, problem solving, node.js, cloudformation, firewalls, adaptability",3d artist,certification,creative_design,bachelor's in 3d art,"['storytelling', 'adaptability', 'communication']","['adaptability', 'storytelling', 'communication']","['rendering', 'texturing', '3d modeling']","['3d modeling', 'rendering', 'texturing']"
"education: bachelor's in business experience: 2 years skills: web design, campaign management, brand strategy, leadership, communication, analytics, budget management, oracle",marketing manager,bachelor's in business,economy,bachelor's in marketing,"['strategic thinking', 'negotiation', 'decision making']","['business acumen', 'strategic thinking', 'planning', 'decision making']","['brand strategy', 'campaign management']","['campaign management', 'brand strategy']"
"education: bachelor's in electrical engineering experience: 3 years skills: power systems, technical knowledge, cad, circuit design, css, electrical systems, troubleshooting, graphql",electrical engineer,bachelor's in electrical engineering,engineering,bachelor's in electrical engineering,"['precision', 'attention to detail', 'problem solving']","['precision', 'teamwork', 'problem solving', 'attention to detail']","['circuit design', 'cad', 'electrical systems']","['circuit design', 'cad', 'electrical systems']"
"education: bachelor's in biomedical engineering experience: 5 years skills: cad, technical design, regulatory knowledge, budget management, microservices, medical devices, problem solving, app testing",biomedical engineer,bachelor's in biomedical engineering,engineering,bachelor's in biomedical engineering,"['critical thinking', 'problem solving']","['problem solving', 'teamwork', 'critical thinking', 'precision']",['cad'],['cad']
"education: bachelor's in design experience: 2 years skills: mentoring, ui principles, creativity, visual design, design systems, prototyping tools, documentation, rest api",ui designer,bachelor's in design,creative_design,bachelor's in design,"['collaboration', 'attention to detail']","['communication', 'collaboration', 'attention to detail']",['figma'],['figma']
"education: bachelor's in economics experience: 4 years skills: valuation, python, risk assessment, statistics, angular, kotlin, user interface, financial modeling",financial analyst,bachelor's in economics,economy,bachelor's in finance,['risk analysis'],['risk analysis'],"['python', 'statistics', 'financial modeling', 'excel', 'valuation']","['python', 'statistics', 'financial modeling', 'excel', 'valuation']"
"education: ux certification experience: 3 years skills: communication, rest api, compliance, user research, prototyping, design thinking, wireframing, usability testing",ux designer,ux certification,creative_design,bachelor's in design,"['creativity', 'communication', 'storytelling']","['creativity', 'storytelling', 'communication']","['prototyping', 'wireframing']","['prototyping', 'wireframing']"
"education: bachelor's in finance experience: 1 years skills: budget planning, strategic planning, excel, forecasting, scikit-learn, financial analysis, marketing, communication",budget analyst,bachelor's in finance,economy,bachelor's in finance,"['budget planning', 'financial analysis']","['budget planning', 'financial analysis']",['excel'],['excel']
"education: bachelor's in marketing experience: 0 years skills: keyword research, analytics, numpy, technical seo, terraform, c#, backlink strategy, content optimization",seo specialist,bachelor's in marketing,economy,bachelor's in marketing,"['business acumen', 'strategic thinking']","['business acumen', 'strategic thinking', 'communication']",['seo'],['seo']
"education: bachelor's in design experience: 5 years skills: communication, usability testing, prototyping, user research, design thinking, azure, numpy, wireframing",ux designer,bachelor's in design,creative_design,bachelor's in design,"['collaboration', 'attention to detail']","['collaboration', 'communication']","['prototyping', 'wireframing']","['prototyping', 'wireframing']"
"education: bachelor's in aerospace engineering experience: 5 years skills: aerodynamics, numpy, scikit-learn, deep learning, structural analysis, cad, design, matlab",aerospace engineer,bachelor's in aerospace engineering,engineering,bachelor's in aerospace engineering,['structural analysis'],['structural analysis'],"['cad', 'aerodynamics', 'matlab']","['cad', 'aerodynamics', 'matlab']"
"education: bachelor's in business experience: 4 years skills: budget management, brand strategy, leadership, communication, shell scripting, cassandra, analytics, campaign management",marketing manager,bachelor's in business,economy,bachelor's in marketing,"['strategic thinking', 'planning', 'negotiation']","['planning', 'negotiation']","['brand strategy', 'campaign management']","['campaign management', 'brand strategy']"
"education: bachelor's in business experience: 5 years skills: negotiation, machine learning, project management, typescript, communication, problem solving, team leadership, sales strategy",sales manager,bachelor's in business,economy,bachelor's in business,"['business acumen', 'decision making']","['strategic thinking', 'decision making', 'communication']",['crm'],['crm']
"education: bachelor's in finance experience: 5 years skills: financial modeling, adaptability, database design, research, m&a, excel, communication, scala",investment banking analyst,bachelor's in finance,economy,bachelor's in finance,"['negotiation', 'decision making']","['communication', 'decision making', 'negotiation']","['financial modeling', 'excel', 'valuation']","['financial modeling', 'excel', 'valuation']"
"education: bachelor's in accounting experience: 1 years skills: irs knowledge, software, compliance, scala, accounting, statistics, react native, tax planning",tax specialist,bachelor's in accounting,economy,bachelor's in accounting,['tax planning'],['tax planning'],"['statistics', 'accounting']",['accounting']
"education: bachelor's in mechanical engineering experience: 4 years skills: vehicle systems, problem solving, kubernetes, security protocols, materials, thermal systems, cad, sql",automotive engineer,bachelor's in mechanical engineering,engineering,bachelor's in automotive engineering,"['precision', 'problem solving']","['precision', 'teamwork']","['vehicle systems', 'cad', 'thermal systems']","['cad', 'vehicle systems', 'thermal systems']"
"education: bachelor's in marketing experience: 3 years skills: web accessibility, technical seo, content optimization, backlink strategy, analytics, keyword research, seo, financial analysis",seo specialist,bachelor's in marketing,economy,bachelor's in marketing,['financial analysis'],"['business acumen', 'financial analysis']",['seo'],['seo']
"education: bachelor's in design experience: 2 years skills: seo, responsive design, mongodb, compliance, go, user experience, creativity, html/css",web designer,bachelor's in design,creative_design,bachelor's in design,"['adaptability', 'attention to detail']","['creativity', 'adaptability', 'attention to detail']","['responsive design', 'web design']","['responsive design', 'web design']"
"education: cpa or tax certification experience: 4 years skills: c++, tax planning, irs knowledge, accounting, security architecture, jenkins, compliance, tax law",tax specialist,accounting or tax certification,economy,bachelor's in accounting,['tax planning'],['tax planning'],['accounting'],['accounting']
"education: bachelor's in electronics engineering experience: 3 years skills: cad, embedded systems, adobe creative suite, pcb design, circuit design, microcontrollers, jira, hardware design",electronics engineer,bachelor's in electronics engineering,engineering,bachelor's in electronics engineering,"['precision', 'attention to detail']","['precision', 'attention to detail']","['circuit design', 'pcb design', 'cad', 'embedded systems', 'microcontrollers']","['circuit design', 'pcb design', 'cad', 'embedded systems', 'microcontrollers']"
"education: bachelor's in marketing experience: 0 years skills: analytics, perl, copywriting, email campaign management, business acumen, a/b testing, css, automation platforms",email marketing specialist,bachelor's in marketing,economy,bachelor's in marketing,['business acumen'],"['business acumen', 'strategic thinking', 'negotiation']",['copywriting'],['copywriting']
"education: bachelor's in business experience: 2 years skills: team leadership, mobile security, sales strategy, communication, target setting, leadership, crm, negotiation",sales manager,bachelor's in business,economy,bachelor's in business,"['strategic thinking', 'negotiation', 'planning']","['communication', 'strategic thinking', 'negotiation']",['crm'],['crm']
"education: bachelor's in marketing experience: 3 years skills: ansible, automation platforms, copywriting, analytics, segmentation, email campaign management, web design, mobile ui/ux",email marketing specialist,bachelor's in marketing,economy,bachelor's in marketing,"['strategic thinking', 'negotiation', 'business acumen']","['strategic thinking', 'negotiation']",['copywriting'],['copywriting']
"education: bachelor's in design experience: 3 years skills: design systems, scrum, postgresql, visual design, creativity, marketing, numpy, mentoring",ui designer,bachelor's in design,creative_design,bachelor's in design,"['communication', 'creativity', 'adaptability']","['storytelling', 'communication']",['figma'],['figma']
"education: design certification experience: 2 years skills: adobe creative suite, business acumen, creativity, tableau, javascript, design software, branding, project management",graphic designer,design certification,creative_design,bachelor's in graphic design,['business acumen'],"['business acumen', 'storytelling', 'communication']",['adobe creative suite'],['adobe creative suite']
"education: bachelor's in mechanical engineering experience: 5 years skills: vehicle systems, cad, problem solving, testing, redis, thermal systems, statistics, cloudformation",automotive engineer,bachelor's in mechanical engineering,engineering,bachelor's in automotive engineering,"['problem solving', 'time management', 'critical thinking']","['problem solving', 'time management', 'precision']","['cad', 'vehicle systems', 'thermal systems']","['cad', 'vehicle systems', 'thermal systems']"
"education: bachelor's in design experience: 4 years skills: ui principles, tensorflow, prototyping tools, creativity, figma, responsive design, design systems, compliance",ui designer,bachelor's in design,creative_design,bachelor's in design,"['attention to detail', 'adaptability', 'storytelling']","['adaptability', 'storytelling']","['responsive design', 'figma']",['figma']
"education: bachelor's in marketing experience: 3 years skills: numpy, project management, tableau, content strategy, writing, wireframing, research, analytics",content marketing manager,bachelor's in marketing,economy,bachelor's in marketing,"['negotiation', 'strategic thinking', 'decision making']","['business acumen', 'decision making', 'negotiation']",['seo'],['seo']
"education: bachelor's in marketing experience: 5 years skills: analytics, brand strategy, critical thinking, leadership, communication, budget management, campaign management, pytorch",marketing manager,bachelor's in marketing,economy,bachelor's in marketing,"['decision making', 'business acumen', 'strategic thinking']","['business acumen', 'planning', 'decision making', 'communication']","['brand strategy', 'campaign management']","['campaign management', 'brand strategy']"
"education: cpa or equivalent experience: 1 years skills: excel, typescript, ci/cd, gaap, scala, user experience, tax knowledge, accounting principles",accountant,accounting or equivalent,economy,bachelor's in accounting,['financial analysis'],['financial analysis'],['excel'],['excel']
"education: bachelor's in electrical engineering experience: 6 years skills: regulatory knowledge, management, electrical systems, css, safety, problem solving, leadership, c++",electrical utilities manager,bachelor's in electrical engineering,engineering,bachelor's in electrical engineering,"['critical thinking', 'precision', 'teamwork']","['problem solving', 'teamwork']",['electrical systems'],['electrical systems']
"education: bachelor's in business experience: 4 years skills: crm, jenkins, css, ios, ci/cd, communication, security protocols, team leadership",sales manager,bachelor's in business,economy,bachelor's in business,"['communication', 'decision making', 'strategic thinking']","['strategic thinking', 'negotiation']",['crm'],['crm']
"education: cpa or equivalent experience: 1 years skills: database design, tensorflow, excel, ruby, gaap, tax knowledge, quickbooks, accounting principles",accountant,accounting or equivalent,economy,bachelor's in accounting,['financial analysis'],['financial analysis'],['excel'],['excel']
"education: bachelor's in civil engineering experience: 2 years skills: cad, technical design, autocad, leadership, building codes, creativity, structural analysis, ansible",civil engineer,bachelor's in civil engineering,engineering,bachelor's in civil engineering,['structural analysis'],['structural analysis'],"['autocad', 'cad', 'building codes']","['autocad', 'building codes', 'cad']"
"education: cpa experience: 5 years skills: audit procedures, javascript, risk assessment, leadership, internal controls, power bi, html, communication",audit manager,accounting,economy,bachelor's in accounting,"['decision making', 'negotiation', 'communication']","['planning', 'decision making', 'negotiation', 'communication']",['audit procedures'],['audit procedures']
"education: cpa or equivalent experience: 0 years skills: c++, ios, java, gaap, accounting principles, quickbooks, tax knowledge, business acumen",accountant,accounting or equivalent,economy,bachelor's in accounting,"['business acumen', 'financial analysis']",['financial analysis'],['excel'],['excel']
"education: bachelor's in business experience: 4 years skills: campaign management, tensorflow, analytics, communication, budget management, leadership, perl, brand strategy",marketing manager,bachelor's in business,economy,bachelor's in marketing,"['strategic thinking', 'business acumen', 'negotiation']","['business acumen', 'planning', 'decision making', 'negotiation']","['brand strategy', 'campaign management']","['campaign management', 'brand strategy']"
"education: bachelor's in finance experience: 1 years skills: excel, budget planning, financial analysis, typescript, kubernetes, business development, communication, adobe creative suite",budget analyst,bachelor's in finance,economy,bachelor's in finance,"['budget planning', 'financial analysis']","['budget planning', 'financial analysis']",['excel'],['excel']
"education: bachelor's in communications experience: 2 years skills: seo, content strategy, app testing, shell scripting, writing, responsive design, analytics, project management",content marketing manager,bachelor's in communications,economy,bachelor's in marketing,"['decision making', 'communication', 'negotiation']","['communication', 'planning', 'decision making', 'negotiation']",['seo'],['seo']
"education: bachelor's in mechanical engineering experience: 4 years skills: decision making, critical thinking, problem solving, cad, production planning, process design, flask, budget management",manufacturing engineer,bachelor's in mechanical engineering,engineering,bachelor's in manufacturing engineering,['production planning'],['production planning'],"['process design', 'cad']","['cad', 'process design']"
"education: certification experience: 2 years skills: rendering, creativity, swift, sql, software skills, 3d modeling, figma, problem solving",3d artist,certification,creative_design,bachelor's in 3d art,"['attention to detail', 'creativity']","['creativity', 'communication', 'attention to detail']","['rendering', 'texturing', '3d modeling', 'figma']","['3d modeling', 'rendering', 'texturing']"
"education: bachelor's in 3d art experience: 0 years skills: creativity, texturing, problem solving, redis, software skills, rendering, marketing, 3d modeling",3d artist,bachelor's in 3d art,creative_design,bachelor's in 3d art,"['attention to detail', 'collaboration', 'creativity']","['creativity', 'adaptability', 'collaboration', 'attention to detail']","['rendering', 'texturing', '3d modeling']","['3d modeling', 'rendering', 'texturing']"
"education: bachelor's in marketing experience: 4 years skills: analytics, typescript, research, content strategy, writing, creativity, rust, seo",content marketing manager,bachelor's in marketing,economy,bachelor's in marketing,"['decision making', 'negotiation']","['strategic thinking', 'planning', 'decision making']",['seo'],['seo']
"education: bachelor's in mechanical engineering experience: 0 years skills: technical documentation, mechanical design, react, thermodynamics, ios, problem solving, physics, mobile security",mechanical engineer,bachelor's in mechanical engineering,engineering,bachelor's in mechanical engineering,"['critical thinking', 'attention to detail', 'problem solving']","['problem solving', 'teamwork', 'critical thinking', 'attention to detail']",['cad'],['cad']
"education: bachelor's in electronics engineering experience: 4 years skills: flask, project management, hardware design, embedded systems, cad, microcontrollers, pcb design, jenkins",electronics engineer,bachelor's in electronics engineering,engineering,bachelor's in electronics engineering,"['critical thinking', 'teamwork']","['precision', 'teamwork', 'critical thinking']","['pcb design', 'circuit design', 'cad', 'embedded systems', 'microcontrollers']","['circuit design', 'pcb design', 'cad', 'embedded systems', 'microcontrollers']"
"education: bachelor's in design experience: 1 years skills: design tools, html/css, web design, adaptability, serverless, pytorch, microservices, leadership",web designer,bachelor's in design,creative_design,bachelor's in design,"['attention to detail', 'creativity']","['creativity', 'adaptability', 'collaboration', 'attention to detail']","['responsive design', 'web design']","['responsive design', 'web design']"
"education: bachelor's in mechanical engineering experience: 4 years skills: ansible, cad, production planning, quality control, process design, problem solving, equipment knowledge, marketing",manufacturing engineer,bachelor's in mechanical engineering,engineering,bachelor's in manufacturing engineering,['production planning'],['production planning'],"['process design', 'cad']","['cad', 'process design']"
"education: bachelor's in finance experience: 2 years skills: communication, c++, research, excel, m&a, python, valuation, financial modeling",investment banking analyst,bachelor's in finance,economy,bachelor's in finance,"['negotiation', 'business acumen', 'communication']","['decision making', 'communication']","['python', 'financial modeling', 'excel', 'valuation']","['financial modeling', 'excel', 'valuation']"
"education: bachelor's in accounting experience: 3 years skills: excel, quickbooks, numpy, negotiation, gaap, accounting principles, tax knowledge, financial analysis",accountant,bachelor's in accounting,economy,bachelor's in accounting,['financial analysis'],['financial analysis'],['excel'],['excel']
"education: bachelor's in communications experience: 5 years skills: project management, analytics, research, content strategy, writing, user interface, seo, marketing",content marketing manager,bachelor's in communications,economy,bachelor's in marketing,"['planning', 'strategic thinking']","['business acumen', 'planning', 'negotiation']",['seo'],['seo']
"education: bachelor's in aerospace engineering experience: 4 years skills: structural analysis, physics, react native, cad, react, mongodb, user interface, css",aerospace engineer,bachelor's in aerospace engineering,engineering,bachelor's in aerospace engineering,['structural analysis'],['structural analysis'],"['cad', 'aerodynamics', 'matlab']","['cad', 'aerodynamics', 'matlab']"
"education: bachelor's in accounting experience: 5 years skills: risk assessment, compliance, leadership, communication, audit procedures, internal controls, problem solving, ci/cd",audit manager,bachelor's in accounting,economy,bachelor's in accounting,"['planning', 'business acumen']","['business acumen', 'strategic thinking', 'planning', 'negotiation']",['audit procedures'],['audit procedures']
"education: bachelor's in marketing experience: 3 years skills: campaign management, brand strategy, budget management, leadership, javascript, shell scripting, compliance, analytics",marketing manager,bachelor's in marketing,economy,bachelor's in marketing,"['planning', 'negotiation']","['strategic thinking', 'negotiation']","['brand strategy', 'campaign management']","['campaign management', 'brand strategy']"
"education: bachelor's in paralegal studies experience: 2 years skills: creativity, python, jira, attention to detail, power bi, database design, organization, communication",paralegal,bachelor's in paralegal studies,law_and_public_services,bachelor's in paralegal studies,"['critical thinking', 'responsibility']","['ethics', 'critical thinking', 'responsibility']","['document preparation', 'legal research']","['document preparation', 'legal research']"
"education: associate in law experience: 0 years skills: legal knowledge, business development, organization, document preparation, communication, legal research, project management, ansible",paralegal,associate in law,law_and_public_services,bachelor's in paralegal studies,['business acumen'],"['business acumen', 'analytical skills', 'critical thinking']","['document preparation', 'legal research']","['document preparation', 'legal research']"
"education: cpa experience: 6 years skills: redis, compliance, internal controls, financial analysis, communication, rest api, risk assessment, leadership",audit manager,accounting,economy,bachelor's in accounting,['financial analysis'],"['business acumen', 'financial analysis', 'negotiation']",['audit procedures'],['audit procedures']
"education: cpa or tax certification experience: 4 years skills: pytorch, tax law, ansible, software, compliance, accounting, tax planning, database design",tax specialist,accounting or tax certification,economy,bachelor's in accounting,['tax planning'],['tax planning'],['accounting'],['accounting']
"education: bachelor's in mechanical engineering experience: 3 years skills: market research, machine learning, thermal systems, firewalls, testing, problem solving, materials, vehicle systems",automotive engineer,bachelor's in mechanical engineering,engineering,bachelor's in automotive engineering,"['attention to detail', 'time management']","['problem solving', 'teamwork', 'attention to detail']","['vehicle systems', 'cad', 'thermal systems']","['cad', 'vehicle systems', 'thermal systems']"
"education: bachelor's in electronics engineering experience: 0 years skills: embedded systems, redis, hardware design, circuit design, pcb design, query optimization, cad, ruby",electronics engineer,bachelor's in electronics engineering,engineering,bachelor's in electronics engineering,"['critical thinking', 'attention to detail', 'precision']","['precision', 'time management', 'critical thinking', 'attention to detail']","['circuit design', 'pcb design', 'cad', 'embedded systems', 'microcontrollers']","['circuit design', 'pcb design', 'cad', 'embedded systems', 'microcontrollers']"
"education: bachelor's in mechanical engineering experience: 3 years skills: equipment knowledge, aws, process design, sql, cad, mobile security, problem solving, quality control",manufacturing engineer,bachelor's in mechanical engineering,engineering,bachelor's in manufacturing engineering,['production planning'],['production planning'],"['process design', 'cad']","['cad', 'process design']"
"education: bachelor's in business experience: 0 years skills: scikit-learn, selling, negotiation, communication, project management, scrum, client relationships, crm",sales executive,bachelor's in business,economy,bachelor's in business,"['communication', 'decision making', 'business acumen']","['business acumen', 'planning', 'decision making', 'communication']",['crm'],['crm']
"education: bachelor's in finance experience: 3 years skills: research, go, query optimization, m&a, communication, valuation, excel, financial modeling",investment banking analyst,bachelor's in finance,economy,bachelor's in finance,"['strategic thinking', 'decision making', 'negotiation']","['planning', 'decision making', 'negotiation']","['financial modeling', 'excel', 'valuation']","['financial modeling', 'excel', 'valuation']"
"education: certification experience: 4 years skills: p&l management, negotiation, software skills, confluence, 3d modeling, rendering, problem solving, nosql",3d artist,certification,creative_design,bachelor's in 3d art,"['storytelling', 'adaptability', 'collaboration']","['creativity', 'adaptability', 'storytelling', 'collaboration']","['rendering', 'texturing', '3d modeling']","['3d modeling', 'rendering', 'texturing']"
"education: bachelor's in civil engineering experience: 3 years skills: building codes, cad, project management, structural analysis, technical design, critical thinking, security protocols, autocad",civil engineer,bachelor's in civil engineering,engineering,bachelor's in civil engineering,['structural analysis'],['structural analysis'],"['autocad', 'cad', 'building codes']","['autocad', 'building codes', 'cad']"
"education: bachelor's in aerospace engineering experience: 5 years skills: cassandra, cad, matlab, compliance, design, power bi, structural analysis, aerodynamics",aerospace engineer,bachelor's in aerospace engineering,engineering,bachelor's in aerospace engineering,['structural analysis'],['structural analysis'],"['cad', 'aerodynamics', 'matlab']","['cad', 'aerodynamics', 'matlab']"
"education: digital marketing certification experience: 4 years skills: social media, seo, email marketing, content strategy, penetration testing, python, sem, redis",digital marketing manager,digital marketing certification,economy,bachelor's in marketing,"['decision making', 'business acumen', 'negotiation']","['business acumen', 'strategic thinking', 'decision making', 'communication']","['python', 'seo']",['seo']
"education: bachelor's in electrical engineering experience: 4 years skills: scala, firewalls, power systems, troubleshooting, pytorch, electrical systems, security architecture, database design",electrical engineer,bachelor's in electrical engineering,engineering,bachelor's in electrical engineering,"['time management', 'critical thinking', 'precision']","['precision', 'critical thinking', 'time management', 'attention to detail']","['circuit design', 'cad', 'electrical systems']","['circuit design', 'cad', 'electrical systems']"
"education: bachelor's in business experience: 2 years skills: client relationships, communication, crm, jenkins, postgresql, selling, responsive design, negotiation",sales executive,bachelor's in business,economy,bachelor's in business,"['decision making', 'communication']","['strategic thinking', 'communication']",['crm'],['crm']
"education: bachelor's in automotive engineering experience: 3 years skills: materials, problem solving, thermal systems, vehicle systems, cad, c++, testing, aws",automotive engineer,bachelor's in automotive engineering,engineering,bachelor's in automotive engineering,"['problem solving', 'attention to detail', 'teamwork']","['teamwork', 'time management', 'attention to detail']","['cad', 'thermal systems', 'vehicle systems']","['cad', 'vehicle systems', 'thermal systems']"
"education: bachelor's in biomedical engineering experience: 3 years skills: cad, technical design, regulatory knowledge, medical devices, problem solving, biomedical systems, seo, c++",biomedical engineer,bachelor's in biomedical engineering,engineering,bachelor's in biomedical engineering,"['problem solving', 'time management', 'teamwork']","['teamwork', 'critical thinking']",['cad'],['cad']
"education: bachelor's in electronics engineering experience: 0 years skills: user experience, pcb design, circuit design, microcontrollers, hardware design, tableau, embedded systems, cad",electronics engineer,bachelor's in electronics engineering,engineering,bachelor's in electronics engineering,"['teamwork', 'precision']","['precision', 'teamwork', 'time management', 'attention to detail']","['circuit design', 'pcb design', 'cad', 'embedded systems', 'microcontrollers']","['circuit design', 'pcb design', 'cad', 'embedded systems', 'microcontrollers']"
"education: master's in finance experience: 5 years skills: communication, adobe creative suite, shell scripting, financial modeling, strategic planning, research, mysql, excel",investment banking analyst,master's in finance,economy,bachelor's in finance,"['business acumen', 'communication', 'decision making']","['business acumen', 'planning', 'decision making']","['financial modeling', 'excel', 'valuation']","['financial modeling', 'excel', 'valuation']"
"education: bachelor's in automotive engineering experience: 1 years skills: testing, materials, javascript, cad, jenkins, vehicle systems, thermal systems, problem solving",automotive engineer,bachelor's in automotive engineering,engineering,bachelor's in automotive engineering,"['time management', 'critical thinking']","['precision', 'critical thinking', 'time management', 'teamwork']","['cad', 'vehicle systems', 'thermal systems']","['cad', 'vehicle systems', 'thermal systems']"
"education: bachelor's in graphic design experience: 4 years skills: design software, branding, wireframing, leadership, documentation, ansible, adobe creative suite, visual communication",graphic designer,bachelor's in graphic design,creative_design,bachelor's in graphic design,"['attention to detail', 'communication', 'creativity']","['creativity', 'adaptability', 'storytelling', 'attention to detail']","['adobe creative suite', 'wireframing']",['adobe creative suite']
"education: bachelor's in chemical engineering experience: 5 years skills: business acumen, time management, data analysis, budget management, process design, aws, safety, laboratory skills",chemical engineer,bachelor's in chemical engineering,engineering,bachelor's in chemical engineering,"['business acumen', 'data analysis']",['data analysis'],['process design'],['process design']
"education: bachelor's in marketing experience: 1 years skills: analytics, research, project management, prototyping, problem solving, writing, mysql, content strategy",content marketing manager,bachelor's in marketing,economy,bachelor's in marketing,"['negotiation', 'business acumen', 'planning']","['business acumen', 'planning', 'decision making']",['seo'],['seo']
"education: bachelor's in communications experience: 3 years skills: writing, seo, risk assessment, ci/cd, negotiation, business acumen, analytics, project management",content marketing manager,bachelor's in communications,economy,bachelor's in marketing,['business acumen'],"['business acumen', 'strategic thinking']",['seo'],['seo']
"education: bachelor's in biomedical engineering experience: 2 years skills: node.js, technical design, regulatory knowledge, biomedical systems, problem solving, user interface, medical devices, numpy",biomedical engineer,bachelor's in biomedical engineering,engineering,bachelor's in biomedical engineering,"['critical thinking', 'teamwork', 'attention to detail']","['problem solving', 'teamwork', 'critical thinking']",['cad'],['cad']
"education: bachelor's in accounting experience: 1 years skills: aws, c#, vue.js, forecasting, excel, budget planning, deep learning, financial analysis",budget analyst,bachelor's in accounting,economy,bachelor's in finance,"['budget planning', 'financial analysis']","['budget planning', 'financial analysis']",['excel'],['excel']
"education: bachelor's in biomedical engineering experience: 1 years skills: medical devices, app testing, deep learning, problem solving, technical design, biomedical systems, regulatory knowledge, cad",biomedical engineer,bachelor's in biomedical engineering,engineering,bachelor's in biomedical engineering,"['critical thinking', 'teamwork']","['problem solving', 'teamwork', 'critical thinking']",['cad'],['cad']
"education: bachelor's in communications experience: 1 years skills: product knowledge, compliance, mobile ui/ux, crm, sales, relationship building, account management, negotiation",account executive,bachelor's in communications,economy,bachelor's in business,"['communication', 'decision making', 'strategic thinking']","['business acumen', 'strategic thinking', 'decision making', 'communication']",['crm'],['crm']
"education: bachelor's in mechanical engineering experience: 1 years skills: problem solving, equipment knowledge, quality control, process design, cad, production planning, postgresql, adaptability",manufacturing engineer,bachelor's in mechanical engineering,engineering,bachelor's in manufacturing engineering,['production planning'],['production planning'],"['process design', 'cad']","['cad', 'process design']"
"education: bachelor's in electronics engineering experience: 3 years skills: pcb design, power bi, perl, cad, hardware design, circuit design, microcontrollers, embedded systems",electronics engineer,bachelor's in electronics engineering,engineering,bachelor's in electronics engineering,"['critical thinking', 'teamwork', 'precision']","['precision', 'problem solving', 'time management']","['pcb design', 'circuit design', 'cad', 'embedded systems', 'microcontrollers']","['circuit design', 'pcb design', 'cad', 'embedded systems', 'microcontrollers']"
"education: bachelor's in marketing experience: 3 years skills: analytics, financial analysis, adobe creative suite, copywriting, documentation, email campaign management, segmentation, automation platforms",email marketing specialist,bachelor's in marketing,economy,bachelor's in marketing,['financial analysis'],"['strategic thinking', 'financial analysis']",['copywriting'],['copywriting']
"education: bachelor's in paralegal studies experience: 2 years skills: document preparation, django, legal knowledge, communication, organization, marketing, negotiation, legal research",paralegal,bachelor's in paralegal studies,law_and_public_services,bachelor's in paralegal studies,"['responsibility', 'judgment']","['judgment', 'analytical skills', 'public speaking', 'responsibility']","['document preparation', 'legal research']","['document preparation', 'legal research']"
"education: bachelor's in finance experience: 3 years skills: perl, creativity, query optimization, attention to detail, budget planning, communication, financial analysis, forecasting",budget analyst,bachelor's in finance,economy,bachelor's in finance,"['budget planning', 'financial analysis']","['budget planning', 'financial analysis']",['excel'],['excel']
"education: certification experience: 0 years skills: rest api, javascript, problem solving, software skills, texturing, financial analysis, gcp, typescript",3d artist,certification,creative_design,bachelor's in 3d art,['financial analysis'],"['communication', 'financial analysis', 'attention to detail']","['rendering', 'texturing', '3d modeling']","['3d modeling', 'rendering', 'texturing']"
"education: bachelor's in design experience: 1 years skills: statistics, user experience, graphql, responsive design, web design, javascript, design tools, html/css",web designer,bachelor's in design,creative_design,bachelor's in design,"['adaptability', 'attention to detail', 'creativity']","['adaptability', 'storytelling', 'attention to detail']","['responsive design', 'web design']","['responsive design', 'web design']"
"education: bachelor's in mechanical engineering experience: 1 years skills: problem solving, cad, physics, leadership, typescript, financial analysis, thermodynamics, mongodb",mechanical engineer,bachelor's in mechanical engineering,engineering,bachelor's in mechanical engineering,['financial analysis'],"['precision', 'financial analysis', 'problem solving']",['cad'],['cad']
"education: bachelor's in design experience: 4 years skills: data analysis, security protocols, user interface, ui principles, prototyping, design systems, figma, prototyping tools",ui designer,bachelor's in design,creative_design,bachelor's in design,['data analysis'],"['storytelling', 'data analysis']","['prototyping', 'figma']",['figma']
"education: bachelor's in marketing experience: 2 years skills: selling, product knowledge, flutter, crm, python, negotiation, communication, security architecture",sales executive,bachelor's in marketing,economy,bachelor's in business,"['negotiation', 'strategic thinking', 'decision making']","['strategic thinking', 'planning', 'decision making']","['crm', 'python']",['crm']
"education: bachelor's in marketing experience: 1 years skills: communication, vue.js, kubernetes, analytics, copywriting, email campaign management, financial analysis, graphic design",email marketing specialist,bachelor's in marketing,economy,bachelor's in marketing,['financial analysis'],"['financial analysis', 'decision making']",['copywriting'],['copywriting']
"education: engineering license experience: 3 years skills: encryption, regulatory knowledge, safety, javascript, electrical systems, problem solving, pandas, management",electrical utilities manager,engineering license,engineering,bachelor's in electrical engineering,"['time management', 'problem solving', 'precision']","['problem solving', 'teamwork', 'precision']",['electrical systems'],['electrical systems']
"education: bachelor's in design experience: 1 years skills: design thinking, usability testing, prototyping, user research, wireframing, encryption, c#, communication",ux designer,bachelor's in design,creative_design,bachelor's in design,"['communication', 'attention to detail', 'collaboration']","['adaptability', 'collaboration', 'attention to detail']","['prototyping', 'wireframing']","['prototyping', 'wireframing']"
"education: bachelor's in accounting experience: 2 years skills: software, compliance, accounting, irs knowledge, tax planning, documentation, ruby, rest api",tax specialist,bachelor's in accounting,economy,bachelor's in accounting,['tax planning'],['tax planning'],['accounting'],['accounting']
"education: bachelor's in computer engineering experience: 1 years skills: c/c++, creativity, real-time systems, web accessibility, microcontrollers, shell scripting, hardware, low-level programming",embedded systems engineer,bachelor's in computer engineering,engineering,bachelor's in electronics engineering,"['critical thinking', 'attention to detail', 'precision']","['precision', 'attention to detail']",['microcontrollers'],['microcontrollers']
"education: bachelor's in business experience: 4 years skills: negotiation, product knowledge, statistics, account management, sales, risk assessment, rust, presentation skills",account executive,bachelor's in business,economy,bachelor's in business,"['communication', 'decision making', 'business acumen']","['decision making', 'negotiation', 'communication']","['crm', 'statistics']",['crm']
"education: bachelor's in electronics engineering experience: 2 years skills: hardware, real-time systems, problem solving, microcontrollers, low-level programming, sql, decision making, marketing",embedded systems engineer,bachelor's in electronics engineering,engineering,bachelor's in electronics engineering,"['problem solving', 'teamwork', 'attention to detail']","['problem solving', 'teamwork', 'attention to detail']",['microcontrollers'],['microcontrollers']
"education: bachelor's in design experience: 1 years skills: ci/cd, responsive design, wireframing, prototyping, communication, graphql, node.js, design thinking",ux designer,bachelor's in design,creative_design,bachelor's in design,"['storytelling', 'adaptability', 'creativity']","['creativity', 'adaptability', 'communication']","['responsive design', 'prototyping', 'wireframing']","['prototyping', 'wireframing']"
"education: bachelor's in accounting experience: 4 years skills: vue.js, financial analysis, react native, forecasting, excel, communication, attention to detail, mobile ui/ux",budget analyst,bachelor's in accounting,economy,bachelor's in finance,"['budget planning', 'financial analysis']","['budget planning', 'financial analysis']",['excel'],['excel']
"education: bachelor's in civil engineering experience: 2 years skills: structural analysis, building codes, project management, technical design, cad, pandas, graphql, pytorch",civil engineer,bachelor's in civil engineering,engineering,bachelor's in civil engineering,['structural analysis'],['structural analysis'],"['autocad', 'cad', 'building codes']","['autocad', 'building codes', 'cad']"
"education: bachelor's in marketing experience: 4 years skills: user experience, content optimization, analytics, android, keyword research, figma, seo, backlink strategy",seo specialist,bachelor's in marketing,economy,bachelor's in marketing,"['business acumen', 'strategic thinking']","['business acumen', 'strategic thinking', 'communication', 'negotiation']",['seo'],['seo']
"education: bachelor's in marketing experience: 4 years skills: html, research, writing, analytics, seo, project management, content strategy, confluence",content marketing manager,bachelor's in marketing,economy,bachelor's in marketing,"['strategic thinking', 'communication', 'decision making']","['strategic thinking', 'decision making', 'communication']",['seo'],['seo']
"education: bachelor's in marketing experience: 0 years skills: scrum, adobe creative suite, segmentation, automation platforms, email campaign management, analytics, graphic design, copywriting",email marketing specialist,bachelor's in marketing,economy,bachelor's in marketing,"['communication', 'business acumen', 'planning']","['business acumen', 'decision making', 'communication']",['copywriting'],['copywriting']
"education: bachelor's in accounting experience: 0 years skills: time management, financial analysis, scikit-learn, communication, forecasting, documentation, excel, attention to detail",budget analyst,bachelor's in accounting,economy,bachelor's in finance,"['budget planning', 'financial analysis']","['budget planning', 'financial analysis']",['excel'],['excel']
"education: bachelor's in paralegal studies experience: 3 years skills: legal knowledge, legal research, pandas, document preparation, organization, ruby, attention to detail, cassandra",paralegal,bachelor's in paralegal studies,law_and_public_services,bachelor's in paralegal studies,"['responsibility', 'judgment']","['judgment', 'analytical skills', 'critical thinking', 'responsibility']","['document preparation', 'legal research']","['document preparation', 'legal research']"
"education: bachelor's in electronics engineering experience: 2 years skills: embedded systems, cad, microcontrollers, circuit design, pcb design, tableau, rust, hardware design",electronics engineer,bachelor's in electronics engineering,engineering,bachelor's in electronics engineering,"['attention to detail', 'precision']","['precision', 'critical thinking', 'time management', 'attention to detail']","['circuit design', 'pcb design', 'cad', 'embedded systems', 'microcontrollers']","['circuit design', 'pcb design', 'cad', 'embedded systems', 'microcontrollers']"
"education: ux certification experience: 3 years skills: teamwork, user research, prototyping, usability testing, wireframing, communication, design thinking, documentation",ux designer,ux certification,creative_design,bachelor's in design,"['storytelling', 'adaptability', 'communication']","['adaptability', 'storytelling']","['prototyping', 'wireframing']","['prototyping', 'wireframing']"
"education: bachelor's in electrical engineering experience: 5 years skills: circuit design, technical knowledge, electrical systems, cad, redis, mobile security, c++, troubleshooting",electrical engineer,bachelor's in electrical engineering,engineering,bachelor's in electrical engineering,"['teamwork', 'precision', 'critical thinking']","['precision', 'time management', 'teamwork', 'critical thinking']","['circuit design', 'cad', 'electrical systems']","['circuit design', 'cad', 'electrical systems']"
"education: bachelor's in sales experience: 5 years skills: sales strategy, presentation skills, team leadership, figma, negotiation, target setting, user experience, responsive design",sales manager,bachelor's in sales,economy,bachelor's in business,"['decision making', 'communication']","['planning', 'decision making', 'negotiation']",['crm'],['crm']
"education: bachelor's in marketing experience: 2 years skills: network security, scikit-learn, analytics, social media strategy, community management, teamwork, copywriting, serverless",social media manager,bachelor's in marketing,economy,bachelor's in marketing,"['strategic thinking', 'decision making']","['business acumen', 'strategic thinking', 'planning']",['copywriting'],['copywriting']
"education: web design certification experience: 1 years skills: design tools, gcp, html/css, firewalls, confluence, creativity, responsive design, user experience",web designer,web design certification,creative_design,bachelor's in design,"['attention to detail', 'creativity', 'communication']","['adaptability', 'attention to detail', 'communication']","['responsive design', 'web design']","['responsive design', 'web design']"
"education: associate in law experience: 3 years skills: communication, legal knowledge, document preparation, organization, legal research, security protocols, scala, attention to detail",paralegal,associate in law,law_and_public_services,bachelor's in paralegal studies,"['analytical skills', 'judgment', 'ethics']","['ethics', 'analytical skills', 'critical thinking', 'responsibility']","['document preparation', 'legal research']","['document preparation', 'legal research']"
"education: bachelor's in communications experience: 0 years skills: platform knowledge, social media strategy, swift, analytics, community management, database design, ci/cd, user experience",social media manager,bachelor's in communications,economy,bachelor's in marketing,"['planning', 'communication']","['planning', 'communication']",['copywriting'],['copywriting']
"education: bachelor's in finance experience: 3 years skills: swift, kotlin, excel, valuation, user interface, communication, financial modeling, m&a",investment banking analyst,bachelor's in finance,economy,bachelor's in finance,"['strategic thinking', 'planning']","['business acumen', 'strategic thinking', 'planning', 'decision making']","['financial modeling', 'excel', 'valuation']","['financial modeling', 'excel', 'valuation']"
"education: bachelor's in mechanical engineering experience: 3 years skills: cad, vehicle systems, materials, thermal systems, problem solving, prototyping, tensorflow, web design",automotive engineer,bachelor's in mechanical engineering,engineering,bachelor's in automotive engineering,"['teamwork', 'critical thinking', 'time management']","['teamwork', 'critical thinking']","['cad', 'vehicle systems', 'thermal systems']","['cad', 'vehicle systems', 'thermal systems']"
"education: bachelor's in accounting experience: 5 years skills: jupyter, risk assessment, technical writing, go, leadership, encryption, internal controls, audit procedures",audit manager,bachelor's in accounting,economy,bachelor's in accounting,"['planning', 'decision making', 'negotiation']","['planning', 'decision making', 'negotiation', 'communication']",['audit procedures'],['audit procedures']
"education: bachelor's in finance experience: 4 years skills: risk analysis, valuation, excel, financial modeling, statistics, flutter, python, compliance",financial analyst,bachelor's in finance,economy,bachelor's in finance,['risk analysis'],['risk analysis'],"['python', 'statistics', 'financial modeling', 'excel', 'valuation']","['python', 'statistics', 'financial modeling', 'excel', 'valuation']"
"education: bachelor's in business experience: 5 years skills: responsive design, analytics, budget management, rest api, campaign management, communication, angular, brand strategy",marketing manager,bachelor's in business,economy,bachelor's in marketing,"['strategic thinking', 'planning', 'negotiation']","['strategic thinking', 'planning', 'decision making']","['brand strategy', 'campaign management']","['campaign management', 'brand strategy']"
"education: bachelor's in marketing experience: 2 years skills: c++, serverless, product strategy, analytics, market research, messaging, campaign management, positioning",product marketing manager,bachelor's in marketing,economy,bachelor's in marketing,"['strategic thinking', 'business acumen']","['business acumen', 'strategic thinking', 'planning']",['campaign management'],['campaign management']
"education: bachelor's in sales experience: 3 years skills: target setting, team leadership, sales strategy, crm, user experience, communication, negotiation, market research",sales manager,bachelor's in sales,economy,bachelor's in business,"['negotiation', 'strategic thinking', 'business acumen']","['communication', 'strategic thinking', 'negotiation']",['crm'],['crm']
"education: master's in finance experience: 4 years skills: excel, c#, figma, django, financial modeling, m&a, communication, valuation",investment banking analyst,master's in finance,economy,bachelor's in finance,"['strategic thinking', 'planning', 'business acumen']","['communication', 'strategic thinking', 'negotiation']","['financial modeling', 'excel', 'valuation']","['financial modeling', 'excel', 'valuation']"
"education: bachelor's in civil engineering experience: 6 years skills: security protocols, materials, ansible, building codes, design, react native, calculations, structural analysis",structural engineer,bachelor's in civil engineering,engineering,bachelor's in civil engineering,['structural analysis'],['structural analysis'],"['cad', 'building codes']","['cad', 'building codes']"
"education: bachelor's in 3d art experience: 0 years skills: problem solving, rendering, 3d modeling, market research, web design, texturing, software skills, creativity",3d artist,bachelor's in 3d art,creative_design,bachelor's in 3d art,"['creativity', 'storytelling']","['adaptability', 'storytelling', 'collaboration']","['rendering', 'web design', 'texturing', '3d modeling']","['3d modeling', 'rendering', 'texturing']"
"education: seo certification experience: 4 years skills: technical seo, backlink strategy, p&l management, web accessibility, content optimization, keyword research, responsive design, analytics",seo specialist,seo certification,economy,bachelor's in marketing,"['communication', 'strategic thinking', 'planning']","['business acumen', 'planning', 'decision making', 'communication']",['seo'],['seo']
"education: bachelor's in communications experience: 5 years skills: seo, analytics, content strategy, oracle, css, research, writing, project management",content marketing manager,bachelor's in communications,economy,bachelor's in marketing,"['planning', 'strategic thinking', 'negotiation']","['business acumen', 'strategic thinking', 'decision making', 'negotiation']",['seo'],['seo']
"education: associate in law experience: 1 years skills: legal knowledge, strategic planning, communication, legal research, attention to detail, web design, document preparation, organization",paralegal,associate in law,law_and_public_services,bachelor's in paralegal studies,"['analytical skills', 'responsibility', 'critical thinking']","['analytical skills', 'critical thinking', 'responsibility']","['document preparation', 'legal research']","['document preparation', 'legal research']"
"education: bachelor's in marketing experience: 1 years skills: social media, content strategy, sem, analytics, email marketing, docker, machine learning, creativity",digital marketing manager,bachelor's in marketing,economy,bachelor's in marketing,"['planning', 'negotiation']","['business acumen', 'negotiation']",['seo'],['seo']
"education: ux certification experience: 2 years skills: user research, seo, wireframing, prototyping, serverless, usability testing, communication, design thinking",ux designer,ux certification,creative_design,bachelor's in design,"['adaptability', 'creativity']","['creativity', 'collaboration']","['prototyping', 'wireframing']","['prototyping', 'wireframing']"
"education: master's in finance experience: 1 years skills: serverless, m&a, excel, numpy, problem solving, pandas, research, valuation",investment banking analyst,master's in finance,economy,bachelor's in finance,"['business acumen', 'decision making', 'planning']","['planning', 'decision making', 'communication']","['financial modeling', 'excel', 'valuation']","['financial modeling', 'excel', 'valuation']"
"education: certification experience: 2 years skills: go, 3d modeling, creativity, decision making, rendering, texturing, problem solving, software skills",3d artist,certification,creative_design,bachelor's in 3d art,"['storytelling', 'attention to detail', 'collaboration']","['communication', 'storytelling', 'attention to detail']","['rendering', 'texturing', '3d modeling']","['3d modeling', 'rendering', 'texturing']"
"education: bachelor's in mechanical engineering experience: 3 years skills: cad, problem solving, cloudformation, power bi, mechanical design, physics, creativity, thermodynamics",mechanical engineer,bachelor's in mechanical engineering,engineering,bachelor's in mechanical engineering,"['time management', 'teamwork', 'attention to detail']","['problem solving', 'teamwork', 'attention to detail']",['cad'],['cad']
"education: bachelor's in biomedical engineering experience: 3 years skills: react, regulatory knowledge, biomedical systems, medical devices, technical design, problem solving, javascript, microservices",biomedical engineer,bachelor's in biomedical engineering,engineering,bachelor's in biomedical engineering,"['attention to detail', 'precision']","['precision', 'problem solving', 'attention to detail']",['cad'],['cad']
"education: certification experience: 2 years skills: vue.js, problem solving, php, software skills, 3d modeling, texturing, creativity, rendering",3d artist,certification,creative_design,bachelor's in 3d art,"['storytelling', 'communication', 'adaptability']","['collaboration', 'communication']","['rendering', '3d modeling', 'texturing']","['3d modeling', 'rendering', 'texturing']"
"education: bachelor's in graphic design experience: 4 years skills: visual communication, numpy, agile, web design, attention to detail, creativity, branding, teamwork",graphic designer,bachelor's in graphic design,creative_design,bachelor's in graphic design,"['attention to detail', 'collaboration']","['adaptability', 'collaboration', 'attention to detail']","['adobe creative suite', 'web design']",['adobe creative suite']
"education: bachelor's in design experience: 1 years skills: prototyping tools, nosql, visual design, angular, ui principles, figma, cloudformation, typescript",ui designer,bachelor's in design,creative_design,bachelor's in design,"['adaptability', 'attention to detail']","['adaptability', 'attention to detail']",['figma'],['figma']
"education: certification experience: 3 years skills: problem solving, rendering, 3d modeling, security protocols, texturing, oracle, software skills, creativity",3d artist,certification,creative_design,bachelor's in 3d art,"['adaptability', 'creativity', 'storytelling']","['creativity', 'communication', 'storytelling', 'attention to detail']","['rendering', 'texturing', '3d modeling']","['3d modeling', 'rendering', 'texturing']"
"education: seo certification experience: 2 years skills: html, content optimization, decision making, analytics, backlink strategy, seo, keyword research, marketing",seo specialist,seo certification,economy,bachelor's in marketing,"['planning', 'decision making', 'strategic thinking']","['business acumen', 'strategic thinking']",['seo'],['seo']
"education: bachelor's in business experience: 3 years skills: critical thinking, sales, crm, react, negotiation, product knowledge, relationship building, p&l management",account executive,bachelor's in business,economy,bachelor's in business,"['decision making', 'planning']","['strategic thinking', 'planning']",['crm'],['crm']
"education: bachelor's in civil engineering experience: 2 years skills: design, numpy, materials, building codes, cad, aws, communication, calculations",structural engineer,bachelor's in civil engineering,engineering,bachelor's in civil engineering,['structural analysis'],['structural analysis'],"['cad', 'building codes']","['cad', 'building codes']"
"education: certification experience: 4 years skills: market research, software skills, texturing, rendering, statistics, problem solving, creativity, 3d modeling",3d artist,certification,creative_design,bachelor's in 3d art,"['adaptability', 'storytelling']","['adaptability', 'storytelling', 'attention to detail']","['rendering', 'texturing', '3d modeling']","['3d modeling', 'rendering', 'texturing']"
"education: bachelor's in civil engineering experience: 6 years skills: terraform, ansible, html, structural analysis, cad, design, calculations, materials",structural engineer,bachelor's in civil engineering,engineering,bachelor's in civil engineering,['structural analysis'],['structural analysis'],"['cad', 'building codes']","['cad', 'building codes']"
"education: bachelor's in finance experience: 0 years skills: forecasting, excel, communication, budget planning, scrum, financial analysis, microservices, attention to detail",budget analyst,bachelor's in finance,economy,bachelor's in finance,"['budget planning', 'financial analysis']","['budget planning', 'financial analysis']",['excel'],['excel']
"education: bachelor's in accounting experience: 3 years skills: financial analysis, kanban, excel, decision making, gaap, tax knowledge, quickbooks, accounting principles",accountant,bachelor's in accounting,economy,bachelor's in accounting,['financial analysis'],['financial analysis'],['excel'],['excel']
"education: bachelor's in civil engineering experience: 6 years skills: cad, database design, building codes, sql, design, structural analysis, materials, docker",structural engineer,bachelor's in civil engineering,engineering,bachelor's in civil engineering,['structural analysis'],['structural analysis'],"['cad', 'building codes']","['cad', 'building codes']"
"education: bachelor's in business experience: 1 years skills: crm, power bi, sales, php, negotiation, prototyping, account management, postgresql",account executive,bachelor's in business,economy,bachelor's in business,"['negotiation', 'decision making']","['business acumen', 'planning', 'decision making']",['crm'],['crm']
"education: bachelor's in business experience: 4 years skills: adobe creative suite, crm, client relationships, communication, negotiation, product knowledge, business acumen, selling",sales executive,bachelor's in business,economy,bachelor's in business,['business acumen'],"['business acumen', 'strategic thinking', 'negotiation']",['crm'],['crm']
"education: bachelor's in finance experience: 3 years skills: tableau, mobile ui/ux, security protocols, excel, risk analysis, valuation, python, statistics",financial analyst,bachelor's in finance,economy,bachelor's in finance,['risk analysis'],['risk analysis'],"['python', 'statistics', 'financial modeling', 'excel', 'valuation']","['python', 'statistics', 'financial modeling', 'excel', 'valuation']"
"education: bachelor's in communications experience: 0 years skills: crm, prototyping, account management, relationship building, sales, product knowledge, seo, responsive design",account executive,bachelor's in communications,economy,bachelor's in business,"['negotiation', 'decision making', 'planning']","['communication', 'planning', 'decision making', 'negotiation']","['crm', 'seo']",['crm']
"education: bachelor's in business experience: 4 years skills: product strategy, web design, positioning, campaign management, ios, messaging, web accessibility, security architecture",product marketing manager,bachelor's in business,economy,bachelor's in marketing,"['communication', 'business acumen', 'planning']","['business acumen', 'planning', 'negotiation', 'communication']",['campaign management'],['campaign management']
"education: bachelor's in aerospace engineering experience: 5 years skills: aerodynamics, physics, rest api, cad, matlab, structural analysis, design, mobile ui/ux",aerospace engineer,bachelor's in aerospace engineering,engineering,bachelor's in aerospace engineering,['structural analysis'],['structural analysis'],"['cad', 'aerodynamics', 'matlab']","['cad', 'aerodynamics', 'matlab']"
"education: bachelor's in civil engineering experience: 3 years skills: building codes, materials, calculations, structural analysis, cad, css, design, problem solving",structural engineer,bachelor's in civil engineering,engineering,bachelor's in civil engineering,"['structural analysis', 'data analysis']",['structural analysis'],"['cad', 'building codes']","['cad', 'building codes']"
"education: bachelor's in marketing experience: 2 years skills: platform knowledge, app testing, content creation, copywriting, adobe creative suite, gcp, jenkins, social media strategy",social media manager,bachelor's in marketing,economy,bachelor's in marketing,"['business acumen', 'negotiation']","['communication', 'decision making', 'negotiation']",['copywriting'],['copywriting']
"education: bachelor's in marketing experience: 6 years skills: communication, leadership, campaign management, microservices, analytics, brand strategy, shell scripting, adaptability",marketing manager,bachelor's in marketing,economy,bachelor's in marketing,"['decision making', 'business acumen', 'strategic thinking']","['business acumen', 'strategic thinking', 'communication']","['brand strategy', 'campaign management']","['campaign management', 'brand strategy']"
"education: bachelor's in civil engineering experience: 1 years skills: terraform, building codes, autocad, cad, structural analysis, oracle, technical design, presentation skills",civil engineer,bachelor's in civil engineering,engineering,bachelor's in civil engineering,['structural analysis'],['structural analysis'],"['autocad', 'cad', 'building codes']","['autocad', 'building codes', 'cad']"
"education: bachelor's in automotive engineering experience: 5 years skills: thermal systems, vehicle systems, testing, oracle, kubernetes, materials, problem solving, data analysis",automotive engineer,bachelor's in automotive engineering,engineering,bachelor's in automotive engineering,['data analysis'],"['time management', 'data analysis']","['cad', 'thermal systems', 'vehicle systems']","['cad', 'vehicle systems', 'thermal systems']"
"education: bachelor's in design experience: 0 years skills: confluence, creativity, web design, design tools, android, tensorflow, user experience, deep learning",web designer,bachelor's in design,creative_design,bachelor's in design,"['collaboration', 'creativity']","['creativity', 'storytelling', 'collaboration', 'communication']","['responsive design', 'web design']","['responsive design', 'web design']"
"education: bachelor's in business experience: 2 years skills: negotiation, angular, selling, c#, react, product knowledge, communication, crm",sales executive,bachelor's in business,economy,bachelor's in business,"['business acumen', 'decision making']","['business acumen', 'strategic thinking']",['crm'],['crm']
"education: bachelor's in mechanical engineering experience: 3 years skills: physics, security protocols, technical documentation, cad, thermodynamics, typescript, mechanical design, problem solving",mechanical engineer,bachelor's in mechanical engineering,engineering,bachelor's in mechanical engineering,"['teamwork', 'problem solving', 'time management']","['teamwork', 'time management', 'attention to detail']",['cad'],['cad']
"education: bachelor's in marketing experience: 0 years skills: segmentation, automation platforms, analytics, php, email campaign management, copywriting, a/b testing, agile",email marketing specialist,bachelor's in marketing,economy,bachelor's in marketing,"['decision making', 'negotiation', 'strategic thinking']","['business acumen', 'decision making', 'communication']",['copywriting'],['copywriting']
"education: bachelor's in accounting experience: 3 years skills: accounting, ios, software, aws, irs knowledge, jenkins, tax planning, compliance",tax specialist,bachelor's in accounting,economy,bachelor's in accounting,['tax planning'],['tax planning'],['accounting'],['accounting']
"education: bachelor's in computer engineering experience: 4 years skills: c/c++, microcontrollers, compliance, embedded linux, real-time systems, teamwork, low-level programming, hardware",embedded systems engineer,bachelor's in computer engineering,engineering,bachelor's in electronics engineering,"['teamwork', 'time management']","['precision', 'teamwork', 'time management', 'attention to detail']",['microcontrollers'],['microcontrollers']
"education: bachelor's in design experience: 1 years skills: r, communication, user research, usability testing, wireframing, design thinking, prototyping, ci/cd",ux designer,bachelor's in design,creative_design,bachelor's in design,"['adaptability', 'storytelling']","['adaptability', 'storytelling']","['prototyping', 'wireframing']","['prototyping', 'wireframing']"
"education: bachelor's in marketing experience: 4 years skills: communication, analytics, campaign management, leadership, budget management, jupyter, business development, security architecture",marketing manager,bachelor's in marketing,economy,bachelor's in marketing,"['communication', 'planning']","['planning', 'decision making', 'negotiation', 'communication']","['brand strategy', 'campaign management']","['campaign management', 'brand strategy']"
"education: bachelor's in business experience: 3 years skills: communication, leadership, analytics, scikit-learn, budget management, brand strategy, campaign management, sales",marketing manager,bachelor's in business,economy,bachelor's in marketing,"['communication', 'strategic thinking']","['business acumen', 'planning', 'communication']","['brand strategy', 'campaign management']","['campaign management', 'brand strategy']"
"education: bachelor's in business experience: 4 years skills: crm, p&l management, swift, creativity, team leadership, sales strategy, microservices, communication",sales manager,bachelor's in business,economy,bachelor's in business,"['planning', 'negotiation', 'decision making']","['planning', 'decision making', 'communication']",['crm'],['crm']
"education: bachelor's in electrical engineering experience: 4 years skills: nosql, technical knowledge, circuit design, electrical systems, shell scripting, ci/cd, cad, troubleshooting",electrical engineer,bachelor's in electrical engineering,engineering,bachelor's in electrical engineering,"['time management', 'teamwork', 'critical thinking']","['precision', 'critical thinking', 'teamwork', 'time management']","['circuit design', 'cad', 'electrical systems']","['circuit design', 'cad', 'electrical systems']"
"education: bachelor's in business experience: 2 years skills: brand strategy, html, budget management, analytics, leadership, pytorch, campaign management, communication",marketing manager,bachelor's in business,economy,bachelor's in marketing,"['communication', 'business acumen', 'strategic thinking']","['business acumen', 'communication']","['brand strategy', 'campaign management']","['campaign management', 'brand strategy']"
"education: bachelor's in electronics engineering experience: 0 years skills: circuit design, oracle, microcontrollers, embedded systems, pcb design, typescript, hardware design, cad",electronics engineer,bachelor's in electronics engineering,engineering,bachelor's in electronics engineering,['financial analysis'],"['precision', 'financial analysis']","['circuit design', 'pcb design', 'cad', 'embedded systems', 'microcontrollers']","['circuit design', 'pcb design', 'cad', 'embedded systems', 'microcontrollers']"
"education: bachelor's in marketing experience: 1 years skills: analytics, ruby, teamwork, campaign management, product strategy, messaging, market research, oracle",product marketing manager,bachelor's in marketing,economy,bachelor's in marketing,"['business acumen', 'decision making', 'negotiation']","['communication', 'decision making', 'negotiation']",['campaign management'],['campaign management']
"education: bachelor's in civil engineering experience: 4 years skills: building codes, shell scripting, project management, p&l management, sales, structural analysis, cad, autocad",civil engineer,bachelor's in civil engineering,engineering,bachelor's in civil engineering,['structural analysis'],['structural analysis'],"['autocad', 'cad', 'building codes']","['autocad', 'building codes', 'cad']"
"education: bachelor's in manufacturing engineering experience: 4 years skills: cad, machine learning, production planning, process design, equipment knowledge, mongodb, mobile ui/ux, problem solving",manufacturing engineer,bachelor's in manufacturing engineering,engineering,bachelor's in manufacturing engineering,['production planning'],['production planning'],"['process design', 'cad']","['cad', 'process design']"
"education: cpa or equivalent experience: 2 years skills: ios, tax knowledge, accounting principles, css, quickbooks, excel, financial analysis, r",accountant,accounting or equivalent,economy,bachelor's in accounting,['financial analysis'],['financial analysis'],['excel'],['excel']
"education: bachelor's in design experience: 4 years skills: user experience, mysql, html/css, p&l management, design tools, responsive design, wireframing, creativity",web designer,bachelor's in design,creative_design,bachelor's in design,"['attention to detail', 'adaptability']","['creativity', 'communication', 'attention to detail']","['responsive design', 'web design', 'wireframing']","['responsive design', 'web design']"
"education: master's in finance experience: 1 years skills: valuation, research, excel, vue.js, m&a, query optimization, time management, python",investment banking analyst,master's in finance,economy,bachelor's in finance,"['strategic thinking', 'negotiation', 'decision making']","['strategic thinking', 'decision making', 'negotiation']","['python', 'financial modeling', 'excel', 'valuation']","['financial modeling', 'excel', 'valuation']"
"education: bachelor's in mechanical engineering experience: 1 years skills: technical documentation, physics, mechanical design, thermodynamics, problem solving, r, cad, seo",mechanical engineer,bachelor's in mechanical engineering,engineering,bachelor's in mechanical engineering,"['time management', 'precision', 'teamwork']","['precision', 'time management', 'teamwork', 'critical thinking']",['cad'],['cad']
"education: bachelor's in graphic design experience: 0 years skills: branding, perl, visual communication, attention to detail, adobe creative suite, adaptability, creativity, design software",graphic designer,bachelor's in graphic design,creative_design,bachelor's in graphic design,"['storytelling', 'attention to detail']","['communication', 'storytelling', 'collaboration', 'attention to detail']",['adobe creative suite'],['adobe creative suite']
"education: bachelor's in accounting experience: 4 years skills: software, tax law, accounting, react, p&l management, irs knowledge, tax planning, compliance",tax specialist,bachelor's in accounting,economy,bachelor's in accounting,['tax planning'],['tax planning'],['accounting'],['accounting']
"education: cpa or equivalent experience: 4 years skills: tax knowledge, gaap, aws, android, excel, accounting principles, quickbooks, financial analysis",accountant,accounting or equivalent,economy,bachelor's in accounting,['financial analysis'],['financial analysis'],['excel'],['excel']
"education: bachelor's in accounting experience: 2 years skills: tax law, software, teamwork, java, irs knowledge, r, user experience, compliance",tax specialist,bachelor's in accounting,economy,bachelor's in accounting,['tax planning'],['tax planning'],['accounting'],['accounting']
"education: bachelor's in electrical engineering experience: 5 years skills: node.js, electrical systems, technical knowledge, cad, shell scripting, troubleshooting, flutter, circuit design",electrical engineer,bachelor's in electrical engineering,engineering,bachelor's in electrical engineering,"['problem solving', 'teamwork', 'critical thinking']","['problem solving', 'critical thinking', 'teamwork', 'time management']","['circuit design', 'cad', 'electrical systems']","['circuit design', 'cad', 'electrical systems']"
"education: bachelor's in electronics engineering experience: 3 years skills: real-time systems, embedded linux, negotiation, time management, database design, user interface, microcontrollers, presentation skills",embedded systems engineer,bachelor's in electronics engineering,engineering,bachelor's in electronics engineering,"['teamwork', 'problem solving']","['problem solving', 'critical thinking', 'attention to detail']",['microcontrollers'],['microcontrollers']
"education: bachelor's in mechanical engineering experience: 4 years skills: problem solving, technical writing, html, cad, app testing, thermodynamics, technical documentation, angular",mechanical engineer,bachelor's in mechanical engineering,engineering,bachelor's in mechanical engineering,"['problem solving', 'precision', 'critical thinking']","['problem solving', 'time management', 'critical thinking', 'attention to detail']",['cad'],['cad']
"education: ui certification experience: 0 years skills: javascript, creativity, visual design, design systems, ui principles, figma, network security, prototyping tools",ui designer,ui certification,creative_design,bachelor's in design,"['attention to detail', 'storytelling']","['storytelling', 'communication']",['figma'],['figma']
"education: bachelor's in paralegal studies experience: 1 years skills: legal knowledge, document preparation, perl, rest api, attention to detail, organization, legal research, risk assessment",paralegal,bachelor's in paralegal studies,law_and_public_services,bachelor's in paralegal studies,"['responsibility', 'analytical skills', 'ethics']","['ethics', 'analytical skills', 'public speaking', 'responsibility']","['document preparation', 'legal research']","['document preparation', 'legal research']"
"education: bachelor's in chemical engineering experience: 1 years skills: data analysis, chemical processes, laboratory skills, seo, safety, process design, thermochemistry, postgresql",chemical engineer,bachelor's in chemical engineering,engineering,bachelor's in chemical engineering,['data analysis'],['data analysis'],['process design'],['process design']
"education: cpa experience: 7 years skills: adaptability, communication, pytorch, leadership, audit procedures, jira, compliance, internal controls",audit manager,accounting,economy,bachelor's in accounting,"['business acumen', 'planning', 'communication']","['business acumen', 'planning', 'negotiation']",['audit procedures'],['audit procedures']
"education: ui certification experience: 4 years skills: prototyping, figma, prototyping tools, ui principles, design systems, creativity, visual design, adaptability",ui designer,ui certification,creative_design,bachelor's in design,"['storytelling', 'attention to detail']","['storytelling', 'collaboration', 'communication']","['prototyping', 'figma']",['figma']
"education: bachelor's in accounting experience: 0 years skills: excel, budget planning, financial analysis, attention to detail, communication, forecasting, cassandra, cloudformation",budget analyst,bachelor's in accounting,economy,bachelor's in finance,"['budget planning', 'financial analysis']","['budget planning', 'financial analysis']",['excel'],['excel']
"education: bachelor's in civil engineering experience: 5 years skills: design, django, scikit-learn, agile, presentation skills, structural analysis, materials, app testing",structural engineer,bachelor's in civil engineering,engineering,bachelor's in civil engineering,['structural analysis'],['structural analysis'],"['cad', 'building codes']","['cad', 'building codes']"
"education: associate in law experience: 4 years skills: document preparation, attention to detail, organization, legal research, legal knowledge, go, communication, app testing",paralegal,associate in law,law_and_public_services,bachelor's in paralegal studies,"['responsibility', 'public speaking', 'critical thinking']","['public speaking', 'critical thinking']","['document preparation', 'legal research']","['document preparation', 'legal research']"
"education: master's in finance experience: 5 years skills: valuation, kotlin, m&a, business acumen, financial modeling, communication, research, excel",investment banking analyst,master's in finance,economy,bachelor's in finance,['business acumen'],"['business acumen', 'strategic thinking', 'negotiation']","['financial modeling', 'excel', 'valuation']","['financial modeling', 'excel', 'valuation']"
"education: bachelor's in electrical engineering experience: 4 years skills: electrical systems, circuit design, cad, power systems, technical knowledge, troubleshooting, confluence, ruby",electrical engineer,bachelor's in electrical engineering,engineering,bachelor's in electrical engineering,"['problem solving', 'precision', 'critical thinking']","['problem solving', 'time management', 'critical thinking', 'precision']","['circuit design', 'cad', 'electrical systems']","['circuit design', 'cad', 'electrical systems']"
"education: master's in finance experience: 5 years skills: m&a, seo, research, valuation, communication, wireframing, scala, typescript",investment banking analyst,master's in finance,economy,bachelor's in finance,"['business acumen', 'strategic thinking']","['business acumen', 'strategic thinking', 'planning']","['financial modeling', 'seo', 'excel', 'valuation']","['financial modeling', 'excel', 'valuation']"
"education: engineering license experience: 6 years skills: financial analysis, ruby, management, flask, safety, redis, problem solving, electrical systems",electrical utilities manager,engineering license,engineering,bachelor's in electrical engineering,['financial analysis'],"['precision', 'financial analysis']",['electrical systems'],['electrical systems']
"education: bachelor's in communications experience: 4 years skills: content creation, platform knowledge, react, copywriting, analytics, time management, community management, marketing",social media manager,bachelor's in communications,economy,bachelor's in marketing,"['communication', 'strategic thinking']","['business acumen', 'strategic thinking', 'decision making', 'communication']",['copywriting'],['copywriting']
"education: cpa experience: 7 years skills: audit procedures, flutter, market research, internal controls, risk assessment, communication, android, compliance",audit manager,accounting,economy,bachelor's in accounting,"['strategic thinking', 'communication', 'business acumen']","['business acumen', 'decision making', 'communication']",['audit procedures'],['audit procedures']
"education: bachelor's in chemical engineering experience: 4 years skills: thermochemistry, documentation, cassandra, data analysis, safety, laboratory skills, negotiation, process design",chemical engineer,bachelor's in chemical engineering,engineering,bachelor's in chemical engineering,['data analysis'],['data analysis'],['process design'],['process design']
"education: web design certification experience: 4 years skills: html/css, user experience, design tools, prototyping, web design, creativity, presentation skills, shell scripting",web designer,web design certification,creative_design,bachelor's in design,"['creativity', 'attention to detail']","['adaptability', 'collaboration', 'attention to detail']","['responsive design', 'web design', 'prototyping']","['responsive design', 'web design']"
"education: certification experience: 1 years skills: texturing, technical writing, rendering, software skills, problem solving, ci/cd, creativity, 3d modeling",3d artist,certification,creative_design,bachelor's in 3d art,"['attention to detail', 'adaptability', 'creativity']","['creativity', 'collaboration', 'attention to detail']","['rendering', 'texturing', '3d modeling']","['3d modeling', 'rendering', 'texturing']"
"education: bachelor's in chemical engineering experience: 4 years skills: data analysis, process design, safety, web accessibility, business development, scikit-learn, chemical processes, thermochemistry",chemical engineer,bachelor's in chemical engineering,engineering,bachelor's in chemical engineering,['data analysis'],['data analysis'],['process design'],['process design']
"education: bachelor's in biomedical engineering experience: 2 years skills: cad, medical devices, presentation skills, terraform, regulatory knowledge, technical design, biomedical systems, problem solving",biomedical engineer,bachelor's in biomedical engineering,engineering,bachelor's in biomedical engineering,"['teamwork', 'attention to detail']","['precision', 'teamwork', 'attention to detail']",['cad'],['cad']
"education: associate in law experience: 2 years skills: attention to detail, legal knowledge, document preparation, legal research, ios, communication, organization, encryption",paralegal,associate in law,law_and_public_services,bachelor's in paralegal studies,"['judgment', 'public speaking', 'critical thinking']","['critical thinking', 'judgment', 'analytical skills', 'public speaking']","['document preparation', 'legal research']","['document preparation', 'legal research']"
"education: bachelor's in accounting experience: 1 years skills: budget planning, communication, attention to detail, financial analysis, excel, gcp, forecasting, marketing",budget analyst,bachelor's in accounting,economy,bachelor's in finance,"['budget planning', 'financial analysis']","['budget planning', 'financial analysis']",['excel'],['excel']
"education: ux certification experience: 4 years skills: wireframing, prototyping, ci/cd, design thinking, project management, usability testing, communication, user research",ux designer,ux certification,creative_design,bachelor's in design,"['attention to detail', 'adaptability']","['collaboration', 'attention to detail']","['prototyping', 'wireframing']","['prototyping', 'wireframing']"
"education: bachelor's in civil engineering experience: 2 years skills: project management, tableau, cad, machine learning, sql, building codes, design, materials",structural engineer,bachelor's in civil engineering,engineering,bachelor's in civil engineering,['structural analysis'],['structural analysis'],"['cad', 'building codes']","['cad', 'building codes']"
"education: bachelor's in design experience: 1 years skills: design systems, figma, creativity, marketing, financial analysis, visual design, ui principles, c#",ui designer,bachelor's in design,creative_design,bachelor's in design,['financial analysis'],"['creativity', 'financial analysis']",['figma'],['figma']
"education: bachelor's in automotive engineering experience: 1 years skills: vehicle systems, materials, teamwork, terraform, thermal systems, css, problem solving, compliance",automotive engineer,bachelor's in automotive engineering,engineering,bachelor's in automotive engineering,"['teamwork', 'problem solving']","['problem solving', 'teamwork', 'time management']","['vehicle systems', 'cad', 'thermal systems']","['cad', 'vehicle systems', 'thermal systems']"
"education: bachelor's in finance experience: 4 years skills: adobe creative suite, statistics, mobile security, financial modeling, excel, ci/cd, risk analysis, financial analysis",financial analyst,bachelor's in finance,economy,bachelor's in finance,"['financial analysis', 'risk analysis']",['risk analysis'],"['valuation', 'python', 'statistics', 'financial modeling', 'excel']","['python', 'statistics', 'financial modeling', 'excel', 'valuation']"
"education: bachelor's in accounting experience: 3 years skills: tax planning, accounting, tensorflow, software, creativity, compliance, irs knowledge, agile",tax specialist,bachelor's in accounting,economy,bachelor's in accounting,['tax planning'],['tax planning'],['accounting'],['accounting']
"education: bachelor's in chemical engineering experience: 5 years skills: process design, python, thermochemistry, data analysis, docker, laboratory skills, jupyter, safety",chemical engineer,bachelor's in chemical engineering,engineering,bachelor's in chemical engineering,['data analysis'],['data analysis'],['process design'],['process design']
"education: bachelor's in marketing experience: 2 years skills: content strategy, agile, seo, sem, social media, typescript, email marketing, shell scripting",digital marketing manager,bachelor's in marketing,economy,bachelor's in marketing,"['business acumen', 'planning']","['business acumen', 'planning', 'decision making', 'negotiation']",['seo'],['seo']
"education: bachelor's in electrical engineering experience: 2 years skills: cad, electrical systems, deep learning, project management, typescript, web accessibility, circuit design, power systems",electrical engineer,bachelor's in electrical engineering,engineering,bachelor's in electrical engineering,"['problem solving', 'attention to detail', 'precision']","['problem solving', 'critical thinking', 'attention to detail']","['circuit design', 'cad', 'electrical systems']","['circuit design', 'cad', 'electrical systems']"
"education: bachelor's in communications experience: 1 years skills: community management, content creation, documentation, social media strategy, copywriting, ansible, platform knowledge, analytics",social media manager,bachelor's in communications,economy,bachelor's in marketing,"['communication', 'business acumen']","['business acumen', 'decision making', 'negotiation', 'communication']",['copywriting'],['copywriting']
"education: bachelor's in electronics engineering experience: 2 years skills: shell scripting, vue.js, cad, hardware design, web design, embedded systems, creativity, adaptability",electronics engineer,bachelor's in electronics engineering,engineering,bachelor's in electronics engineering,"['precision', 'time management', 'attention to detail']","['precision', 'critical thinking', 'attention to detail']","['pcb design', 'circuit design', 'cad', 'embedded systems', 'microcontrollers']","['circuit design', 'pcb design', 'cad', 'embedded systems', 'microcontrollers']"
"education: associate in law experience: 1 years skills: attention to detail, legal knowledge, encryption, document preparation, organization, legal research, jira, communication",paralegal,associate in law,law_and_public_services,bachelor's in paralegal studies,"['judgment', 'responsibility']","['public speaking', 'ethics', 'responsibility']","['document preparation', 'legal research']","['document preparation', 'legal research']"
"education: bachelor's in finance experience: 3 years skills: graphic design, excel, financial modeling, deep learning, risk analysis, valuation, business acumen, python",financial analyst,bachelor's in finance,economy,bachelor's in finance,"['business acumen', 'risk analysis']",['risk analysis'],"['python', 'statistics', 'financial modeling', 'excel', 'valuation']","['python', 'statistics', 'financial modeling', 'excel', 'valuation']"
"education: bachelor's in aerospace engineering experience: 2 years skills: structural analysis, physics, nosql, matlab, perl, design, aerodynamics, cad",aerospace engineer,bachelor's in aerospace engineering,engineering,bachelor's in aerospace engineering,['structural analysis'],['structural analysis'],"['cad', 'aerodynamics', 'matlab']","['cad', 'aerodynamics', 'matlab']"
"education: cpa or equivalent experience: 3 years skills: quickbooks, statistics, gaap, leadership, accounting principles, financial analysis, excel, tax knowledge",accountant,accounting or equivalent,economy,bachelor's in accounting,['financial analysis'],['financial analysis'],"['statistics', 'excel']",['excel']
"education: bachelor's in sales experience: 5 years skills: team leadership, machine learning, communication, negotiation, crm, target setting, mongodb, sales strategy",sales manager,bachelor's in sales,economy,bachelor's in business,"['business acumen', 'communication']","['business acumen', 'strategic thinking', 'planning', 'communication']",['crm'],['crm']
"education: bachelor's in aerospace engineering experience: 2 years skills: presentation skills, jenkins, aerodynamics, tensorflow, cad, design, physics, structural analysis",aerospace engineer,bachelor's in aerospace engineering,engineering,bachelor's in aerospace engineering,['structural analysis'],['structural analysis'],"['cad', 'aerodynamics', 'matlab']","['cad', 'aerodynamics', 'matlab']"
"education: bachelor's in marketing experience: 5 years skills: financial analysis, power bi, budget management, campaign management, numpy, communication, leadership, technical writing",marketing manager,bachelor's in marketing,economy,bachelor's in marketing,['financial analysis'],"['business acumen', 'financial analysis']","['brand strategy', 'campaign management']","['campaign management', 'brand strategy']"
"education: bachelor's in electronics engineering experience: 2 years skills: cad, microcontrollers, hardware design, swift, pcb design, embedded systems, typescript, problem solving",electronics engineer,bachelor's in electronics engineering,engineering,bachelor's in electronics engineering,"['precision', 'attention to detail']","['precision', 'teamwork']","['pcb design', 'circuit design', 'cad', 'embedded systems', 'microcontrollers']","['circuit design', 'pcb design', 'cad', 'embedded systems', 'microcontrollers']"
"education: bachelor's in electronics engineering experience: 1 years skills: pcb design, cad, hardware design, microcontrollers, circuit design, graphic design, embedded systems, r",electronics engineer,bachelor's in electronics engineering,engineering,bachelor's in electronics engineering,"['critical thinking', 'problem solving']","['precision', 'problem solving', 'critical thinking']","['pcb design', 'circuit design', 'cad', 'embedded systems', 'microcontrollers']","['circuit design', 'pcb design', 'cad', 'embedded systems', 'microcontrollers']"
"education: bachelor's in 3d art experience: 1 years skills: rendering, graphic design, web design, problem solving, creativity, texturing, software skills, gcp",3d artist,bachelor's in 3d art,creative_design,bachelor's in 3d art,"['attention to detail', 'adaptability', 'storytelling']","['storytelling', 'collaboration', 'attention to detail']","['graphic design', 'rendering', 'web design', 'texturing', '3d modeling']","['3d modeling', 'rendering', 'texturing']"
"education: bachelor's in mechanical engineering experience: 3 years skills: production planning, equipment knowledge, postgresql, process design, quality control, data analysis, r, problem solving",manufacturing engineer,bachelor's in mechanical engineering,engineering,bachelor's in manufacturing engineering,"['production planning', 'data analysis']",['production planning'],"['process design', 'cad']","['cad', 'process design']"
"education: cpa experience: 7 years skills: redis, internal controls, audit procedures, communication, compliance, perl, risk assessment, leadership",audit manager,accounting,economy,bachelor's in accounting,"['business acumen', 'communication']","['business acumen', 'negotiation', 'communication']",['audit procedures'],['audit procedures']
"education: bachelor's in aerospace engineering experience: 4 years skills: structural analysis, responsive design, design, web design, matlab, react, cad, rust",aerospace engineer,bachelor's in aerospace engineering,engineering,bachelor's in aerospace engineering,['structural analysis'],['structural analysis'],"['cad', 'aerodynamics', 'matlab']","['cad', 'aerodynamics', 'matlab']"
"education: bachelor's in design experience: 4 years skills: serverless, php, business acumen, html/css, responsive design, creativity, numpy, design tools",web designer,bachelor's in design,creative_design,bachelor's in design,['business acumen'],"['creativity', 'business acumen', 'collaboration']","['responsive design', 'web design']","['responsive design', 'web design']"
"education: bachelor's in computer engineering experience: 4 years skills: low-level programming, perl, confluence, real-time systems, encryption, embedded linux, microcontrollers, c/c++",embedded systems engineer,bachelor's in computer engineering,engineering,bachelor's in electronics engineering,"['time management', 'attention to detail']","['problem solving', 'time management', 'attention to detail']",['microcontrollers'],['microcontrollers']
"education: bachelor's in marketing experience: 1 years skills: email campaign management, automation platforms, analytics, wireframing, scrum, a/b testing, swift, microservices",email marketing specialist,bachelor's in marketing,economy,bachelor's in marketing,"['business acumen', 'communication', 'negotiation']","['business acumen', 'planning', 'communication']","['seo', 'copywriting']",['copywriting']
"education: cpa experience: 6 years skills: leadership, audit procedures, compliance, communication, internal controls, firewalls, machine learning, risk assessment",audit manager,accounting,economy,bachelor's in accounting,"['planning', 'decision making', 'strategic thinking']","['strategic thinking', 'planning', 'decision making', 'negotiation']",['audit procedures'],['audit procedures']
"education: bachelor's in civil engineering experience: 3 years skills: graphic design, calculations, communication, cad, building codes, design, prototyping, structural analysis",structural engineer,bachelor's in civil engineering,engineering,bachelor's in civil engineering,['structural analysis'],['structural analysis'],"['cad', 'building codes']","['cad', 'building codes']"
"education: bachelor's in mechanical engineering experience: 1 years skills: network security, technical documentation, react, php, mechanical design, physics, pandas, thermodynamics",mechanical engineer,bachelor's in mechanical engineering,engineering,bachelor's in mechanical engineering,"['time management', 'attention to detail', 'precision']","['precision', 'teamwork', 'time management', 'attention to detail']",['cad'],['cad']
"education: bachelor's in marketing experience: 2 years skills: technical seo, p&l management, backlink strategy, keyword research, machine learning, analytics, time management, seo",seo specialist,bachelor's in marketing,economy,bachelor's in marketing,"['business acumen', 'decision making', 'strategic thinking']","['business acumen', 'decision making', 'negotiation', 'communication']",['seo'],['seo']
"education: bachelor's in business experience: 5 years skills: product strategy, python, mongodb, messaging, market research, positioning, app testing, campaign management",product marketing manager,bachelor's in business,economy,bachelor's in marketing,"['communication', 'strategic thinking']","['strategic thinking', 'negotiation']","['python', 'campaign management']",['campaign management']
"education: ui certification experience: 1 years skills: ui principles, communication, visual design, agile, cassandra, design systems, penetration testing, prototyping tools",ui designer,ui certification,creative_design,bachelor's in design,"['communication', 'collaboration']","['collaboration', 'communication']","['adobe creative suite', 'figma']",['figma']
"education: bachelor's in accounting experience: 1 years skills: tax law, tax planning, encryption, software, presentation skills, irs knowledge, mobile ui/ux, accounting",tax specialist,bachelor's in accounting,economy,bachelor's in accounting,['tax planning'],['tax planning'],['accounting'],['accounting']
"education: bachelor's in marketing experience: 2 years skills: keyword research, database design, technical seo, content optimization, kotlin, backlink strategy, scrum, analytics",seo specialist,bachelor's in marketing,economy,bachelor's in marketing,"['negotiation', 'strategic thinking', 'communication']","['business acumen', 'strategic thinking', 'negotiation', 'communication']",['seo'],['seo']
"education: bachelor's in electronics engineering experience: 3 years skills: circuit design, pcb design, cad, shell scripting, microcontrollers, hardware design, vue.js, embedded systems",electronics engineer,bachelor's in electronics engineering,engineering,bachelor's in electronics engineering,"['time management', 'attention to detail', 'teamwork']","['precision', 'teamwork', 'attention to detail']","['circuit design', 'pcb design', 'cad', 'embedded systems', 'microcontrollers']","['circuit design', 'pcb design', 'cad', 'embedded systems', 'microcontrollers']"
"education: ui certification experience: 0 years skills: prototyping tools, ui principles, jenkins, creativity, design systems, statistics, figma, visual design",ui designer,ui certification,creative_design,bachelor's in design,"['adaptability', 'storytelling']","['adaptability', 'storytelling', 'attention to detail']",['figma'],['figma']
"education: cpa experience: 8 years skills: compliance, tensorflow, audit procedures, internal controls, leadership, communication, risk assessment, user experience",audit manager,accounting,economy,bachelor's in accounting,"['negotiation', 'decision making', 'planning']","['business acumen', 'planning', 'decision making', 'negotiation']",['audit procedures'],['audit procedures']
"education: bachelor's in business experience: 2 years skills: product knowledge, negotiation, account management, crm, relationship building, sales, vue.js, creativity",account executive,bachelor's in business,economy,bachelor's in business,"['business acumen', 'decision making']","['business acumen', 'planning', 'decision making', 'communication']",['crm'],['crm']
"education: bachelor's in accounting experience: 1 years skills: angular, tax law, compliance, adobe creative suite, software, tax planning, irs knowledge, firewalls",tax specialist,bachelor's in accounting,economy,bachelor's in accounting,['tax planning'],['tax planning'],['accounting'],['accounting']
"education: associate in law experience: 4 years skills: communication, machine learning, legal research, organization, market research, attention to detail, legal knowledge, document preparation",paralegal,associate in law,law_and_public_services,bachelor's in paralegal studies,"['critical thinking', 'judgment', 'public speaking']","['judgment', 'public speaking', 'analytical skills', 'critical thinking']","['document preparation', 'legal research']","['document preparation', 'legal research']"
"education: cpa or equivalent experience: 4 years skills: gaap, accounting principles, tax knowledge, financial analysis, creativity, p&l management, quickbooks, excel",accountant,accounting or equivalent,economy,bachelor's in accounting,['financial analysis'],['financial analysis'],['excel'],['excel']
"education: bachelor's in accounting experience: 3 years skills: kubernetes, compliance, tax law, query optimization, irs knowledge, react native, accounting, software",tax specialist,bachelor's in accounting,economy,bachelor's in accounting,['tax planning'],['tax planning'],['accounting'],['accounting']
"education: bachelor's in accounting experience: 3 years skills: software, tax law, tax planning, irs knowledge, decision making, compliance, jupyter, accounting",tax specialist,bachelor's in accounting,economy,bachelor's in accounting,['tax planning'],['tax planning'],['accounting'],['accounting']
"education: ux certification experience: 3 years skills: budget management, usability testing, leadership, mobile security, prototyping, swift, design thinking, user research",ux designer,ux certification,creative_design,bachelor's in design,"['storytelling', 'collaboration']","['creativity', 'storytelling', 'collaboration', 'attention to detail']","['prototyping', 'wireframing']","['prototyping', 'wireframing']"
"education: ui certification experience: 3 years skills: responsive design, prototyping tools, ui principles, javascript, sales, c++, figma, visual design",ui designer,ui certification,creative_design,bachelor's in design,"['collaboration', 'communication']","['adaptability', 'storytelling', 'collaboration', 'communication']","['responsive design', 'figma']",['figma']
"education: bachelor's in communications experience: 1 years skills: research, writing, mongodb, shell scripting, seo, ci/cd, project management, analytics",content marketing manager,bachelor's in communications,economy,bachelor's in marketing,"['communication', 'strategic thinking', 'planning']","['planning', 'negotiation', 'communication']",['seo'],['seo']
"education: master's in finance experience: 3 years skills: swift, m&a, excel, financial modeling, graphic design, communication, research, valuation",investment banking analyst,master's in finance,economy,bachelor's in finance,"['communication', 'decision making']","['planning', 'communication']","['financial modeling', 'excel', 'valuation']","['financial modeling', 'excel', 'valuation']"
"education: bachelor's in business experience: 1 years skills: numpy, relationship building, postgresql, scikit-learn, product knowledge, sales, negotiation, crm",account executive,bachelor's in business,economy,bachelor's in business,"['business acumen', 'negotiation']","['decision making', 'negotiation']",['crm'],['crm']
"education: bachelor's in communications experience: 4 years skills: content strategy, seo, writing, strategic planning, analytics, firewalls, project management, app testing",content marketing manager,bachelor's in communications,economy,bachelor's in marketing,"['communication', 'negotiation', 'strategic thinking']","['business acumen', 'strategic thinking', 'planning', 'negotiation']",['seo'],['seo']
"education: bachelor's in automotive engineering experience: 1 years skills: vehicle systems, azure, problem solving, materials, testing, cad, creativity, thermal systems",automotive engineer,bachelor's in automotive engineering,engineering,bachelor's in automotive engineering,"['precision', 'time management', 'teamwork']","['critical thinking', 'teamwork', 'time management']","['cad', 'thermal systems', 'vehicle systems']","['cad', 'vehicle systems', 'thermal systems']"
"education: bachelor's in electronics engineering experience: 3 years skills: microcontrollers, cad, business acumen, embedded systems, pcb design, hardware design, circuit design, flask",electronics engineer,bachelor's in electronics engineering,engineering,bachelor's in electronics engineering,['business acumen'],"['business acumen', 'time management']","['pcb design', 'circuit design', 'cad', 'embedded systems', 'microcontrollers']","['circuit design', 'pcb design', 'cad', 'embedded systems', 'microcontrollers']"
"education: bachelor's in accounting experience: 4 years skills: kotlin, forecasting, excel, financial analysis, communication, attention to detail, budget planning, flask",budget analyst,bachelor's in accounting,economy,bachelor's in finance,"['budget planning', 'financial analysis']","['budget planning', 'financial analysis']",['excel'],['excel']
"education: cpa or equivalent experience: 0 years skills: accounting principles, tax knowledge, query optimization, excel, gaap, confluence, financial analysis, quickbooks",accountant,accounting or equivalent,economy,bachelor's in accounting,['financial analysis'],['financial analysis'],['excel'],['excel']
"education: cpa or equivalent experience: 2 years skills: gaap, excel, quickbooks, financial analysis, accounting principles, aws, time management, css",accountant,accounting or equivalent,economy,bachelor's in accounting,['financial analysis'],['financial analysis'],['excel'],['excel']
"education: bachelor's in marketing experience: 1 years skills: javascript, community management, documentation, analytics, machine learning, copywriting, social media strategy, content creation",social media manager,bachelor's in marketing,economy,bachelor's in marketing,"['planning', 'business acumen']","['strategic thinking', 'planning', 'negotiation']",['copywriting'],['copywriting']
"education: bachelor's in communications experience: 2 years skills: decision making, negotiation, python, product knowledge, account management, sales, relationship building, crm",account executive,bachelor's in communications,economy,bachelor's in business,"['decision making', 'negotiation', 'planning']","['planning', 'decision making', 'communication']","['crm', 'python']",['crm']
"education: bachelor's in aerospace engineering experience: 4 years skills: node.js, matlab, physics, aerodynamics, design, cad, structural analysis, decision making",aerospace engineer,bachelor's in aerospace engineering,engineering,bachelor's in aerospace engineering,['structural analysis'],['structural analysis'],"['cad', 'aerodynamics', 'matlab']","['cad', 'aerodynamics', 'matlab']"
"education: bachelor's in business experience: 0 years skills: selling, product knowledge, security architecture, client relationships, negotiation, ci/cd, risk assessment, web accessibility",sales executive,bachelor's in business,economy,bachelor's in business,"['negotiation', 'business acumen']","['business acumen', 'strategic thinking', 'communication', 'negotiation']",['crm'],['crm']
"education: bachelor's in accounting experience: 3 years skills: scrum, attention to detail, budget planning, nosql, excel, agile, forecasting, mobile security",budget analyst,bachelor's in accounting,economy,bachelor's in finance,"['budget planning', 'financial analysis']","['budget planning', 'financial analysis']",['excel'],['excel']
"education: cpa experience: 7 years skills: risk assessment, audit procedures, compliance, scikit-learn, creativity, internal controls, leadership, pytorch",audit manager,accounting,economy,bachelor's in accounting,"['communication', 'strategic thinking']","['business acumen', 'strategic thinking', 'planning', 'communication']",['audit procedures'],['audit procedures']
"education: bachelor's in electrical engineering experience: 2 years skills: electrical systems, python, management, kubernetes, problem solving, safety, firewalls, scikit-learn",electrical utilities manager,bachelor's in electrical engineering,engineering,bachelor's in electrical engineering,"['problem solving', 'attention to detail']","['problem solving', 'teamwork', 'time management']",['electrical systems'],['electrical systems']
"education: engineering license experience: 6 years skills: python, leadership, regulatory knowledge, query optimization, safety, problem solving, management, swift",electrical utilities manager,engineering license,engineering,bachelor's in electrical engineering,"['time management', 'attention to detail', 'critical thinking']","['time management', 'attention to detail']",['electrical systems'],['electrical systems']
"education: bachelor's in electrical engineering experience: 1 years skills: angular, troubleshooting, sql, circuit design, power systems, technical knowledge, financial analysis, cad",electrical engineer,bachelor's in electrical engineering,engineering,bachelor's in electrical engineering,['financial analysis'],"['financial analysis', 'time management']","['circuit design', 'cad', 'electrical systems']","['circuit design', 'cad', 'electrical systems']"
"education: bachelor's in paralegal studies experience: 1 years skills: legal research, aws, mobile security, legal knowledge, attention to detail, document preparation, swift, communication",paralegal,bachelor's in paralegal studies,law_and_public_services,bachelor's in paralegal studies,"['ethics', 'judgment', 'analytical skills']","['judgment', 'analytical skills', 'critical thinking', 'responsibility']","['document preparation', 'legal research']","['document preparation', 'legal research']"
"education: bachelor's in marketing experience: 3 years skills: html, c++, oracle, seo, writing, content strategy, project management, research",content marketing manager,bachelor's in marketing,economy,bachelor's in marketing,"['business acumen', 'communication']","['business acumen', 'decision making', 'communication']",['seo'],['seo']
"education: bachelor's in marketing experience: 1 years skills: copywriting, automation platforms, p&l management, database design, segmentation, a/b testing, email campaign management, kubernetes",email marketing specialist,bachelor's in marketing,economy,bachelor's in marketing,"['strategic thinking', 'negotiation']","['business acumen', 'strategic thinking', 'negotiation']",['copywriting'],['copywriting']
"education: bachelor's in civil engineering experience: 2 years skills: html, building codes, design, angular, cad, calculations, structural analysis, materials",structural engineer,bachelor's in civil engineering,engineering,bachelor's in civil engineering,['structural analysis'],['structural analysis'],"['cad', 'building codes']","['cad', 'building codes']"
"education: bachelor's in sales experience: 5 years skills: shell scripting, target setting, leadership, communication, creativity, sales strategy, negotiation, javascript",sales manager,bachelor's in sales,economy,bachelor's in business,"['decision making', 'planning']","['strategic thinking', 'planning', 'decision making']",['crm'],['crm']
"education: bachelor's in finance experience: 1 years skills: statistics, valuation, python, risk analysis, communication, postgresql, excel, marketing",financial analyst,bachelor's in finance,economy,bachelor's in finance,['risk analysis'],['risk analysis'],"['python', 'statistics', 'financial modeling', 'excel', 'valuation']","['python', 'statistics', 'financial modeling', 'excel', 'valuation']"
"education: bachelor's in chemical engineering experience: 1 years skills: safety, laboratory skills, jenkins, chemical processes, data analysis, thermochemistry, c#, process design",chemical engineer,bachelor's in chemical engineering,engineering,bachelor's in chemical engineering,['data analysis'],['data analysis'],['process design'],['process design']
"education: bachelor's in aerospace engineering experience: 4 years skills: cad, firewalls, physics, project management, graphql, aerodynamics, structural analysis, design",aerospace engineer,bachelor's in aerospace engineering,engineering,bachelor's in aerospace engineering,['structural analysis'],['structural analysis'],"['cad', 'aerodynamics', 'matlab']","['cad', 'aerodynamics', 'matlab']"
"education: bachelor's in accounting experience: 5 years skills: communication, r, risk assessment, ci/cd, leadership, php, internal controls, compliance",audit manager,bachelor's in accounting,economy,bachelor's in accounting,"['planning', 'business acumen', 'decision making']","['business acumen', 'planning', 'decision making']",['audit procedures'],['audit procedures']
"education: bachelor's in electronics engineering experience: 4 years skills: pcb design, user interface, network security, deep learning, circuit design, cad, graphql, mysql",electronics engineer,bachelor's in electronics engineering,engineering,bachelor's in electronics engineering,"['teamwork', 'precision']","['precision', 'teamwork', 'attention to detail']","['circuit design', 'pcb design', 'cad', 'embedded systems', 'microcontrollers']","['circuit design', 'pcb design', 'cad', 'embedded systems', 'microcontrollers']"
"education: bachelor's in marketing experience: 1 years skills: community management, analytics, platform knowledge, problem solving, copywriting, social media strategy, css, scikit-learn",social media manager,bachelor's in marketing,economy,bachelor's in marketing,"['business acumen', 'planning']","['business acumen', 'negotiation']",['copywriting'],['copywriting']
"education: bachelor's in accounting experience: 4 years skills: accounting principles, graphql, tax knowledge, quickbooks, scikit-learn, gaap, excel, financial analysis",accountant,bachelor's in accounting,economy,bachelor's in accounting,['financial analysis'],['financial analysis'],['excel'],['excel']
"education: bachelor's in accounting experience: 2 years skills: project management, forecasting, attention to detail, financial analysis, time management, communication, pytorch, budget planning",budget analyst,bachelor's in accounting,economy,bachelor's in finance,"['budget planning', 'financial analysis']","['budget planning', 'financial analysis']",['excel'],['excel']
"education: bachelor's in automotive engineering experience: 5 years skills: django, negotiation, vehicle systems, testing, problem solving, leadership, cad, materials",automotive engineer,bachelor's in automotive engineering,engineering,bachelor's in automotive engineering,"['time management', 'precision']","['precision', 'critical thinking', 'attention to detail']","['cad', 'thermal systems', 'vehicle systems']","['cad', 'vehicle systems', 'thermal systems']"
"education: bachelor's in mechanical engineering experience: 3 years skills: thermal systems, problem solving, android, security protocols, cad, materials, vehicle systems, testing",automotive engineer,bachelor's in mechanical engineering,engineering,bachelor's in automotive engineering,"['precision', 'time management', 'teamwork']","['time management', 'attention to detail']","['cad', 'vehicle systems', 'thermal systems']","['cad', 'vehicle systems', 'thermal systems']"
"education: engineering license experience: 2 years skills: statistics, problem solving, management, power bi, electrical systems, leadership, regulatory knowledge, safety",electrical utilities manager,engineering license,engineering,bachelor's in electrical engineering,"['attention to detail', 'problem solving', 'precision']","['problem solving', 'attention to detail']",['electrical systems'],['electrical systems']
"education: bachelor's in mechanical engineering experience: 1 years skills: cad, kanban, business acumen, production planning, critical thinking, equipment knowledge, problem solving, process design",manufacturing engineer,bachelor's in mechanical engineering,engineering,bachelor's in manufacturing engineering,"['business acumen', 'production planning']",['production planning'],"['process design', 'cad']","['cad', 'process design']"
"education: bachelor's in aerospace engineering experience: 1 years skills: structural analysis, matlab, aerodynamics, penetration testing, physics, cad, app testing, p&l management",aerospace engineer,bachelor's in aerospace engineering,engineering,bachelor's in aerospace engineering,['structural analysis'],['structural analysis'],"['cad', 'aerodynamics', 'matlab']","['cad', 'aerodynamics', 'matlab']"
"education: bachelor's in electronics engineering experience: 3 years skills: hardware design, embedded systems, c#, django, r, pandas, microcontrollers, pcb design",electronics engineer,bachelor's in electronics engineering,engineering,bachelor's in electronics engineering,"['attention to detail', 'teamwork']","['critical thinking', 'attention to detail']","['pcb design', 'circuit design', 'cad', 'embedded systems', 'microcontrollers']","['circuit design', 'pcb design', 'cad', 'embedded systems', 'microcontrollers']"
"education: bachelor's in electronics engineering experience: 1 years skills: financial analysis, cad, r, microcontrollers, embedded systems, technical writing, pcb design, c#",electronics engineer,bachelor's in electronics engineering,engineering,bachelor's in electronics engineering,['financial analysis'],"['precision', 'financial analysis', 'critical thinking']","['pcb design', 'circuit design', 'cad', 'embedded systems', 'microcontrollers']","['circuit design', 'pcb design', 'cad', 'embedded systems', 'microcontrollers']"
"education: bachelor's in electrical engineering experience: 5 years skills: deep learning, troubleshooting, power systems, sales, mobile ui/ux, circuit design, electrical systems, responsive design",electrical engineer,bachelor's in electrical engineering,engineering,bachelor's in electrical engineering,"['attention to detail', 'time management']","['critical thinking', 'attention to detail']","['circuit design', 'cad', 'electrical systems']","['circuit design', 'cad', 'electrical systems']"
"education: bachelor's in mechanical engineering experience: 5 years skills: cad, terraform, production planning, process design, quality control, equipment knowledge, query optimization, problem solving",manufacturing engineer,bachelor's in mechanical engineering,engineering,bachelor's in manufacturing engineering,['production planning'],['production planning'],"['process design', 'cad']","['cad', 'process design']"
"education: bachelor's in communications experience: 5 years skills: analytics, research, content strategy, seo, writing, project management, react, critical thinking",content marketing manager,bachelor's in communications,economy,bachelor's in marketing,"['business acumen', 'negotiation', 'communication']","['communication', 'planning', 'negotiation']",['seo'],['seo']
"education: bachelor's in chemical engineering experience: 4 years skills: laboratory skills, safety, chemical processes, process design, data analysis, budget management, thermochemistry, angular",chemical engineer,bachelor's in chemical engineering,engineering,bachelor's in chemical engineering,['data analysis'],['data analysis'],['process design'],['process design']
"education: bachelor's in civil engineering experience: 3 years skills: structural analysis, confluence, building codes, calculations, materials, business acumen, css, design",structural engineer,bachelor's in civil engineering,engineering,bachelor's in civil engineering,"['business acumen', 'structural analysis']",['structural analysis'],"['cad', 'building codes']","['cad', 'building codes']"
"education: bachelor's in manufacturing engineering experience: 2 years skills: problem solving, process design, azure, equipment knowledge, cad, prototyping, quality control, decision making",manufacturing engineer,bachelor's in manufacturing engineering,engineering,bachelor's in manufacturing engineering,['production planning'],['production planning'],"['process design', 'cad']","['cad', 'process design']"
"education: bachelor's in accounting experience: 4 years skills: compliance, c++, risk assessment, firewalls, communication, leadership, angular, internal controls",audit manager,bachelor's in accounting,economy,bachelor's in accounting,"['planning', 'business acumen']","['business acumen', 'communication', 'planning', 'negotiation']",['audit procedures'],['audit procedures']
"education: bachelor's in chemical engineering experience: 3 years skills: flask, safety, postgresql, chemical processes, thermochemistry, data analysis, process design, laboratory skills",chemical engineer,bachelor's in chemical engineering,engineering,bachelor's in chemical engineering,['data analysis'],['data analysis'],['process design'],['process design']
"education: bachelor's in aerospace engineering experience: 4 years skills: structural analysis, postgresql, cad, aerodynamics, physics, user interface, design, matlab",aerospace engineer,bachelor's in aerospace engineering,engineering,bachelor's in aerospace engineering,['structural analysis'],['structural analysis'],"['cad', 'aerodynamics', 'matlab']","['cad', 'aerodynamics', 'matlab']"
"education: bachelor's in electronics engineering experience: 1 years skills: cad, circuit design, embedded systems, python, hardware design, microcontrollers, problem solving, jupyter",electronics engineer,bachelor's in electronics engineering,engineering,bachelor's in electronics engineering,"['attention to detail', 'teamwork']","['problem solving', 'time management', 'attention to detail']","['circuit design', 'pcb design', 'cad', 'embedded systems', 'microcontrollers']","['circuit design', 'pcb design', 'cad', 'embedded systems', 'microcontrollers']"
"education: bachelor's in mechanical engineering experience: 4 years skills: production planning, quality control, problem solving, cad, process design, machine learning, kanban, prototyping",manufacturing engineer,bachelor's in mechanical engineering,engineering,bachelor's in manufacturing engineering,['production planning'],['production planning'],"['process design', 'cad']","['cad', 'process design']"
"education: bachelor's in civil engineering experience: 2 years skills: design, structural analysis, calculations, materials, pytorch, cad, problem solving, pandas",structural engineer,bachelor's in civil engineering,engineering,bachelor's in civil engineering,['structural analysis'],['structural analysis'],"['cad', 'building codes']","['cad', 'building codes']"
"education: bachelor's in mechanical engineering experience: 4 years skills: mobile security, graphic design, quality control, cad, creativity, production planning, equipment knowledge, process design",manufacturing engineer,bachelor's in mechanical engineering,engineering,bachelor's in manufacturing engineering,['production planning'],['production planning'],"['process design', 'cad']","['cad', 'process design']"
"education: bachelor's in design experience: 2 years skills: usability testing, user research, r, prototyping, wireframing, communication, shell scripting, design thinking",ux designer,bachelor's in design,creative_design,bachelor's in design,"['storytelling', 'communication', 'collaboration']","['storytelling', 'collaboration', 'attention to detail']","['prototyping', 'wireframing']","['prototyping', 'wireframing']"
"education: bachelor's in biomedical engineering experience: 4 years skills: cad, technical design, decision making, problem solving, medical devices, adobe creative suite, regulatory knowledge, web accessibility",biomedical engineer,bachelor's in biomedical engineering,engineering,bachelor's in biomedical engineering,"['teamwork', 'critical thinking', 'precision']","['time management', 'problem solving', 'critical thinking']",['cad'],['cad']
"education: bachelor's in marketing experience: 4 years skills: analytics, platform knowledge, social media strategy, user experience, penetration testing, r, copywriting, community management",social media manager,bachelor's in marketing,economy,bachelor's in marketing,"['planning', 'negotiation', 'strategic thinking']","['strategic thinking', 'planning', 'decision making', 'negotiation']",['copywriting'],['copywriting']
"education: bachelor's in electrical engineering experience: 4 years skills: power systems, android, cad, financial analysis, shell scripting, css, user experience, troubleshooting",electrical engineer,bachelor's in electrical engineering,engineering,bachelor's in electrical engineering,['financial analysis'],"['precision', 'financial analysis', 'attention to detail']","['circuit design', 'cad', 'electrical systems']","['circuit design', 'cad', 'electrical systems']"
"education: digital marketing certification experience: 5 years skills: problem solving, social media, analytics, sem, content strategy, web accessibility, email marketing, seo",digital marketing manager,digital marketing certification,economy,bachelor's in marketing,"['strategic thinking', 'communication', 'decision making']","['business acumen', 'strategic thinking', 'planning', 'decision making']",['seo'],['seo']
"education: bachelor's in business experience: 6 years skills: leadership, communication, campaign management, security architecture, analytics, budget management, ios, cloudformation",marketing manager,bachelor's in business,economy,bachelor's in marketing,"['decision making', 'business acumen', 'communication']","['business acumen', 'decision making', 'communication']","['brand strategy', 'campaign management']","['campaign management', 'brand strategy']"
"education: bachelor's in civil engineering experience: 2 years skills: cad, technical design, project management, autocad, building codes, structural analysis, sales, nosql",civil engineer,bachelor's in civil engineering,engineering,bachelor's in civil engineering,['structural analysis'],['structural analysis'],"['autocad', 'cad', 'building codes']","['autocad', 'building codes', 'cad']"
"education: bachelor's in automotive engineering experience: 4 years skills: p&l management, shell scripting, leadership, materials, cad, vehicle systems, thermal systems, ruby",automotive engineer,bachelor's in automotive engineering,engineering,bachelor's in automotive engineering,"['attention to detail', 'time management', 'teamwork']","['precision', 'teamwork', 'time management']","['cad', 'thermal systems', 'vehicle systems']","['cad', 'vehicle systems', 'thermal systems']"
"education: bachelor's in business experience: 5 years skills: php, sql, product strategy, market research, positioning, campaign management, analytics, messaging",product marketing manager,bachelor's in business,economy,bachelor's in marketing,"['decision making', 'planning', 'communication']","['strategic thinking', 'negotiation', 'communication']",['campaign management'],['campaign management']
"education: bachelor's in finance experience: 4 years skills: budget planning, financial analysis, web design, forecasting, attention to detail, excel, communication, machine learning",budget analyst,bachelor's in finance,economy,bachelor's in finance,"['budget planning', 'financial analysis']","['budget planning', 'financial analysis']",['excel'],['excel']
"education: bachelor's in electronics engineering experience: 0 years skills: hardware design, oracle, cad, microcontrollers, presentation skills, pcb design, circuit design, embedded systems",electronics engineer,bachelor's in electronics engineering,engineering,bachelor's in electronics engineering,"['critical thinking', 'attention to detail']","['precision', 'critical thinking', 'attention to detail']","['pcb design', 'circuit design', 'cad', 'embedded systems', 'microcontrollers']","['circuit design', 'pcb design', 'cad', 'embedded systems', 'microcontrollers']"
"education: bachelor's in marketing experience: 4 years skills: email campaign management, node.js, jira, android, copywriting, serverless, a/b testing, automation platforms",email marketing specialist,bachelor's in marketing,economy,bachelor's in marketing,"['business acumen', 'planning']","['planning', 'negotiation']",['copywriting'],['copywriting']
"education: bachelor's in civil engineering experience: 6 years skills: structural analysis, cad, materials, technical writing, perl, building codes, seo, calculations",structural engineer,bachelor's in civil engineering,engineering,bachelor's in civil engineering,['structural analysis'],['structural analysis'],"['cad', 'building codes']","['cad', 'building codes']"
"education: bachelor's in accounting experience: 2 years skills: agile, irs knowledge, software, ios, compliance, teamwork, postgresql, accounting",tax specialist,bachelor's in accounting,economy,bachelor's in accounting,['tax planning'],['tax planning'],['accounting'],['accounting']
"education: bachelor's in aerospace engineering experience: 1 years skills: design, aerodynamics, cad, physics, matlab, structural analysis, tableau, tensorflow",aerospace engineer,bachelor's in aerospace engineering,engineering,bachelor's in aerospace engineering,['structural analysis'],['structural analysis'],"['cad', 'aerodynamics', 'matlab']","['cad', 'aerodynamics', 'matlab']"
"education: bachelor's in design experience: 3 years skills: prototyping tools, creativity, android, figma, power bi, ui principles, scrum, design systems",ui designer,bachelor's in design,creative_design,bachelor's in design,"['communication', 'adaptability']","['creativity', 'adaptability', 'communication']",['figma'],['figma']
"education: bachelor's in mechanical engineering experience: 3 years skills: materials, cad, problem solving, thermal systems, ci/cd, typescript, sql, testing",automotive engineer,bachelor's in mechanical engineering,engineering,bachelor's in automotive engineering,"['precision', 'critical thinking']","['precision', 'problem solving', 'critical thinking']","['cad', 'vehicle systems', 'thermal systems']","['cad', 'vehicle systems', 'thermal systems']"
"education: cpa or tax certification experience: 5 years skills: software, accounting, jupyter, tax planning, seo, irs knowledge, cassandra, compliance",tax specialist,accounting or tax certification,economy,bachelor's in accounting,['tax planning'],['tax planning'],"['accounting', 'seo']",['accounting']
"education: bachelor's in economics experience: 0 years skills: statistics, tableau, risk analysis, pandas, financial modeling, python, excel, mongodb",financial analyst,bachelor's in economics,economy,bachelor's in finance,['risk analysis'],['risk analysis'],"['python', 'valuation', 'statistics', 'financial modeling', 'excel']","['python', 'statistics', 'financial modeling', 'excel', 'valuation']"
"education: cpa or tax certification experience: 4 years skills: tax planning, node.js, query optimization, compliance, software, tax law, irs knowledge, accounting",tax specialist,accounting or tax certification,economy,bachelor's in accounting,"['tax planning', 'financial analysis']",['tax planning'],['accounting'],['accounting']
"education: bachelor's in design experience: 1 years skills: android, wireframing, usability testing, network security, prototyping, communication, jenkins, user research",ux designer,bachelor's in design,creative_design,bachelor's in design,"['storytelling', 'adaptability', 'collaboration']","['adaptability', 'storytelling', 'collaboration', 'attention to detail']","['prototyping', 'wireframing']","['prototyping', 'wireframing']"
"education: bachelor's in finance experience: 1 years skills: financial modeling, excel, kotlin, risk analysis, statistics, wireframing, security protocols, valuation",financial analyst,bachelor's in finance,economy,bachelor's in finance,['risk analysis'],['risk analysis'],"['python', 'statistics', 'financial modeling', 'excel', 'valuation']","['python', 'statistics', 'financial modeling', 'excel', 'valuation']"
"education: bachelor's in mechanical engineering experience: 2 years skills: p&l management, mechanical design, typescript, responsive design, technical documentation, problem solving, thermodynamics, cad",mechanical engineer,bachelor's in mechanical engineering,engineering,bachelor's in mechanical engineering,"['time management', 'precision']","['precision', 'teamwork', 'problem solving', 'time management']",['cad'],['cad']
"education: bachelor's in design experience: 4 years skills: django, creativity, web design, figma, responsive design, deep learning, user experience, design tools",web designer,bachelor's in design,creative_design,bachelor's in design,"['storytelling', 'attention to detail']","['storytelling', 'collaboration', 'attention to detail']","['responsive design', 'web design', 'figma']","['responsive design', 'web design']"
"education: bachelor's in finance experience: 1 years skills: valuation, financial modeling, database design, risk analysis, marketing, statistics, excel, python",financial analyst,bachelor's in finance,economy,bachelor's in finance,['risk analysis'],['risk analysis'],"['python', 'statistics', 'financial modeling', 'excel', 'valuation']","['python', 'statistics', 'financial modeling', 'excel', 'valuation']"
"education: bachelor's in mechanical engineering experience: 4 years skills: django, problem solving, mechanical design, seo, physics, technical documentation, thermodynamics, cad",mechanical engineer,bachelor's in mechanical engineering,engineering,bachelor's in mechanical engineering,"['attention to detail', 'time management']","['teamwork', 'time management']",['cad'],['cad']
"education: bachelor's in mechanical engineering experience: 5 years skills: equipment knowledge, production planning, html, quality control, cad, data analysis, process design, cassandra",manufacturing engineer,bachelor's in mechanical engineering,engineering,bachelor's in manufacturing engineering,"['production planning', 'data analysis']",['production planning'],"['process design', 'cad']","['cad', 'process design']"
"education: bachelor's in economics experience: 3 years skills: financial modeling, redis, user interface, valuation, risk analysis, python, excel, statistics",financial analyst,bachelor's in economics,economy,bachelor's in finance,['risk analysis'],['risk analysis'],"['python', 'statistics', 'financial modeling', 'excel', 'valuation']","['python', 'statistics', 'financial modeling', 'excel', 'valuation']"
"education: bachelor's in electronics engineering experience: 1 years skills: microcontrollers, circuit design, pcb design, embedded systems, jenkins, hardware design, android, cad",electronics engineer,bachelor's in electronics engineering,engineering,bachelor's in electronics engineering,"['teamwork', 'problem solving']","['problem solving', 'teamwork', 'precision']","['circuit design', 'pcb design', 'cad', 'embedded systems', 'microcontrollers']","['circuit design', 'pcb design', 'cad', 'embedded systems', 'microcontrollers']"
"education: bachelor's in finance experience: 4 years skills: attention to detail, decision making, budget planning, excel, financial analysis, sales, forecasting, communication",budget analyst,bachelor's in finance,economy,bachelor's in finance,"['budget planning', 'financial analysis']","['budget planning', 'financial analysis']",['excel'],['excel']
"education: bachelor's in communications experience: 3 years skills: relationship building, adaptability, data analysis, php, crm, product knowledge, terraform, negotiation",account executive,bachelor's in communications,economy,bachelor's in business,['data analysis'],"['business acumen', 'strategic thinking', 'data analysis']",['crm'],['crm']
"education: bachelor's in marketing experience: 4 years skills: automation platforms, react native, email campaign management, tensorflow, segmentation, a/b testing, analytics, c#",email marketing specialist,bachelor's in marketing,economy,bachelor's in marketing,"['business acumen', 'strategic thinking']","['business acumen', 'strategic thinking', 'decision making']",['copywriting'],['copywriting']
"education: design certification experience: 4 years skills: tableau, web accessibility, adobe creative suite, visual communication, branding, attention to detail, penetration testing, creativity",graphic designer,design certification,creative_design,bachelor's in graphic design,"['storytelling', 'communication', 'attention to detail']","['communication', 'storytelling', 'attention to detail']",['adobe creative suite'],['adobe creative suite']
"education: bachelor's in marketing experience: 3 years skills: confluence, content creation, social media strategy, platform knowledge, community management, vue.js, strategic planning, analytics",social media manager,bachelor's in marketing,economy,bachelor's in marketing,"['communication', 'negotiation']","['negotiation', 'communication']",['copywriting'],['copywriting']
"education: cpa or tax certification experience: 2 years skills: irs knowledge, tax law, tax planning, compliance, communication, accounting, mysql, business acumen",tax specialist,accounting or tax certification,economy,bachelor's in accounting,"['tax planning', 'business acumen']",['tax planning'],['accounting'],['accounting']
"education: bachelor's in civil engineering experience: 3 years skills: autocad, project management, building codes, cad, business acumen, c#, structural analysis, firewalls",civil engineer,bachelor's in civil engineering,engineering,bachelor's in civil engineering,"['business acumen', 'structural analysis']",['structural analysis'],"['autocad', 'cad', 'building codes']","['autocad', 'building codes', 'cad']"
"education: bachelor's in marketing experience: 2 years skills: a/b testing, ansible, email campaign management, analytics, user interface, segmentation, copywriting, automation platforms",email marketing specialist,bachelor's in marketing,economy,bachelor's in marketing,"['communication', 'planning']","['business acumen', 'planning', 'decision making']",['copywriting'],['copywriting']
"education: bachelor's in business experience: 3 years skills: relationship building, sales, account management, negotiation, strategic planning, product knowledge, crm, graphql",account executive,bachelor's in business,economy,bachelor's in business,['financial analysis'],"['financial analysis', 'communication']",['crm'],['crm']
"education: bachelor's in automotive engineering experience: 2 years skills: materials, c++, testing, vehicle systems, problem solving, cloudformation, thermal systems, cad",automotive engineer,bachelor's in automotive engineering,engineering,bachelor's in automotive engineering,"['precision', 'teamwork']","['precision', 'teamwork', 'critical thinking']","['cad', 'thermal systems', 'vehicle systems']","['cad', 'vehicle systems', 'thermal systems']"
"education: seo certification experience: 1 years skills: backlink strategy, content optimization, technical seo, market research, analytics, query optimization, html, keyword research",seo specialist,seo certification,economy,bachelor's in marketing,"['strategic thinking', 'business acumen']","['strategic thinking', 'planning']",['seo'],['seo']
"education: bachelor's in finance experience: 1 years skills: excel, research, valuation, android, m&a, rust, communication, financial modeling",investment banking analyst,bachelor's in finance,economy,bachelor's in finance,"['strategic thinking', 'communication', 'decision making']","['business acumen', 'decision making', 'communication']","['financial modeling', 'excel', 'valuation']","['financial modeling', 'excel', 'valuation']"
"education: bachelor's in marketing experience: 0 years skills: ci/cd, keyword research, seo, content optimization, technical seo, kanban, network security, analytics",seo specialist,bachelor's in marketing,economy,bachelor's in marketing,"['communication', 'business acumen', 'decision making']","['business acumen', 'planning', 'decision making', 'communication']",['seo'],['seo']
"education: bachelor's in graphic design experience: 3 years skills: creativity, python, branding, budget management, gcp, terraform, design software, adobe creative suite",graphic designer,bachelor's in graphic design,creative_design,bachelor's in graphic design,"['adaptability', 'attention to detail', 'storytelling']","['adaptability', 'storytelling', 'collaboration']",['adobe creative suite'],['adobe creative suite']
"education: bachelor's in civil engineering experience: 4 years skills: app testing, project management, structural analysis, building codes, technical design, cad, autocad, postgresql",civil engineer,bachelor's in civil engineering,engineering,bachelor's in civil engineering,['structural analysis'],['structural analysis'],"['autocad', 'cad', 'building codes']","['autocad', 'building codes', 'cad']"
"education: bachelor's in civil engineering experience: 5 years skills: ansible, calculations, design, cad, building codes, structural analysis, materials, numpy",structural engineer,bachelor's in civil engineering,engineering,bachelor's in civil engineering,['structural analysis'],['structural analysis'],"['cad', 'building codes']","['cad', 'building codes']"
"education: bachelor's in automotive engineering experience: 2 years skills: problem solving, adobe creative suite, jenkins, materials, creativity, cad, go, vehicle systems",automotive engineer,bachelor's in automotive engineering,engineering,bachelor's in automotive engineering,"['time management', 'attention to detail']","['critical thinking', 'time management']","['cad', 'vehicle systems', 'thermal systems']","['cad', 'vehicle systems', 'thermal systems']"
"education: bachelor's in civil engineering experience: 4 years skills: structural analysis, technical writing, materials, calculations, design, building codes, go, cad",structural engineer,bachelor's in civil engineering,engineering,bachelor's in civil engineering,['structural analysis'],['structural analysis'],"['cad', 'building codes']","['cad', 'building codes']"
"education: bachelor's in finance experience: 3 years skills: marketing, aws, risk analysis, kotlin, excel, python, flutter, financial modeling",financial analyst,bachelor's in finance,economy,bachelor's in finance,['risk analysis'],['risk analysis'],"['python', 'statistics', 'financial modeling', 'excel', 'valuation']","['python', 'statistics', 'financial modeling', 'excel', 'valuation']"
"education: bachelor's in design experience: 3 years skills: redis, design thinking, prototyping, numpy, communication, usability testing, jupyter, user research",ux designer,bachelor's in design,creative_design,bachelor's in design,"['storytelling', 'communication']","['attention to detail', 'storytelling', 'communication']","['prototyping', 'wireframing']","['prototyping', 'wireframing']"
"education: cpa or equivalent experience: 3 years skills: pandas, financial analysis, tax knowledge, accounting principles, microservices, gaap, excel, quickbooks",accountant,accounting or equivalent,economy,bachelor's in accounting,['financial analysis'],['financial analysis'],['excel'],['excel']
"education: certification experience: 4 years skills: creativity, rendering, negotiation, technical writing, prototyping, 3d modeling, software skills, texturing",3d artist,certification,creative_design,bachelor's in 3d art,"['communication', 'creativity']","['creativity', 'storytelling']","['rendering', 'prototyping', 'texturing', '3d modeling']","['3d modeling', 'rendering', 'texturing']"
"education: bachelor's in mechanical engineering experience: 3 years skills: thermodynamics, technical documentation, kubernetes, flutter, cad, physics, mechanical design, problem solving",mechanical engineer,bachelor's in mechanical engineering,engineering,bachelor's in mechanical engineering,"['attention to detail', 'precision', 'critical thinking']","['precision', 'problem solving', 'critical thinking', 'attention to detail']",['cad'],['cad']
"education: bachelor's in marketing experience: 4 years skills: communication, campaign management, budget management, brand strategy, analytics, leadership, presentation skills, user interface",marketing manager,bachelor's in marketing,economy,bachelor's in marketing,"['decision making', 'planning']","['strategic thinking', 'planning', 'negotiation']","['brand strategy', 'campaign management']","['campaign management', 'brand strategy']"
"education: web design certification experience: 0 years skills: marketing, user experience, design tools, graphql, creativity, web design, html/css, jupyter",web designer,web design certification,creative_design,bachelor's in design,"['adaptability', 'attention to detail', 'collaboration']","['adaptability', 'collaboration']","['responsive design', 'web design']","['responsive design', 'web design']"
"education: certification experience: 0 years skills: ios, rendering, software skills, figma, 3d modeling, creativity, problem solving, texturing",3d artist,certification,creative_design,bachelor's in 3d art,"['creativity', 'communication']","['creativity', 'collaboration', 'communication']","['rendering', 'texturing', '3d modeling', 'figma']","['3d modeling', 'rendering', 'texturing']"
"education: bachelor's in marketing experience: 2 years skills: campaign management, node.js, messaging, analytics, java, shell scripting, product strategy, market research",product marketing manager,bachelor's in marketing,economy,bachelor's in marketing,"['business acumen', 'decision making']","['business acumen', 'planning']",['campaign management'],['campaign management']
"education: bachelor's in electronics engineering experience: 4 years skills: c/c++, css, kubernetes, low-level programming, embedded linux, hardware, real-time systems, microcontrollers",embedded systems engineer,bachelor's in electronics engineering,engineering,bachelor's in electronics engineering,"['problem solving', 'precision']","['problem solving', 'teamwork', 'attention to detail']",['microcontrollers'],['microcontrollers']
"education: bachelor's in mechanical engineering experience: 4 years skills: thermal systems, ruby, materials, jenkins, vehicle systems, p&l management, cad, testing",automotive engineer,bachelor's in mechanical engineering,engineering,bachelor's in automotive engineering,"['teamwork', 'critical thinking', 'precision']","['precision', 'teamwork', 'problem solving']","['cad', 'thermal systems', 'vehicle systems']","['cad', 'vehicle systems', 'thermal systems']"
"education: bachelor's in manufacturing engineering experience: 5 years skills: strategic planning, production planning, firewalls, quality control, problem solving, cad, equipment knowledge, process design",manufacturing engineer,bachelor's in manufacturing engineering,engineering,bachelor's in manufacturing engineering,['production planning'],['production planning'],"['process design', 'cad']","['cad', 'process design']"
"education: bachelor's in marketing experience: 1 years skills: platform knowledge, data analysis, compliance, analytics, copywriting, scala, social media strategy, content creation",social media manager,bachelor's in marketing,economy,bachelor's in marketing,['data analysis'],"['decision making', 'data analysis']",['copywriting'],['copywriting']
"education: bachelor's in mechanical engineering experience: 3 years skills: physics, documentation, cad, graphic design, mechanical design, php, strategic planning, problem solving",mechanical engineer,bachelor's in mechanical engineering,engineering,bachelor's in mechanical engineering,"['precision', 'teamwork', 'time management']","['precision', 'teamwork', 'problem solving']",['cad'],['cad']
"education: bachelor's in chemical engineering experience: 3 years skills: thermochemistry, laboratory skills, data analysis, scikit-learn, deep learning, react, safety, pytorch",chemical engineer,bachelor's in chemical engineering,engineering,bachelor's in chemical engineering,['data analysis'],['data analysis'],['process design'],['process design']
"education: bachelor's in accounting experience: 6 years skills: risk assessment, sales, internal controls, css, compliance, audit procedures, leadership, communication",audit manager,bachelor's in accounting,economy,bachelor's in accounting,"['planning', 'negotiation', 'business acumen']","['business acumen', 'planning']",['audit procedures'],['audit procedures']
"education: bachelor's in mechanical engineering experience: 4 years skills: azure, physics, mongodb, cad, problem solving, thermodynamics, sql, mechanical design",mechanical engineer,bachelor's in mechanical engineering,engineering,bachelor's in mechanical engineering,"['critical thinking', 'time management']","['precision', 'critical thinking', 'time management']",['cad'],['cad']
"education: bachelor's in civil engineering experience: 5 years skills: materials, design, redis, calculations, structural analysis, negotiation, scikit-learn, cad",structural engineer,bachelor's in civil engineering,engineering,bachelor's in civil engineering,['structural analysis'],['structural analysis'],"['cad', 'building codes']","['cad', 'building codes']"
"education: bachelor's in accounting experience: 5 years skills: business acumen, communication, audit procedures, internal controls, azure, leadership, shell scripting, adaptability",audit manager,bachelor's in accounting,economy,bachelor's in accounting,['business acumen'],"['business acumen', 'negotiation']",['audit procedures'],['audit procedures']
"education: bachelor's in 3d art experience: 0 years skills: kanban, rendering, 3d modeling, problem solving, react native, mysql, software skills, texturing",3d artist,bachelor's in 3d art,creative_design,bachelor's in 3d art,"['adaptability', 'attention to detail']","['creativity', 'adaptability', 'attention to detail']","['rendering', 'texturing', '3d modeling']","['3d modeling', 'rendering', 'texturing']"
"education: bachelor's in aerospace engineering experience: 5 years skills: kotlin, matlab, javascript, design, structural analysis, physics, aerodynamics, aws",aerospace engineer,bachelor's in aerospace engineering,engineering,bachelor's in aerospace engineering,['structural analysis'],['structural analysis'],"['cad', 'aerodynamics', 'matlab']","['cad', 'aerodynamics', 'matlab']"
"education: bachelor's in marketing experience: 4 years skills: writing, postgresql, project management, content strategy, research, jira, analytics, seo",content marketing manager,bachelor's in marketing,economy,bachelor's in marketing,"['decision making', 'negotiation']","['strategic thinking', 'decision making', 'negotiation']",['seo'],['seo']
"education: certification experience: 2 years skills: texturing, graphql, software skills, presentation skills, creativity, 3d modeling, problem solving, rendering",3d artist,certification,creative_design,bachelor's in 3d art,"['collaboration', 'adaptability']","['storytelling', 'collaboration']","['rendering', 'texturing', '3d modeling']","['3d modeling', 'rendering', 'texturing']"
"education: bachelor's in marketing experience: 4 years skills: project management, writing, node.js, seo, graphql, python, content strategy, jenkins",content marketing manager,bachelor's in marketing,economy,bachelor's in marketing,"['decision making', 'planning', 'communication']","['strategic thinking', 'decision making', 'communication']","['python', 'seo']",['seo']
"education: bachelor's in chemical engineering experience: 5 years skills: mongodb, process design, safety, data analysis, laboratory skills, thermochemistry, adaptability, chemical processes",chemical engineer,bachelor's in chemical engineering,engineering,bachelor's in chemical engineering,['data analysis'],['data analysis'],['process design'],['process design']
"education: bachelor's in aerospace engineering experience: 4 years skills: matlab, physics, marketing, structural analysis, rest api, design, sql, critical thinking",aerospace engineer,bachelor's in aerospace engineering,engineering,bachelor's in aerospace engineering,['structural analysis'],['structural analysis'],"['cad', 'aerodynamics', 'matlab']","['cad', 'aerodynamics', 'matlab']"
"education: bachelor's in design experience: 0 years skills: rest api, html/css, jenkins, react native, docker, design tools, web design, user experience",web designer,bachelor's in design,creative_design,bachelor's in design,"['collaboration', 'creativity', 'communication']","['attention to detail', 'collaboration', 'communication']","['responsive design', 'web design']","['responsive design', 'web design']"
"education: bachelor's in marketing experience: 0 years skills: automation platforms, email campaign management, a/b testing, technical writing, segmentation, project management, c++, copywriting",email marketing specialist,bachelor's in marketing,economy,bachelor's in marketing,"['negotiation', 'planning', 'business acumen']","['planning', 'decision making', 'negotiation']",['copywriting'],['copywriting']
"education: bachelor's in marketing experience: 3 years skills: react native, cloudformation, seo, analytics, keyword research, backlink strategy, vue.js, content optimization",seo specialist,bachelor's in marketing,economy,bachelor's in marketing,"['business acumen', 'strategic thinking', 'communication']","['business acumen', 'planning', 'communication']",['seo'],['seo']
"education: bachelor's in marketing experience: 2 years skills: messaging, kanban, market research, positioning, redis, product strategy, security protocols, analytics",product marketing manager,bachelor's in marketing,economy,bachelor's in marketing,"['negotiation', 'strategic thinking']","['business acumen', 'strategic thinking']",['campaign management'],['campaign management']
"education: bachelor's in mechanical engineering experience: 5 years skills: tableau, thermal systems, cad, testing, encryption, mysql, vehicle systems, sql",automotive engineer,bachelor's in mechanical engineering,engineering,bachelor's in automotive engineering,"['precision', 'critical thinking']","['precision', 'teamwork', 'critical thinking', 'attention to detail']","['cad', 'vehicle systems', 'thermal systems']","['cad', 'vehicle systems', 'thermal systems']"
"education: bachelor's in business experience: 3 years skills: risk assessment, product knowledge, leadership, account management, relationship building, sales, negotiation, terraform",account executive,bachelor's in business,economy,bachelor's in business,"['business acumen', 'decision making']","['business acumen', 'planning', 'communication']",['crm'],['crm']
"education: bachelor's in business experience: 2 years skills: presentation skills, analytics, leadership, sales, budget management, campaign management, brand strategy, communication",marketing manager,bachelor's in business,economy,bachelor's in marketing,"['business acumen', 'negotiation']","['communication', 'negotiation']","['brand strategy', 'campaign management']","['campaign management', 'brand strategy']"
"education: bachelor's in chemical engineering experience: 3 years skills: data analysis, safety, business acumen, thermochemistry, graphql, chemical processes, process design, laboratory skills",chemical engineer,bachelor's in chemical engineering,engineering,bachelor's in chemical engineering,"['business acumen', 'data analysis']",['data analysis'],['process design'],['process design']
"education: cpa or equivalent experience: 3 years skills: query optimization, excel, gaap, presentation skills, tax knowledge, accounting principles, financial analysis, graphql",accountant,accounting or equivalent,economy,bachelor's in accounting,['financial analysis'],['financial analysis'],['excel'],['excel']
"education: web design certification experience: 1 years skills: creativity, node.js, web design, responsive design, user experience, design tools, html/css, perl",web designer,web design certification,creative_design,bachelor's in design,"['creativity', 'adaptability', 'storytelling']","['attention to detail', 'storytelling', 'communication']","['responsive design', 'web design']","['responsive design', 'web design']"
"education: bachelor's in electronics engineering experience: 3 years skills: prototyping, circuit design, hardware design, javascript, embedded systems, pcb design, ansible, cad",electronics engineer,bachelor's in electronics engineering,engineering,bachelor's in electronics engineering,"['critical thinking', 'attention to detail']","['precision', 'critical thinking', 'attention to detail']","['circuit design', 'pcb design', 'cad', 'embedded systems', 'microcontrollers']","['circuit design', 'pcb design', 'cad', 'embedded systems', 'microcontrollers']"
"education: bachelor's in electronics engineering experience: 3 years skills: scala, c/c++, real-time systems, budget management, low-level programming, redis, business development, microcontrollers",embedded systems engineer,bachelor's in electronics engineering,engineering,bachelor's in electronics engineering,"['time management', 'precision']","['teamwork', 'time management', 'attention to detail']",['microcontrollers'],['microcontrollers']
"education: bachelor's in marketing experience: 0 years skills: communication, negotiation, selling, product knowledge, critical thinking, client relationships, crm, typescript",sales executive,bachelor's in marketing,economy,bachelor's in business,"['business acumen', 'strategic thinking', 'planning']","['business acumen', 'decision making', 'negotiation']",['crm'],['crm']
"education: bachelor's in marketing experience: 1 years skills: machine learning, product strategy, messaging, postgresql, encryption, market research, analytics, campaign management",product marketing manager,bachelor's in marketing,economy,bachelor's in marketing,"['negotiation', 'strategic thinking', 'decision making']","['strategic thinking', 'planning', 'decision making']",['campaign management'],['campaign management']
"education: cpa or equivalent experience: 3 years skills: tax knowledge, financial analysis, quickbooks, accounting principles, gaap, marketing, excel, confluence",accountant,accounting or equivalent,economy,bachelor's in accounting,['financial analysis'],['financial analysis'],['excel'],['excel']
"education: bachelor's in design experience: 1 years skills: user experience, rust, security architecture, design tools, html/css, responsive design, web accessibility, creativity",web designer,bachelor's in design,creative_design,bachelor's in design,"['adaptability', 'collaboration']","['adaptability', 'storytelling', 'collaboration']","['responsive design', 'web design']","['responsive design', 'web design']"
"education: bachelor's in marketing experience: 3 years skills: leadership, aws, c#, a/b testing, copywriting, automation platforms, html, email campaign management",email marketing specialist,bachelor's in marketing,economy,bachelor's in marketing,"['decision making', 'communication', 'planning']","['strategic thinking', 'planning', 'decision making']",['copywriting'],['copywriting']
"education: engineering license experience: 4 years skills: web design, negotiation, electrical systems, sql, regulatory knowledge, problem solving, graphic design, oracle",electrical utilities manager,engineering license,engineering,bachelor's in electrical engineering,"['critical thinking', 'attention to detail']","['teamwork', 'critical thinking']",['electrical systems'],['electrical systems']
"education: certification experience: 2 years skills: problem solving, texturing, creativity, rendering, software skills, mysql, encryption, 3d modeling",3d artist,certification,creative_design,bachelor's in 3d art,"['storytelling', 'adaptability', 'attention to detail']","['adaptability', 'collaboration']","['rendering', 'texturing', '3d modeling']","['3d modeling', 'rendering', 'texturing']"
"education: bachelor's in graphic design experience: 4 years skills: branding, creativity, visual communication, jenkins, attention to detail, web accessibility, design software, adobe creative suite",graphic designer,bachelor's in graphic design,creative_design,bachelor's in graphic design,"['adaptability', 'collaboration']","['adaptability', 'attention to detail', 'collaboration', 'communication']",['adobe creative suite'],['adobe creative suite']
"education: bachelor's in communications experience: 4 years skills: wireframing, rest api, project management, seo, content strategy, research, writing, c#",content marketing manager,bachelor's in communications,economy,bachelor's in marketing,"['decision making', 'strategic thinking', 'planning']","['strategic thinking', 'communication']",['seo'],['seo']
"education: bachelor's in marketing experience: 5 years skills: project management, research, seo, kubernetes, content strategy, communication, writing, analytics",content marketing manager,bachelor's in marketing,economy,bachelor's in marketing,"['communication', 'business acumen', 'negotiation']","['business acumen', 'strategic thinking', 'planning', 'communication']",['seo'],['seo']
"education: bachelor's in accounting experience: 0 years skills: excel, attention to detail, swift, user interface, forecasting, budget planning, angular, communication",budget analyst,bachelor's in accounting,economy,bachelor's in finance,"['budget planning', 'financial analysis']","['budget planning', 'financial analysis']",['excel'],['excel']
"education: bachelor's in sales experience: 5 years skills: sales strategy, crm, firewalls, team leadership, project management, negotiation, target setting, communication",sales manager,bachelor's in sales,economy,bachelor's in business,"['decision making', 'communication']","['business acumen', 'strategic thinking', 'communication']",['crm'],['crm']
"education: bachelor's in marketing experience: 1 years skills: shell scripting, segmentation, p&l management, automation platforms, a/b testing, tableau, email campaign management, analytics",email marketing specialist,bachelor's in marketing,economy,bachelor's in marketing,"['negotiation', 'business acumen']","['business acumen', 'planning', 'decision making', 'negotiation']",['copywriting'],['copywriting']
"education: ux certification experience: 1 years skills: deep learning, communication, prototyping, design thinking, scrum, ruby, financial analysis, wireframing",ux designer,ux certification,creative_design,bachelor's in design,['financial analysis'],"['financial analysis', 'adaptability']","['prototyping', 'wireframing']","['prototyping', 'wireframing']"
"education: bachelor's in accounting experience: 7 years skills: communication, html, audit procedures, financial analysis, leadership, marketing, compliance, risk assessment",audit manager,bachelor's in accounting,economy,bachelor's in accounting,['financial analysis'],"['financial analysis', 'communication']",['audit procedures'],['audit procedures']
"education: bachelor's in accounting experience: 1 years skills: redis, compliance, tax planning, tax law, database design, accounting, irs knowledge, software",tax specialist,bachelor's in accounting,economy,bachelor's in accounting,['tax planning'],['tax planning'],['accounting'],['accounting']
"education: bachelor's in economics experience: 0 years skills: excel, risk analysis, financial modeling, statistics, penetration testing, valuation, python, vue.js",financial analyst,bachelor's in economics,economy,bachelor's in finance,['risk analysis'],['risk analysis'],"['python', 'statistics', 'financial modeling', 'excel', 'valuation']","['python', 'statistics', 'financial modeling', 'excel', 'valuation']"
"education: bachelor's in accounting experience: 6 years skills: compliance, communication, ios, audit procedures, risk assessment, kubernetes, internal controls, leadership",audit manager,bachelor's in accounting,economy,bachelor's in accounting,"['business acumen', 'decision making']","['business acumen', 'strategic thinking', 'decision making', 'negotiation']",['audit procedures'],['audit procedures']
"education: bachelor's in economics experience: 0 years skills: risk analysis, excel, financial modeling, statistics, figma, valuation, seo, python",financial analyst,bachelor's in economics,economy,bachelor's in finance,['risk analysis'],['risk analysis'],"['python', 'statistics', 'financial modeling', 'seo', 'excel', 'valuation']","['python', 'statistics', 'financial modeling', 'excel', 'valuation']"
